Name,Sex,Event,Equipment,Age,AgeClass,BirthYearClass,Division,BodyweightKg,WeightClassKg,Squat1Kg,Squat2Kg,Squat3Kg,Squat4Kg,Best3SquatKg,Bench1Kg,Bench2Kg,Bench3Kg,Bench4Kg,Best3BenchKg,Deadlift1Kg,Deadlift2Kg,Deadlift3Kg,Deadlift4Kg,Best3DeadliftKg,TotalKg,Place,Dots,Wilks,Glossbrenner,Goodlift,Tested,Country,State,Federation,ParentFederation,Date,MeetCountry,MeetState,MeetTown,MeetName,Sanctioned,Year
Iurii Aydın,M,SBD,Raw,16.5,16-17,14-18,Open,88.25,93,190,202.5,210,NA,210,112.5,120,-125,NA,120,250,267.5,-277.5,NA,267.5,597.5,18,390.24,385.35,369.64,80.21,Yes,Turkey,NA,IPF,IPF,2025-07-16,Turkey,NA,Istanbul,World University Powerlifting Cup,Yes,2025
Ahmet Yiğit Yılmaz,M,SBD,Raw,18,18-19,14-18,Open,65.55,66,135,150,-167.5,NA,150,140,145,150,NA,150,180,187.5,192.5,NA,192.5,492.5,11,387.86,388.9,378.02,77.05,Yes,Turkey,NA,IPF,IPF,2025-07-16,Turkey,NA,Istanbul,World University Powerlifting Cup,Yes,2025
Arif Mohammad Sudais,M,SBD,Raw,18.5,18-19,19-23,Open,65.3,66,127.5,137.5,-145,NA,137.5,105,107.5,-115,NA,107.5,160,175,185,NA,185,430,12,339.6,340.62,331.16,67.41,Yes,Qatar,NA,IPF,IPF,2025-07-16,Turkey,NA,Istanbul,World University Powerlifting Cup,Yes,2025
Serhat Erken,M,SBD,Raw,19,18-19,19-23,Open,72.95,74,222.5,235,240,NA,240,132.5,142.5,147.5,NA,147.5,-285,-297.5,307.5,NA,307.5,695,3,507.67,505.07,488.6,102.79,Yes,Turkey,NA,IPF,IPF,2025-07-16,Turkey,NA,Istanbul,World University Powerlifting Cup,Yes,2025
Ülfet Erdem Yıldırıcı,M,SBD,Raw,19,18-19,19-23,Open,128.65,120+,195,210,217.5,NA,217.5,140,-147.5,-147.5,NA,140,195,210,220,NA,220,577.5,4,324.39,327.25,312.8,65.16,Yes,Turkey,NA,IPF,IPF,2025-07-16,Turkey,NA,Istanbul,World University Powerlifting Cup,Yes,2025
Sean Beatty,M,SBD,Raw,20,20-23,19-23,Open,81.6,83,225,237.5,-242.5,NA,237.5,127.5,135,140,NA,140,240,250,-262.5,NA,250,627.5,17,427.73,423.16,407.37,87.61,Yes,Ireland,NA,IPF,IPF,2025-07-16,Turkey,NA,Istanbul,World University Powerlifting Cup,Yes,2025
Angel Radev,M,SBD,Raw,20.5,20-23,19-23,Open,81.4,83,182.5,195,-200,NA,195,125,135,140,NA,140,215,232.5,-237.5,NA,232.5,567.5,21,387.38,383.28,369.01,79.34,Yes,Bulgaria,NA,IPF,IPF,2025-07-16,Turkey,NA,Istanbul,World University Powerlifting Cup,Yes,2025
Charalampos Chatzigeorgiou,M,SBD,Raw,21,20-23,19-23,Open,92.1,93,230,-242.5,-245,NA,230,127.5,135,140,NA,140,260,277.5,-290,NA,277.5,647.5,15,413.92,408.65,391.27,85.11,Yes,Greece,NA,IPF,IPF,2025-07-16,Turkey,NA,Istanbul,World University Powerlifting Cup,Yes,2025
Konstantinos Gerogiannis,M,SBD,Raw,21,20-23,19-23,Open,102.5,105,230,242.5,-247.5,NA,242.5,135,-140,-140,NA,135,235,247.5,-255,NA,247.5,625,12,380.68,376.75,359.75,78.04,Yes,Greece,NA,IPF,IPF,2025-07-16,Turkey,NA,Istanbul,World University Powerlifting Cup,Yes,2025
Stavros Vavougyios,M,SBD,Raw,21,20-23,19-23,Open,81.9,83,205,215,222.5,NA,222.5,127.5,132.5,-137.5,NA,132.5,230,245,255,NA,255,610,18,414.93,410.44,395.06,85.01,Yes,Greece,NA,IPF,IPF,2025-07-16,Turkey,NA,Istanbul,World University Powerlifting Cup,Yes,2025
Koki Kawakami,M,SBD,Raw,21.5,20-23,19-23,Open,72.6,74,215,-227.5,227.5,NA,227.5,155,162.5,171.5,NA,171.5,220,-230,-247.5,NA,220,619,7,453.6,451.41,436.78,91.78,Yes,Japan,NA,IPF,IPF,2025-07-16,Turkey,NA,Istanbul,World University Powerlifting Cup,Yes,2025
Ndibe William,M,SBD,Raw,21.5,20-23,19-23,Open,117.9,120,277.5,292.5,302.5,NA,302.5,162.5,-172.5,172.5,NA,172.5,305,324,-345.5,NA,324,799,2,461.61,461.31,441.92,93.6,Yes,UK,NA,IPF,IPF,2025-07-16,Turkey,NA,Istanbul,World University Powerlifting Cup,Yes,2025
Nikos Christoforidis,M,SBD,Raw,21.5,20-23,19-23,Open,80.8,83,175,190,-200,NA,190,132.5,140,142.5,NA,142.5,222.5,242.5,252.5,NA,252.5,585,19,401.04,396.9,382.26,82.09,Yes,Greece,NA,IPF,IPF,2025-07-16,Turkey,NA,Istanbul,World University Powerlifting Cup,Yes,2025
Ufuk Karaçalı,M,SBD,Raw,22,20-23,19-23,Open,91.95,93,180,190,200,NA,200,117.5,125,130,NA,130,200,217.5,230,NA,230,560,20,358.27,353.71,338.69,73.67,Yes,Turkey,NA,IPF,IPF,2025-07-16,Turkey,NA,Istanbul,World University Powerlifting Cup,Yes,2025
Konstantinos Lydakis,M,SBD,Raw,21.5,20-23,19-23,Open,73.45,74,207.5,215,220,NA,220,135,-142.5,142.5,NA,142.5,222.5,235,247.5,NA,247.5,610,8,443.58,441.12,426.61,89.9,Yes,Greece,NA,IPF,IPF,2025-07-16,Turkey,NA,Istanbul,World University Powerlifting Cup,Yes,2025
Andreas Vasilakis,M,SBD,Raw,22,20-23,19-23,Open,73.4,74,207.5,215,217.5,NA,217.5,137.5,145,-147.5,NA,145,220,235,-245,NA,235,597.5,11,434.69,432.29,418.08,88.09,Yes,Greece,NA,IPF,IPF,2025-07-16,Turkey,NA,Istanbul,World University Powerlifting Cup,Yes,2025
Alican Atalay,M,SBD,Raw,23,20-23,19-23,Open,103.25,105,205,220,230,NA,230,135,142.5,-145,NA,142.5,220,247.5,260,NA,260,632.5,11,384.08,380.24,363.07,78.71,Yes,Turkey,NA,IPF,IPF,2025-07-16,Turkey,NA,Istanbul,World University Powerlifting Cup,Yes,2025
Nicolas Koh Jun Hong,M,SBD,Raw,22.5,20-23,19-23,Open,65.9,66,192.5,202.5,-207.5,NA,202.5,95,100,-102.5,NA,100,195,-200,-205,NA,195,497.5,10,390.24,391.12,380.08,77.61,Yes,Singapore,NA,IPF,IPF,2025-07-16,Turkey,NA,Istanbul,World University Powerlifting Cup,Yes,2025
Javier Loy Hung Yu,M,SBD,Raw,22.5,20-23,19-23,Open,90.5,93,225,237.5,-245,NA,237.5,142.5,-150,150,NA,150,240,257.5,-262.5,NA,257.5,645,16,415.9,410.61,393.44,85.51,Yes,Singapore,NA,IPF,IPF,2025-07-16,Turkey,NA,Istanbul,World University Powerlifting Cup,Yes,2025
Jovier Chong,M,SBD,Raw,22.5,20-23,19-23,Open,73.95,74,180,190,197.5,NA,197.5,120,127.5,-132.5,NA,127.5,195,207.5,215,NA,215,540,14,390.94,388.62,375.72,79.31,Yes,Singapore,NA,IPF,IPF,2025-07-16,Turkey,NA,Istanbul,World University Powerlifting Cup,Yes,2025
Masaya Komori,M,SBD,Raw,22.5,20-23,19-23,Open,102.85,105,205,-225,230,NA,230,130,-140,-140,NA,130,200,225,-240,NA,225,585,14,355.81,352.19,336.29,72.93,Yes,Japan,NA,IPF,IPF,2025-07-16,Turkey,NA,Istanbul,World University Powerlifting Cup,Yes,2025
Kai Bing Koh,M,SBD,Raw,24,24-34,24-39,Open,104.7,105,255,272.5,-282.5,NA,272.5,180,-187.5,187.5,NA,187.5,290,307.5,335,NA,335,795,3,480.02,475.53,454.08,98.28,Yes,Singapore,NA,IPF,IPF,2025-07-16,Turkey,NA,Istanbul,World University Powerlifting Cup,Yes,2025
Mert Demirbağ,M,SBD,Raw,24,24-34,24-39,Open,82,83,225,237.5,242.5,NA,242.5,142.5,152.5,157.5,NA,157.5,285,305,317.5,NA,317.5,717.5,3,487.71,482.42,464.31,99.93,Yes,Turkey,NA,IPF,IPF,2025-07-16,Turkey,NA,Istanbul,World University Powerlifting Cup,Yes,2025
Jens De Maeseneer,M,SBD,Raw,23,20-23,24-39,Open,103.6,105,220,235,-240,NA,235,-165,165,172.5,NA,172.5,260,270,-275,NA,270,677.5,9,410.84,406.79,388.42,84.17,Yes,Belgium,NA,IPF,IPF,2025-07-16,Turkey,NA,Istanbul,World University Powerlifting Cup,Yes,2025
Selcuk Seckin,M,SBD,Raw,23.5,24-34,24-39,Open,82.7,83,210,-222.5,222.5,NA,222.5,160,170,-177.5,NA,170,260,280,295,NA,295,687.5,6,465.07,459.89,442.46,95.34,Yes,Turkey,NA,IPF,IPF,2025-07-16,Turkey,NA,Istanbul,World University Powerlifting Cup,Yes,2025
Gökberk Mehmet Kamil,M,SBD,Raw,23.5,24-34,24-39,Open,103.85,105,195,207.5,215,NA,215,140,150,152.5,NA,152.5,215,235,247.5,NA,247.5,615,13,372.57,368.94,352.28,76.32,Yes,Turkey,NA,IPF,IPF,2025-07-16,Turkey,NA,Istanbul,World University Powerlifting Cup,Yes,2025
Keiji Chew Phang Yu,M,SBD,Raw,23.5,24-34,24-39,Open,72.6,74,175,185,192.5,NA,192.5,105,110,115,NA,115,190,202.5,215,NA,215,522.5,15,382.88,381.04,368.69,77.47,Yes,Singapore,NA,IPF,IPF,2025-07-16,Turkey,NA,Istanbul,World University Powerlifting Cup,Yes,2025
Aloy Junior Uchenna Iwunze,M,SBD,Raw,23.5,24-34,24-39,Open,103.8,105,285,300,308.5,NA,308.5,172.5,180,182.5,NA,182.5,325,348.5,361.5,NA,361.5,852.5,1,516.55,511.51,488.41,105.82,Yes,Netherlands,NA,IPF,IPF,2025-07-16,Turkey,NA,Istanbul,World University Powerlifting Cup,Yes,2025
Salman Balbahith,M,SBD,Raw,23.5,24-34,24-39,Open,70.5,74,-175,175,-177.5,NA,175,90,100,-105,NA,100,182.5,192.5,-197.5,NA,192.5,467.5,16,349.44,348.45,337.58,70.39,Yes,UAE,NA,IPF,IPF,2025-07-16,Turkey,NA,Istanbul,World University Powerlifting Cup,Yes,2025
Arman Gukasian,M,SBD,Raw,23.5,24-34,24-39,Open,65.35,66,185,192.5,197.5,NA,197.5,125,-127.5,127.5,NA,127.5,262.5,271.5,-281.5,NA,271.5,596.5,6,470.83,472.22,459.08,93.47,Yes,NA,NA,IPF,IPF,2025-07-16,Turkey,NA,Istanbul,World University Powerlifting Cup,Yes,2025
Wen Kai Quek,M,SBD,Raw,24.5,24-34,24-39,Open,91.8,93,180,190,200,NA,200,120,125,130,NA,130,200,220,-232.5,NA,220,550,21,352.15,347.67,332.93,72.41,Yes,Singapore,NA,IPF,IPF,2025-07-16,Turkey,NA,Istanbul,World University Powerlifting Cup,Yes,2025
Nathan Ho Li Rui,M,SBD,Raw,24,24-34,24-39,Open,65.55,66,220,228,-233,NA,228,115,120,122.5,NA,122.5,240,255,262.5,NA,262.5,613,2,482.75,484.05,470.51,95.9,Yes,Singapore,NA,IPF,IPF,2025-07-16,Turkey,NA,Istanbul,World University Powerlifting Cup,Yes,2025
Farain Lau,M,SBD,Raw,25,24-34,24-39,Open,72.95,74,205,215,220,NA,220,132.5,137.5,142.5,NA,142.5,225,245,-257.5,NA,245,607.5,9,443.75,441.48,427.08,89.85,Yes,Singapore,NA,IPF,IPF,2025-07-16,Turkey,NA,Istanbul,World University Powerlifting Cup,Yes,2025
Andrew Ryan #1,M,SBD,Raw,24.5,24-34,24-39,Open,119,120,240,255,265,NA,265,155,162.5,167.5,NA,167.5,250,270,285,NA,285,717.5,5,413.22,413.32,396.03,83.71,Yes,Ireland,NA,IPF,IPF,2025-07-16,Turkey,NA,Istanbul,World University Powerlifting Cup,Yes,2025
Donovan Choo,M,SBD,Raw,25,24-34,24-39,Open,82.8,83,225,-237.5,240,NA,240,135,-142.5,142.5,NA,142.5,232.5,247.5,260,NA,260,642.5,15,434.33,429.48,413.18,89.05,Yes,Singapore,NA,IPF,IPF,2025-07-16,Turkey,NA,Istanbul,World University Powerlifting Cup,Yes,2025
Shadiqqin Bin Shamsul Muhammad,M,SBD,Raw,24.5,24-34,24-39,Open,87.1,93,197.5,210,220,NA,220,107.5,112.5,-115,NA,112.5,225,240,-250,NA,240,572.5,19,376.48,371.83,356.88,77.36,Yes,Singapore,NA,IPF,IPF,2025-07-16,Turkey,NA,Istanbul,World University Powerlifting Cup,Yes,2025
Jonathan Fergus Teh,M,SBD,Raw,24.5,24-34,24-39,Open,81.5,83,220,235,-237.5,NA,235,120,127.5,132.5,NA,132.5,240,260,275,NA,275,642.5,14,438.27,433.6,417.44,89.76,Yes,Singapore,NA,IPF,IPF,2025-07-16,Turkey,NA,Istanbul,World University Powerlifting Cup,Yes,2025
Mahmut Can Morgül,M,SBD,Raw,25,24-34,24-39,Open,123.55,120+,255,275,-290,NA,275,175,185,-192.5,NA,185,280,300,317.5,NA,317.5,777.5,2,442.29,444.13,425.36,89.25,Yes,Turkey,NA,IPF,IPF,2025-07-16,Turkey,NA,Istanbul,World University Powerlifting Cup,Yes,2025
Jing Long Ong,M,SBD,Raw,24.5,24-34,24-39,Open,87.8,93,205,220,230,NA,230,150,155,160,NA,160,260,275,280,NA,280,670,10,438.75,433.28,415.71,90.17,Yes,Singapore,NA,IPF,IPF,2025-07-16,Turkey,NA,Istanbul,World University Powerlifting Cup,Yes,2025
Sude Aras,F,SBD,Raw,19,18-19,19-23,Open,68.4,69,-120,122.5,127.5,NA,127.5,-67.5,67.5,-75,NA,67.5,135,145,-152.5,NA,145,340,8,348.35,343.75,303.16,70.78,Yes,Turkey,NA,IPF,IPF,2025-07-16,Turkey,NA,Istanbul,World University Powerlifting Cup,Yes,2025
Aikaterini Magdalinou,F,SBD,Raw,18.5,18-19,19-23,Open,73.95,76,145,152.5,157.5,NA,157.5,70,77.5,-80,NA,77.5,137.5,145,150,NA,150,385,7,377.8,369.28,325,76.91,Yes,Greece,NA,IPF,IPF,2025-07-16,Turkey,NA,Istanbul,World University Powerlifting Cup,Yes,2025
Kelly Vivian Fong,F,SBD,Raw,19.5,20-23,19-23,Open,68.7,69,135,145,150,NA,150,75,80,82.5,NA,82.5,-142.5,150,160,NA,160,392.5,6,401.14,395.61,348.87,81.51,Yes,Singapore,NA,IPF,IPF,2025-07-16,Turkey,NA,Istanbul,World University Powerlifting Cup,Yes,2025
Ayumi Oka,F,SBD,Raw,20.5,20-23,19-23,Open,45.8,47,85,90,-92.5,NA,90,37.5,42.5,-45,NA,42.5,95,97.5,-102.5,NA,97.5,230,6,307.29,315.08,281.47,65.44,Yes,Japan,NA,IPF,IPF,2025-07-16,Turkey,NA,Istanbul,World University Powerlifting Cup,Yes,2025
Berra Gören,F,SBD,Raw,21,20-23,19-23,Open,84.9,84+,95,97.5,110,NA,110,37.5,40,45,NA,45,115,120,-127.5,NA,120,275,4,251.77,243.94,213.1,51.72,Yes,Turkey,NA,IPF,IPF,2025-07-16,Turkey,NA,Istanbul,World University Powerlifting Cup,Yes,2025
Wen Ni Koh,F,SBD,Raw,21,20-23,19-23,Open,56.2,57,87.5,95,100,NA,100,57.5,62.5,-65,NA,62.5,80,90,-100,NA,90,252.5,8,291.99,296.26,262.04,59.87,Yes,Singapore,NA,IPF,IPF,2025-07-16,Turkey,NA,Istanbul,World University Powerlifting Cup,Yes,2025
Eunice Kwok,F,SBD,Raw,21,20-23,19-23,Open,56.6,57,105,110,-115,NA,110,60,-65,65,NA,65,125,132.5,-137.5,NA,132.5,307.5,6,353.93,358.8,317.3,72.51,Yes,Singapore,NA,IPF,IPF,2025-07-16,Turkey,NA,Istanbul,World University Powerlifting Cup,Yes,2025
Crystal Leong Sze Yin,F,SBD,Raw,21.5,20-23,19-23,Open,71.2,76,-145,-145,145,NA,145,67.5,72.5,-75,NA,72.5,150,160,167.5,NA,167.5,385,6,385.67,378.6,333.59,78.42,Yes,Singapore,NA,IPF,IPF,2025-07-16,Turkey,NA,Istanbul,World University Powerlifting Cup,Yes,2025
Neha Bhakat,F,SBD,Raw,21.5,20-23,19-23,Open,46.15,47,70,75,77.5,NA,77.5,40,-45,-45,NA,40,97.5,102.5,107.5,NA,107.5,225,7,298.9,306.58,273.7,63.52,Yes,Singapore,NA,IPF,IPF,2025-07-16,Turkey,NA,Istanbul,World University Powerlifting Cup,Yes,2025
Mei Chen Lim,F,SBD,Raw,21.5,20-23,19-23,Open,98.05,84+,160,-170,-172.5,NA,160,67.5,80,-85,NA,80,167.5,-177.5,-182.5,NA,167.5,407.5,3,350.45,341.31,293.93,73.07,Yes,Singapore,NA,IPF,IPF,2025-07-16,Turkey,NA,Istanbul,World University Powerlifting Cup,Yes,2025
Victoria Ivanova,F,SBD,Raw,21.5,20-23,19-23,Open,72.7,76,145,152.5,160,NA,160,70,75,-80,NA,75,160,170,-180,NA,170,405,5,401.1,392.78,345.88,81.6,Yes,Bulgaria,NA,IPF,IPF,2025-07-16,Turkey,NA,Istanbul,World University Powerlifting Cup,Yes,2025
Nikkisha Bte Norhisham,F,SBD,Raw,21.5,20-23,19-23,Open,81.75,84,122.5,130,135,NA,135,65,67.5,70,NA,70,152.5,162.5,172.5,NA,172.5,377.5,4,351.93,341.37,298.99,72.07,Yes,Singapore,NA,IPF,IPF,2025-07-16,Turkey,NA,Istanbul,World University Powerlifting Cup,Yes,2025
Melina Sadikova,F,SBD,Raw,21,20-23,19-23,Open,56.45,57,115,120,125,NA,125,75,-80,-80,NA,75,150,-157.5,162.5,NA,162.5,362.5,4,417.97,423.85,374.85,85.66,Yes,Belgium,NA,IPF,IPF,2025-07-16,Turkey,NA,Istanbul,World University Powerlifting Cup,Yes,2025
Le-Thi-Thanh-Lan Gaffney,F,SBD,Raw,22.5,20-23,19-23,Open,56.65,57,125,-132.5,132.5,NA,132.5,-72.5,-72.5,-72.5,NA,NA,135,145,157.5,NA,157.5,NA,DQ,NA,NA,NA,NA,Yes,Ireland,NA,IPF,IPF,2025-07-16,Turkey,NA,Istanbul,World University Powerlifting Cup,Yes,2025
Elif Çıtakoğlu,F,SBD,Raw,23,20-23,19-23,Open,55.45,57,90,95,100,NA,100,55,60,62.5,NA,62.5,125,132.5,-137.5,NA,132.5,295,7,344.19,349.79,309.47,70.67,Yes,Turkey,NA,IPF,IPF,2025-07-16,Turkey,NA,Istanbul,World University Powerlifting Cup,Yes,2025
Megan Weir,F,SBD,Raw,23,20-23,19-23,Open,60.65,63,-117.5,117.5,-125,NA,117.5,60,62.5,-65,NA,62.5,135,147.5,160,NA,160,340,6,374.36,375.92,332.1,76.29,Yes,Ireland,NA,IPF,IPF,2025-07-16,Turkey,NA,Istanbul,World University Powerlifting Cup,Yes,2025
Melissa Danışman,F,SBD,Raw,23,20-23,19-23,Open,62.55,63,82.5,90,-97.5,NA,90,50,55,-60,NA,55,-120,125,132.5,NA,132.5,277.5,9,299.76,299.65,264.62,60.99,Yes,Turkey,NA,IPF,IPF,2025-07-16,Turkey,NA,Istanbul,World University Powerlifting Cup,Yes,2025
Sultan Lara Çoraman,F,SBD,Raw,22.5,20-23,19-23,Open,61.95,63,107.5,115,117.5,NA,117.5,-50,50,-55,NA,50,145,155,162.5,NA,162.5,330,7,358.59,358.97,317.04,72.99,Yes,Turkey,NA,IPF,IPF,2025-07-16,Turkey,NA,Istanbul,World University Powerlifting Cup,Yes,2025
Guadalupe Tena,F,SBD,Raw,22.5,20-23,19-23,Open,67.95,69,132.5,-140,142.5,NA,142.5,62.5,-67.5,-67.5,NA,62.5,162.5,-175,-175,NA,162.5,367.5,7,377.96,373.3,329.26,76.8,Yes,Mexico,NA,IPF,IPF,2025-07-16,Turkey,NA,Istanbul,World University Powerlifting Cup,Yes,2025
Ece Kasap,F,SBD,Raw,24.5,24-34,24-39,Open,68.9,69,140,147.5,-152.5,NA,147.5,75,80,-82.5,NA,80,160,167.5,172.5,NA,172.5,400,5,408.13,402.35,354.79,82.94,Yes,Turkey,NA,IPF,IPF,2025-07-16,Turkey,NA,Istanbul,World University Powerlifting Cup,Yes,2025
Karim Ruscitti,M,SBD,Raw,21,20-23,19-23,Open,82.4,83,-225,230,-240,NA,230,142.5,152.5,157.5,NA,157.5,265,-285,-285,NA,265,652.5,12,442.3,437.43,420.92,90.66,Yes,Qatar,NA,IPF,IPF,2025-07-16,Turkey,NA,Istanbul,World University Powerlifting Cup,Yes,2025
Claudia Chu,F,SBD,Raw,24,24-34,24-39,Open,46.45,47,102.5,107.5,110,NA,110,55,57.5,-60,NA,57.5,137.5,145,-157.5,NA,145,312.5,2,413.14,423.84,378.18,87.65,Yes,Singapore,NA,IPF,IPF,2025-07-16,Turkey,NA,Istanbul,World University Powerlifting Cup,Yes,2025
Bryan Sim Cheng Leng,M,SBD,Raw,24.5,24-34,24-39,Open,81.8,83,225,235,245,NA,245,157.5,165,170,NA,170,280,302.5,-317.5,NA,302.5,717.5,2,488.39,483.14,465.05,100.06,Yes,Singapore,NA,IPF,IPF,2025-07-16,Turkey,NA,Istanbul,World University Powerlifting Cup,Yes,2025
Joon Khong Goh,M,SBD,Raw,25,24-34,24-39,Open,72.3,74,202.5,217.5,-225,NA,217.5,120,127.5,132.5,NA,132.5,235,255,-270,NA,255,605,10,444.56,442.54,428.27,89.9,Yes,Singapore,NA,IPF,IPF,2025-07-16,Turkey,NA,Istanbul,World University Powerlifting Cup,Yes,2025
Mohammed Al Dumaini,M,SBD,Raw,21.5,20-23,19-23,Open,59,59,100,110,-122.5,NA,110,60,67.5,72.5,NA,72.5,155,165,175,NA,175,357.5,2,305.97,309.66,302.67,59.16,Yes,UAE,NA,IPF,IPF,2025-07-16,Turkey,NA,Istanbul,World University Powerlifting Cup,Yes,2025
Khalifa Mohammad,M,SBD,Raw,22.5,20-23,19-23,Open,59,59,155,165,170,NA,170,107.5,112.5,115,NA,115,220,235.5,-248,NA,235.5,520.5,1,445.48,450.84,440.67,86.13,Yes,UAE,NA,IPF,IPF,2025-07-16,Turkey,NA,Istanbul,World University Powerlifting Cup,Yes,2025
Yuto Watanabe,M,SBD,Raw,21.5,20-23,19-23,Open,73.7,74,202.5,217.5,225,NA,225,127.5,135,-140,NA,135,240,260,270,NA,270,630,6,457.11,454.48,439.46,92.69,Yes,Japan,NA,IPF,IPF,2025-07-16,Turkey,NA,Istanbul,World University Powerlifting Cup,Yes,2025
Jošt Zavolovšek,M,SBD,Raw,23.5,24-34,24-39,Open,115.85,120,240,255,265,NA,265,147.5,152.5,157.5,NA,157.5,240,257.5,-272.5,NA,257.5,680,6,395.24,394.35,377.58,80.28,Yes,Slovenia,NA,IPF,IPF,2025-07-16,Turkey,NA,Istanbul,World University Powerlifting Cup,Yes,2025
Selahattin Akgün,M,SBD,Raw,20,20-23,19-23,Open,65.25,66,205,210,-212.5,NA,210,120,125,127.5,NA,127.5,255,-262.5,-265,NA,255,592.5,7,468.21,469.65,456.61,92.92,Yes,Turkey,NA,IPF,IPF,2025-07-16,Turkey,NA,Istanbul,World University Powerlifting Cup,Yes,2025
Efe İnceoğlu,M,SBD,Raw,22,20-23,19-23,Open,65.15,66,200,212.5,217.5,NA,217.5,-132.5,-140,140,NA,140,235,247.5,-260,NA,247.5,605,4,478.64,480.17,466.88,94.96,Yes,Turkey,NA,IPF,IPF,2025-07-16,Turkey,NA,Istanbul,World University Powerlifting Cup,Yes,2025
Aleksandar Kačavenda,M,SBD,Raw,19.5,20-23,19-23,Open,82.5,83,247.5,260,-265,NA,260,155,165,-170,NA,165,240,252.5,-260,NA,252.5,677.5,9,458.93,453.86,436.7,94.07,Yes,Serbia,NA,IPF,IPF,2025-07-16,Turkey,NA,Istanbul,World University Powerlifting Cup,Yes,2025
Ognjen Crnčević,M,SBD,Raw,20,20-23,19-23,Open,82,83,230,242.5,250,NA,250,147.5,152.5,157.5,NA,157.5,250,270,275,NA,275,682.5,7,463.92,458.89,441.66,95.06,Yes,Serbia,NA,IPF,IPF,2025-07-16,Turkey,NA,Istanbul,World University Powerlifting Cup,Yes,2025
Kerly Cordova,F,SBD,Raw,24.5,24-34,24-39,Open,46.85,47,107.5,115,-120,NA,115,57.5,62.5,65,NA,65,137.5,145,-152.5,NA,145,325,1,426.94,438.1,390.63,90.38,Yes,Ecuador,NA,IPF,IPF,2025-07-16,Turkey,NA,Istanbul,World University Powerlifting Cup,Yes,2025
Eoghan Cantillon-Mann,M,SBD,Raw,24,24-34,24-39,Open,73.4,74,210,227.5,240,NA,240,122.5,130,132.5,NA,132.5,225,245,260,NA,260,632.5,5,460.15,457.62,442.57,93.25,Yes,Ireland,NA,IPF,IPF,2025-07-16,Turkey,NA,Istanbul,World University Powerlifting Cup,Yes,2025
Leah Tyndall,F,SBD,Raw,19.5,20-23,19-23,Open,56.5,57,120,127.5,130,NA,130,62.5,65,67.5,NA,67.5,140,-150,150,NA,150,347.5,5,400.44,406.03,359.09,82.06,Yes,Ireland,NA,IPF,IPF,2025-07-16,Turkey,NA,Istanbul,World University Powerlifting Cup,Yes,2025
Tanya Nedialkova,F,SBD,Raw,19.5,20-23,19-23,Open,71.95,76,100,-107.5,-107.5,NA,100,50,55,-57.5,NA,55,130,137.5,145,NA,145,300,8,298.79,292.95,258.05,60.77,Yes,Bulgaria,NA,IPF,IPF,2025-07-16,Turkey,NA,Istanbul,World University Powerlifting Cup,Yes,2025
Emma Jensen,F,SBD,Raw,21,20-23,19-23,Open,82.25,84,135,142.5,147.5,NA,147.5,70,72.5,75,NA,75,160,172.5,180,NA,180,402.5,3,374.12,362.81,317.64,76.65,Yes,Ireland,NA,IPF,IPF,2025-07-16,Turkey,NA,Istanbul,World University Powerlifting Cup,Yes,2025
Mayane Ischi,F,SBD,Raw,21,20-23,19-23,Open,51.6,52,120,-125,125,NA,125,75,80,82.5,NA,82.5,135,145,-152.5,NA,145,352.5,2,431.98,442.06,391.97,89.6,Yes,Switzerland,NA,IPF,IPF,2025-07-16,Turkey,NA,Istanbul,World University Powerlifting Cup,Yes,2025
Lieke van Oosten,F,SBD,Raw,21.5,20-23,19-23,Open,62.2,63,137.5,145,150,NA,150,72.5,77.5,-80,NA,77.5,147.5,155,165,NA,165,392.5,4,425.45,425.64,375.91,86.59,Yes,Netherlands,NA,IPF,IPF,2025-07-16,Turkey,NA,Istanbul,World University Powerlifting Cup,Yes,2025
Leja Jelen,F,SBD,Raw,23,20-23,19-23,Open,82,84,-135,135,142.5,NA,142.5,62.5,67.5,-72.5,NA,67.5,145,152.5,155,NA,155,365,5,339.77,329.54,288.57,69.6,Yes,Slovenia,NA,IPF,IPF,2025-07-16,Turkey,NA,Istanbul,World University Powerlifting Cup,Yes,2025
Morgane Bouvy,F,SBD,Raw,23,20-23,19-23,Open,61.55,63,137.5,145,152.5,NA,152.5,65,70,75,NA,75,152.5,162.5,-172.5,NA,162.5,390,5,425.49,426.34,376.57,86.64,Yes,Belgium,NA,IPF,IPF,2025-07-16,Turkey,NA,Istanbul,World University Powerlifting Cup,Yes,2025
Tzvetelina Stoyanova,F,SBD,Raw,23.5,24-34,24-39,Open,62.35,63,125,132.5,137.5,NA,137.5,30,40,-45,NA,40,110,120,-130,NA,120,297.5,8,322,322.03,284.39,65.53,Yes,Bulgaria,NA,IPF,IPF,2025-07-16,Turkey,NA,Istanbul,World University Powerlifting Cup,Yes,2025
Justine Fleming,F,SBD,Raw,24.5,24-34,24-39,Open,46.15,47,90,97.5,-100,NA,97.5,55,-57.5,57.5,NA,57.5,117.5,125,132.5,NA,132.5,287.5,4,381.93,391.74,349.72,81.17,Yes,Netherlands,NA,IPF,IPF,2025-07-16,Turkey,NA,Istanbul,World University Powerlifting Cup,Yes,2025
Anouk Hofstee,F,SBD,Raw,24.5,24-34,24-39,Open,68.1,69,152.5,160,165,NA,165,82.5,85,-87.5,NA,85,180,190,-202.5,NA,190,440,2,451.95,446.25,393.59,91.83,Yes,Netherlands,NA,IPF,IPF,2025-07-16,Turkey,NA,Istanbul,World University Powerlifting Cup,Yes,2025
Fatma Varol,F,SBD,Raw,25,24-34,24-39,Open,51.95,52,130,137.5,142.5,NA,142.5,80,87.5,92.5,NA,92.5,155,165,-175,NA,165,400,1,487.89,499.03,442.36,101.09,Yes,Turkey,NA,IPF,IPF,2025-07-16,Turkey,NA,Istanbul,World University Powerlifting Cup,Yes,2025
Jesse Sporrel,M,SBD,Raw,20.5,20-23,19-23,Open,91.65,93,240,-255,255,NA,255,135,142.5,147.5,NA,147.5,245,262.5,-275,NA,262.5,665,13,426.12,420.7,402.89,87.62,Yes,Netherlands,NA,IPF,IPF,2025-07-16,Turkey,NA,Istanbul,World University Powerlifting Cup,Yes,2025
Joseph Akisanmi,M,SBD,Raw,20.5,20-23,19-23,Open,65.75,66,185,195,205,NA,205,122.5,130,135,NA,135,250,272,273.5,NA,273.5,613.5,1,482.05,483.23,469.64,95.83,Yes,Ireland,NA,IPF,IPF,2025-07-16,Turkey,NA,Istanbul,World University Powerlifting Cup,Yes,2025
Tolga Dinc,M,SBD,Raw,20.5,20-23,19-23,Open,66,66,192.5,205,212.5,NA,212.5,120,127.5,130,NA,130,220,230,237.5,NA,237.5,580,8,454.45,455.41,442.53,90.41,Yes,Turkey,NA,IPF,IPF,2025-07-16,Turkey,NA,Istanbul,World University Powerlifting Cup,Yes,2025
Lukáš Podolec,M,SBD,Raw,20.5,20-23,19-23,Open,103.95,105,220,-230,230,NA,230,150,160,-165,NA,160,225,247.5,-255,NA,247.5,637.5,10,386.05,382.3,365.05,79.08,Yes,Slovakia,NA,IPF,IPF,2025-07-16,Turkey,NA,Istanbul,World University Powerlifting Cup,Yes,2025
Christopher Lyons,M,SBD,Raw,22,20-23,19-23,Open,73.9,74,202.5,210,212.5,NA,212.5,130,137.5,-142.5,NA,137.5,225,245,-252.5,NA,245,595,12,430.95,428.4,414.2,87.41,Yes,Ireland,NA,IPF,IPF,2025-07-16,Turkey,NA,Istanbul,World University Powerlifting Cup,Yes,2025
Alexander Pavlov #2,M,SBD,Raw,21.5,20-23,19-23,Open,81.3,83,182.5,190,195,NA,195,112.5,120,125,NA,125,220,230,-247.5,NA,230,550,22,375.7,371.74,357.92,76.94,Yes,Bulgaria,NA,IPF,IPF,2025-07-16,Turkey,NA,Istanbul,World University Powerlifting Cup,Yes,2025
Katya Katzarova,F,SBD,Raw,21.5,20-23,19-23,Open,46.45,47,60,62.5,NA,NA,62.5,-55,55,60,NA,60,107.5,112.5,NA,NA,112.5,235,5,310.68,318.73,284.39,65.91,Yes,Bulgaria,NA,IPF,IPF,2025-07-16,Turkey,NA,Istanbul,World University Powerlifting Cup,Yes,2025
Martina Sosič,F,SBD,Raw,22,20-23,19-23,Open,113.25,84+,195,205.5,213,NA,213,87.5,92.5,95,NA,95,177.5,190,197.5,NA,197.5,505.5,1,412.73,408.58,347.32,87.58,Yes,Slovenia,NA,IPF,IPF,2025-07-16,Turkey,NA,Istanbul,World University Powerlifting Cup,Yes,2025
Nathan Cavrenne,M,SBD,Raw,21,20-23,19-23,Open,82.2,83,-215,225,235,NA,235,135,142.5,147.5,NA,147.5,250,-270,-277.5,NA,250,632.5,16,429.34,424.64,408.66,87.98,Yes,Belgium,NA,IPF,IPF,2025-07-16,Turkey,NA,Istanbul,World University Powerlifting Cup,Yes,2025
Nezih Merdan Özçoban,M,SBD,Raw,19,18-19,19-23,Open,91.7,93,237.5,252.5,-260,NA,252.5,160,-170,-170,NA,160,-302.5,-312.5,320,NA,320,732.5,3,469.25,463.28,443.66,96.49,Yes,Turkey,NA,IPF,IPF,2025-07-16,Turkey,NA,Istanbul,World University Powerlifting Cup,Yes,2025
Muhammet Sami Aslan,M,SBD,Raw,21,20-23,19-23,Open,83,83,220,232.5,240,NA,240,167.5,175,180,NA,180,267.5,287.5,297.5,NA,297.5,717.5,4,484.38,478.93,460.7,99.32,Yes,Turkey,NA,IPF,IPF,2025-07-16,Turkey,NA,Istanbul,World University Powerlifting Cup,Yes,2025
Eren Sencer Öztürk,M,SBD,Raw,23,20-23,19-23,Open,92.7,93,242.5,252.5,257.5,NA,257.5,177.5,185,187.5,NA,187.5,270,282.5,-290,NA,282.5,727.5,5,463.59,457.71,438.13,95.32,Yes,Turkey,NA,IPF,IPF,2025-07-16,Turkey,NA,Istanbul,World University Powerlifting Cup,Yes,2025
Luuk Tiel,M,SBD,Raw,23.5,24-34,24-39,Open,81.9,83,215,225,232.5,NA,232.5,170,175,-177.5,NA,175,242.5,257.5,-270,NA,257.5,665,10,452.34,447.45,430.68,92.68,Yes,Netherlands,NA,IPF,IPF,2025-07-16,Turkey,NA,Istanbul,World University Powerlifting Cup,Yes,2025
Lara Raffone,F,SBD,Raw,23,20-23,24-39,Open,75.25,76,150,157.5,162.5,NA,162.5,82.5,87.5,92.5,NA,92.5,175,-187.5,-187.5,NA,175,430,4,418.08,407.93,358.79,85.18,Yes,Slovenia,NA,IPF,IPF,2025-07-16,Turkey,NA,Istanbul,World University Powerlifting Cup,Yes,2025
Alexander Chmelo,M,SBD,Raw,22.5,20-23,19-23,Open,106.6,120,245,265,270,NA,270,160,170,175,NA,175,290,315,-332.5,NA,315,760,4,455.6,451.79,431.49,93.18,Yes,Slovakia,NA,IPF,IPF,2025-07-16,Turkey,NA,Istanbul,World University Powerlifting Cup,Yes,2025
Tarik Azzaoui,M,SBD,Raw,22.5,20-23,19-23,Open,103.2,105,245,255,260,NA,260,-160,160,167.5,NA,167.5,275,300,310,NA,310,737.5,7,447.93,443.44,423.42,91.79,Yes,Netherlands,NA,IPF,IPF,2025-07-16,Turkey,NA,Istanbul,World University Powerlifting Cup,Yes,2025
Simon Plennevaux,M,SBD,Raw,23,20-23,19-23,Open,92.55,93,250,265,275,NA,275,142.5,150,155,NA,155,250,270,-282.5,NA,270,700,9,446.42,440.75,421.92,91.79,Yes,Belgium,NA,IPF,IPF,2025-07-16,Turkey,NA,Istanbul,World University Powerlifting Cup,Yes,2025
Simon Ceuppens,M,SBD,Raw,20,20-23,19-23,Open,82.5,83,-207.5,215,-230,NA,215,162.5,170,-175,NA,170,240,257.5,265,NA,265,650,13,440.31,435.44,418.98,90.25,Yes,Belgium,NA,IPF,IPF,2025-07-16,Turkey,NA,Istanbul,World University Powerlifting Cup,Yes,2025
Cian Lynch,M,SBD,Raw,19,18-19,19-23,Open,82,83,215,230,235,NA,235,127.5,135,-140,NA,135,250,270,285,NA,285,655,11,445.23,440.4,423.87,91.23,Yes,Ireland,NA,IPF,IPF,2025-07-16,Turkey,NA,Istanbul,World University Powerlifting Cup,Yes,2025
Timotej Kolmanko,M,SBD,Raw,20,20-23,19-23,Open,92.6,93,272.5,286,291,NA,291,145,152.5,-157.5,NA,152.5,272.5,287.5,292.5,NA,292.5,736,2,469.26,463.3,443.5,96.49,Yes,Slovenia,NA,IPF,IPF,2025-07-16,Turkey,NA,Istanbul,World University Powerlifting Cup,Yes,2025
Collin Yakwo,M,SBD,Raw,24.5,24-34,24-39,Open,114.15,120,270,290,300,NA,300,185,195,200,NA,200,300,320,335,NA,335,835,1,487.88,486.15,465.23,99.23,Yes,Netherlands,NA,IPF,IPF,2025-07-16,Turkey,NA,Istanbul,World University Powerlifting Cup,Yes,2025
Ula Humar,F,SBD,Raw,23,20-23,19-23,Open,62.05,63,-130,130,140,NA,140,77.5,82.5,-85,NA,82.5,175,182.5,-192.5,NA,182.5,405,3,439.66,440.01,388.61,89.49,Yes,Slovenia,NA,IPF,IPF,2025-07-16,Turkey,NA,Istanbul,World University Powerlifting Cup,Yes,2025
Radoslav Omarchevski,M,SBD,Raw,21.5,20-23,19-23,Open,112.55,120,225,240,250,NA,250,182.5,-190,-190,NA,182.5,225,237.5,-247.5,NA,237.5,670,7,393.47,391.63,374.58,80.13,Yes,Bulgaria,NA,IPF,IPF,2025-07-16,Turkey,NA,Istanbul,World University Powerlifting Cup,Yes,2025
Charlotte Jongenotter,F,SBD,Raw,23,20-23,19-23,Open,68.85,69,150,160,167.5,NA,167.5,77.5,82.5,85,NA,85,162.5,175,185,NA,185,437.5,3,446.58,440.29,388.25,90.75,Yes,Netherlands,NA,IPF,IPF,2025-07-16,Turkey,NA,Istanbul,World University Powerlifting Cup,Yes,2025
Fulya Cankurt,F,SBD,Raw,20.5,20-23,19-23,Open,68.95,69,105,110,-120,NA,110,55,60,-62.5,NA,60,130,147.5,-150,NA,147.5,317.5,9,323.82,319.2,281.46,65.8,Yes,Turkey,NA,IPF,IPF,2025-07-16,Turkey,NA,Istanbul,World University Powerlifting Cup,Yes,2025
Jean-Philippe Haid,M,SBD,Raw,25,24-34,24-39,Open,92.5,93,230,237.5,-245,NA,237.5,132.5,140,-145,NA,140,275,290,-300,NA,290,667.5,12,425.8,420.4,402.45,87.55,Yes,Belgium,NA,IPF,IPF,2025-07-16,Turkey,NA,Istanbul,World University Powerlifting Cup,Yes,2025
Emirhan Tekcan,M,SBD,Raw,22,20-23,19-23,Open,104.65,105,235,247.5,255,NA,255,152.5,160,-165,NA,160,265,285,-302.5,NA,285,700,8,422.74,418.78,399.89,86.56,Yes,Turkey,NA,IPF,IPF,2025-07-16,Turkey,NA,Istanbul,World University Powerlifting Cup,Yes,2025
Jilles Kok,M,SBD,Raw,22.5,20-23,19-23,Open,92.25,93,232.5,245,250,NA,250,135,-140,140,NA,140,255,275,280,NA,280,670,11,427.96,422.52,404.53,88,Yes,Netherlands,NA,IPF,IPF,2025-07-16,Turkey,NA,Istanbul,World University Powerlifting Cup,Yes,2025
Eszter Sallai,F,SBD,Raw,23.5,24-34,24-39,Open,71.9,76,170,177.5,185,NA,185,110,115,-117.5,NA,115,202.5,212.5,219.5,NA,219.5,519.5,1,517.61,507.52,447.07,105.27,Yes,Hungary,NA,IPF,IPF,2025-07-16,Turkey,NA,Istanbul,World University Powerlifting Cup,Yes,2025
Simon Laporte,M,SBD,Raw,20.5,20-23,19-23,Open,91.65,93,250,272.5,285,NA,285,137.5,-147.5,147.5,NA,147.5,240,260,275,NA,275,707.5,8,453.36,447.59,428.64,93.22,Yes,Canada,NA,IPF,IPF,2025-07-16,Turkey,NA,Istanbul,World University Powerlifting Cup,Yes,2025
Daniel Rajis,M,SBD,Raw,21,20-23,19-23,Open,103.85,105,280,297.5,-308,NA,297.5,155,162.5,-165,NA,162.5,300,322.5,335,NA,335,795,2,481.61,476.92,455.39,98.66,Yes,UK,NA,IPF,IPF,2025-07-16,Turkey,NA,Istanbul,World University Powerlifting Cup,Yes,2025
Thomas Lee #2,M,SBD,Raw,21.5,20-23,19-23,Open,91.85,93,-270,270,280,NA,280,170,180,190,NA,190,245,-260,-265,NA,245,715,7,457.67,451.85,432.68,94.11,Yes,UK,NA,IPF,IPF,2025-07-16,Turkey,NA,Istanbul,World University Powerlifting Cup,Yes,2025
Tihana Draves,F,SBD,Raw,23.5,24-34,24-39,Open,76.45,84,170,183,185.5,NA,185.5,90,95,98.5,NA,98.5,160,172.5,177.5,NA,177.5,461.5,1,445,433.57,381.1,90.74,Yes,UK,NA,IPF,IPF,2025-07-16,Turkey,NA,Istanbul,World University Powerlifting Cup,Yes,2025
Shubang Nagalotimath,M,SBD,Raw,23.5,24-34,24-39,Open,91.7,93,250,260,-270,NA,260,152.5,-160,-160,NA,152.5,285,-302.5,302.5,NA,302.5,715,6,458.04,452.21,433.06,94.18,Yes,England,NA,IPF,IPF,2025-07-16,Turkey,NA,Istanbul,World University Powerlifting Cup,Yes,2025
Charlie Moore #1,M,SBD,Raw,22.5,20-23,19-23,Open,120.15,120+,235,247.5,255,NA,255,142.5,150,155,NA,155,300,-320,-331,NA,300,710,3,407.59,408.08,391.05,82.49,Yes,England,NA,IPF,IPF,2025-07-16,Turkey,NA,Istanbul,World University Powerlifting Cup,Yes,2025
Samantha Smith #1,F,SBD,Raw,22.5,20-23,19-23,Open,59.5,63,142.5,152.5,157.5,NA,157.5,75,-80,80,NA,80,175,187.5,-192.5,NA,187.5,425,1,473.63,476.91,421.42,96.63,Yes,Scotland,NA,IPF,IPF,2025-07-16,Turkey,NA,Istanbul,World University Powerlifting Cup,Yes,2025
Annabelle Cox,F,SBD,Raw,20.5,20-23,19-23,Open,56.55,57,152.5,160,-163.5,NA,160,75,80,82.5,NA,82.5,152.5,160,165,NA,165,407.5,1,469.3,475.81,420.79,96.16,Yes,England,NA,IPF,IPF,2025-07-16,Turkey,NA,Istanbul,World University Powerlifting Cup,Yes,2025
Allaya Rasul,F,SBD,Raw,23.5,24-34,24-39,Open,46.7,47,100,-110,-110,NA,100,55,57.5,-60,NA,57.5,140,148.5,-155.5,NA,148.5,306,3,402.94,413.44,368.74,85.37,Yes,England,NA,IPF,IPF,2025-07-16,Turkey,NA,Istanbul,World University Powerlifting Cup,Yes,2025
Isobel David,F,SBD,Raw,19,18-19,19-23,Open,62.3,63,-147.5,147.5,-155,NA,147.5,-92.5,-92.5,92.5,NA,92.5,152.5,165,175,NA,175,415,2,449.4,449.49,396.96,91.46,Yes,England,NA,IPF,IPF,2025-07-16,Turkey,NA,Istanbul,World University Powerlifting Cup,Yes,2025
Emeka Obiekwe,M,SBD,Raw,19.5,20-23,19-23,Open,82.2,83,247.5,262.5,275,NA,275,140,-150,-150,NA,140,-280,300,-302.5,NA,300,715,5,485.34,480.03,461.96,99.46,Yes,England,NA,IPF,IPF,2025-07-16,Turkey,NA,Istanbul,World University Powerlifting Cup,Yes,2025
Nisha Mistry,F,SBD,Raw,18.5,18-19,19-23,Open,51.35,52,105,107.5,110,NA,110,60,-65,-65,NA,60,135,142.5,145,NA,145,315,4,387.34,396.52,351.65,80.41,Yes,England,NA,IPF,IPF,2025-07-16,Turkey,NA,Istanbul,World University Powerlifting Cup,Yes,2025
Rudi Norris,M,SBD,Raw,20.5,20-23,19-23,Open,113.95,120,267.5,285,290,NA,290,180,190,195,NA,195,280,295,305,NA,305,790,3,461.87,460.17,440.34,93.96,Yes,England,NA,IPF,IPF,2025-07-16,Turkey,NA,Istanbul,World University Powerlifting Cup,Yes,2025
Libby Rubin,F,SBD,Raw,20.5,20-23,19-23,Open,75.65,76,162.5,172.5,-180,NA,172.5,85,90,-92.5,NA,90,175,187.5,-190,NA,187.5,450,3,436.3,425.5,374.16,88.91,Yes,Wales,NA,IPF,IPF,2025-07-16,Turkey,NA,Istanbul,World University Powerlifting Cup,Yes,2025
Naomi D'Almeida,F,SBD,Raw,20.5,20-23,19-23,Open,95.8,84+,-175,175,182.5,NA,182.5,90,-95,95,NA,95,175,190,200,NA,200,477.5,2,414.52,402.99,347.99,86.2,Yes,Wales,NA,IPF,IPF,2025-07-16,Turkey,NA,Istanbul,World University Powerlifting Cup,Yes,2025
Kerry Wood,F,SBD,Raw,23.5,24-34,24-39,Open,83.6,84,155,162.5,167.5,NA,167.5,92.5,97.5,101,NA,101,170,180,190,NA,190,458.5,2,422.85,409.84,358.42,86.75,Yes,UK,NA,IPF,IPF,2025-07-16,Turkey,NA,Istanbul,World University Powerlifting Cup,Yes,2025
Scott Walton,M,SBD,Raw,23,20-23,24-39,Open,73.85,74,222.5,232.5,240,NA,240,171,-178,-200,NA,171,235,-247.5,-252.5,NA,235,646,4,468.1,465.35,449.93,94.94,Yes,England,NA,IPF,IPF,2025-07-16,Turkey,NA,Istanbul,World University Powerlifting Cup,Yes,2025
Amy Middlemas,F,SBD,Raw,22,20-23,19-23,Open,56.65,57,132.5,137.5,140,NA,140,72.5,77.5,-80,NA,77.5,162.5,170,-175,NA,170,387.5,2,445.75,451.83,399.57,91.32,Yes,England,NA,IPF,IPF,2025-07-16,Turkey,NA,Istanbul,World University Powerlifting Cup,Yes,2025
Mia Wannop,F,SBD,Raw,23.5,24-34,24-39,Open,51.15,52,-122.5,122.5,132.5,NA,132.5,55,60,62.5,NA,62.5,135,142.5,-147.5,NA,142.5,337.5,3,416.14,426.11,377.96,86.45,Yes,England,NA,IPF,IPF,2025-07-16,Turkey,NA,Istanbul,World University Powerlifting Cup,Yes,2025
Sam Walker,M,SBD,Raw,20.5,20-23,19-23,Open,82.4,83,-242.5,242.5,260,NA,260,165,172.5,-180,NA,172.5,280,300,-302.5,NA,300,732.5,1,496.53,491.06,472.53,101.77,Yes,England,NA,IPF,IPF,2025-07-16,Turkey,NA,Istanbul,World University Powerlifting Cup,Yes,2025
Tomos Atkinson,M,SBD,Raw,23,20-23,24-39,Open,159.2,120+,290,308,315.5,NA,315.5,162.5,170,172.5,NA,172.5,290,317.5,330.5,NA,330.5,818.5,1,433.27,449.04,421.66,84.98,Yes,Wales,NA,IPF,IPF,2025-07-16,Turkey,NA,Istanbul,World University Powerlifting Cup,Yes,2025
Brandon Teh,M,SBD,Raw,24.5,24-34,24-39,Open,73.05,74,240,252.5,260,NA,260,152.5,157.5,-160,NA,157.5,265,285,292.5,NA,292.5,710,2,518.16,515.46,498.62,104.94,Yes,England,NA,IPF,IPF,2025-07-16,Turkey,NA,Istanbul,World University Powerlifting Cup,Yes,2025
Llio Godfrey-Flower,F,SBD,Raw,23.5,24-34,24-39,Open,75.25,76,177.5,189,-196.5,NA,189,115.5,123,125.5,NA,125.5,182.5,195,205,NA,205,519.5,2,505.09,492.83,433.46,102.91,Yes,UK,NA,IPF,IPF,2025-07-16,Turkey,NA,Istanbul,World University Powerlifting Cup,Yes,2025
Isabel Dowling,F,SBD,Raw,24,24-34,24-39,Open,67.9,69,147.5,155,160,NA,160,97.5,-100,100,NA,100,157.5,170,175,NA,175,435,4,447.57,442.1,389.95,90.94,Yes,England,NA,IPF,IPF,2025-07-16,Turkey,NA,Istanbul,World University Powerlifting Cup,Yes,2025
Amy Craig,F,SBD,Raw,24.5,24-34,24-39,Open,68.2,69,157.5,170,177.5,NA,177.5,87.5,92.5,-95,NA,92.5,167.5,182.5,-190,NA,182.5,452.5,1,464.4,458.45,404.34,94.36,Yes,Scotland,NA,IPF,IPF,2025-07-16,Turkey,NA,Istanbul,World University Powerlifting Cup,Yes,2025
Henry Goldstraw,M,SBD,Raw,18.5,18-19,19-23,Open,101.4,105,275,290,303.5,NA,303.5,180,190,195,NA,195,280,295,-307.5,NA,295,793.5,4,485.51,480.29,458.65,99.58,Yes,UK,NA,IPF,IPF,2025-07-16,Turkey,NA,Istanbul,World University Powerlifting Cup,Yes,2025
Ahmad Abdulla,M,SBD,Raw,22.5,20-23,19-23,Open,81.6,83,215,230,-240,NA,230,130,135,137.5,NA,137.5,215,-230,-230,NA,215,582.5,20,397.06,392.82,378.15,81.33,Yes,Qatar,NA,IPF,IPF,2025-07-16,Turkey,NA,Istanbul,World University Powerlifting Cup,Yes,2025
Artem Terekhov,M,SBD,Raw,19,18-19,19-23,Open,92.7,93,255,265,267.5,NA,267.5,170,177.5,182.5,NA,182.5,272.5,277.5,282.5,NA,282.5,732.5,4,466.78,460.86,441.14,95.98,Yes,NA,NA,IPF,IPF,2025-07-16,Turkey,NA,Istanbul,World University Powerlifting Cup,Yes,2025
Ryuichi Inubushi,M,SBD,Raw,21,20-23,19-23,Open,66,66,200,-215,-220,NA,200,151.5,-159,-159,NA,151.5,197.5,212.5,-225,NA,212.5,564,9,441.91,442.85,430.32,87.92,Yes,Japan,NA,IPF,IPF,2025-07-16,Turkey,NA,Istanbul,World University Powerlifting Cup,Yes,2025
Shunya Kametani,M,SBD,Raw,21,20-23,19-23,Open,90.65,93,225,237.5,-250,NA,237.5,145,-155,155,NA,155,227.5,250,-265,NA,250,642.5,17,413.95,408.68,391.56,85.11,Yes,Japan,NA,IPF,IPF,2025-07-16,Turkey,NA,Istanbul,World University Powerlifting Cup,Yes,2025
Mayya Filimonova,F,SBD,Raw,20.5,20-23,19-23,Open,56.65,57,142.5,147.5,152.5,NA,152.5,70,75,NA,NA,75,137.5,145,152.5,NA,152.5,380,3,437.13,443.08,391.84,89.55,Yes,Russia,NA,IPF,IPF,2025-07-16,Turkey,NA,Istanbul,World University Powerlifting Cup,Yes,2025
Ilya Marichev,M,SBD,Raw,23.5,24-34,24-39,Open,73.45,74,278,298,312.5,NA,312.5,145,-155,-155,NA,145,305,340.5,NA,NA,340.5,798,1,580.29,577.07,558.09,117.61,Yes,Russia,NA,IPF,IPF,2025-07-16,Turkey,NA,Istanbul,World University Powerlifting Cup,Yes,2025
Hiroki Sugino,M,SBD,Raw,19.5,20-23,19-23,Open,81.2,83,225,235,242.5,NA,242.5,155,160,165,NA,165,255,265,272.5,NA,272.5,680,8,464.83,459.95,442.88,95.18,Yes,Japan,NA,IPF,IPF,2025-07-16,Turkey,NA,Istanbul,World University Powerlifting Cup,Yes,2025
Sarah Lau,F,SBD,Raw,23.5,24-34,24-39,Open,51.85,52,87.5,95,100,NA,100,62.5,-67.5,-67.5,NA,62.5,120,130,140,NA,140,302.5,5,369.46,377.95,335.06,76.57,Yes,Singapore,NA,IPF,IPF,2025-07-16,Turkey,NA,Istanbul,World University Powerlifting Cup,Yes,2025
Kohei Hoshino,M,SBD,Raw,20,20-23,19-23,Open,65.5,66,-200,210,225,NA,225,122.5,127.5,130,NA,130,225,245,-257.5,NA,245,600,5,472.78,474.08,460.84,93.91,Yes,Japan,NA,IPF,IPF,2025-07-16,Turkey,NA,Istanbul,World University Powerlifting Cup,Yes,2025
Farah Salah Bayzer,F,SBD,Raw,22,20-23,19-23,Open,73.6,76,107.5,115,-117.5,NA,115,52.5,55,-57.5,NA,55,120,130,-135,NA,130,300,9,295.14,288.63,254.06,60.07,Yes,UAE,NA,IPF,IPF,2025-07-16,Turkey,NA,Istanbul,World University Powerlifting Cup,Yes,2025
Imran Fulat,M,SBD,Raw,23,20-23,24-39,Open,104.5,105,267.5,287.5,-300,NA,287.5,165,172.5,-175,NA,172.5,272.5,295,-302.5,NA,295,755,6,456.22,451.91,431.52,93.42,Yes,UAE,NA,IPF,IPF,2025-07-16,Turkey,NA,Istanbul,World University Powerlifting Cup,Yes,2025
Hussain Alsabt,M,SBD,Raw,22,20-23,19-23,Open,69.6,74,-177.5,-182.5,182.5,NA,182.5,117.5,125,127.5,NA,127.5,227.5,242.5,-255,NA,242.5,552.5,13,416.67,415.86,403.12,83.75,Yes,UAE,NA,IPF,IPF,2025-07-16,Turkey,NA,Istanbul,World University Powerlifting Cup,Yes,2025
Kin Hei William Li,M,SBD,Raw,22.5,20-23,19-23,Open,65,66,-215,225,228.5,NA,228.5,125,132.5,-135,NA,132.5,230,245,-260,NA,245,606,3,480.27,481.89,468.6,95.23,Yes,Hong Kong,NA,IPF,IPF,2025-07-16,Turkey,NA,Istanbul,World University Powerlifting Cup,Yes,2025
Moritz Langwallner,M,SBD,Raw,23,20-23,19-23,Open,91.9,93,210,225,237.5,NA,237.5,135,142.5,145,NA,145,255,270,-287.5,NA,270,652.5,14,417.56,412.24,394.75,85.86,Yes,Netherlands,NA,IPF,IPF,2025-07-16,Turkey,NA,Istanbul,World University Powerlifting Cup,Yes,2025
Woei Jin Seah,M,SBD,Raw,25,24-34,24-39,Open,92.7,93,252.5,265,270,NA,270,180,-190,190,NA,190,285,-300,300,NA,300,760,1,484.3,478.16,457.71,99.58,Yes,Singapore,NA,IPF,IPF,2025-07-16,Turkey,NA,Istanbul,World University Powerlifting Cup,Yes,2025
John Endoso,M,SBD,Raw,20,20-23,19-23,Open,103.2,105,280,300,318,NA,318,180,187.5,-192.5,NA,187.5,262.5,275,-277.5,NA,275,780.5,5,474.05,469.3,448.11,97.15,Yes,UAE,NA,IPF,IPF,2025-07-16,Turkey,NA,Istanbul,World University Powerlifting Cup,Yes,2025
Princeton Phasakda,M,SBD,Raw,21,20-23,19-23,Open,91.51,93,170,195,-230,NA,195,142.5,150,152.5,NA,152.5,195,225,-245,NA,225,572.5,16,367.13,362.45,347.13,75.49,Yes,USA,NA,IPF,IPF,2024-07-23,Estonia,NA,Tartu,FISU World University Powerlifting Championships,Yes,2024
Gustavo Alvarado-Pérez,M,SBD,Raw,22.5,20-23,19-23,Open,92.51,93,-245,245,252.5,NA,252.5,142.5,147.5,152.5,NA,152.5,260,267.5,-275,NA,267.5,672.5,10,428.97,423.52,405.44,88.2,Yes,USA,NA,IPF,IPF,2024-07-23,Estonia,NA,Tartu,FISU World University Powerlifting Championships,Yes,2024
Šimon Kupec,M,SBD,Raw,23.5,24-34,24-39,Open,92.12,93,200,210,-215,NA,210,-140,140,-150,NA,140,220,237.5,-250,NA,237.5,587.5,15,375.52,370.75,354.98,77.22,Yes,Slovakia,NA,IPF,IPF,2024-07-23,Estonia,NA,Tartu,FISU World University Powerlifting Championships,Yes,2024
Dino Chew,M,SBD,Raw,25,24-34,24-39,Open,91.54,93,195,210,222.5,NA,222.5,117.5,125,130,NA,130,250,265,-275,NA,265,617.5,14,395.92,390.88,374.35,81.41,Yes,Singapore,NA,IPF,IPF,2024-07-23,Estonia,NA,Tartu,FISU World University Powerlifting Championships,Yes,2024
Kert-Kristofer Kljutsnik,M,SBD,Raw,19.5,20-23,19-23,Open,81.23,83,195,207.5,-215,NA,207.5,95,-102.5,102.5,NA,102.5,220,240,-250,NA,240,550,19,375.89,371.93,358.12,76.97,Yes,Estonia,NA,IPF,IPF,2024-07-23,Estonia,NA,Tartu,FISU World University Powerlifting Championships,Yes,2024
Dawson Aaron,M,SBD,Raw,21,20-23,19-23,Open,82.43,83,240,252.5,-257.5,NA,252.5,150,157.5,167.5,NA,167.5,240,255,265,NA,265,685,5,464.24,459.12,441.78,95.15,Yes,USA,NA,IPF,IPF,2024-07-23,Estonia,NA,Tartu,FISU World University Powerlifting Championships,Yes,2024
Daniel Sejdini,M,SBD,Raw,23.5,24-34,24-39,Open,80.57,83,210,220,227.5,NA,227.5,142.5,152.5,157.5,NA,157.5,265,-285,290,NA,290,675,7,463.51,458.78,441.9,94.86,Yes,Sweden,NA,IPF,IPF,2024-07-23,Estonia,NA,Tartu,FISU World University Powerlifting Championships,Yes,2024
Zhi Hao Guo,M,SBD,Raw,23.5,24-34,24-39,Open,82.44,83,242.5,255,262.5,NA,262.5,165,170,172.5,NA,172.5,270,285,290,NA,290,725,1,491.31,485.89,467.54,100.7,Yes,UK,NA,IPF,IPF,2024-07-23,Estonia,NA,Tartu,FISU World University Powerlifting Championships,Yes,2024
Bryan Sim Cheng Leng,M,SBD,Raw,23.5,24-34,24-39,Open,81.72,83,222.5,235,-245,NA,235,145,152.5,160,NA,160,280,-297.5,-316,NA,280,675,8,459.72,454.79,437.78,94.18,Yes,Singapore,NA,IPF,IPF,2024-07-23,Estonia,NA,Tartu,FISU World University Powerlifting Championships,Yes,2024
Justin Choy,M,SBD,Raw,24.5,24-34,24-39,Open,82.17,83,222.5,237.5,-240,NA,237.5,137.5,145,-150,NA,145,245,-260,-260,NA,245,627.5,15,426.03,421.38,405.52,87.31,Yes,USA,NA,IPF,IPF,2024-07-23,Estonia,NA,Tartu,FISU World University Powerlifting Championships,Yes,2024
Irmantas Toleikis,M,SBD,Raw,24.5,24-34,24-39,Open,80.83,83,210,225,-232.5,NA,225,132.5,-137.5,-137.5,NA,132.5,250,260,-267.5,NA,260,617.5,16,423.23,418.85,403.39,86.63,Yes,Lithuania,NA,IPF,IPF,2024-07-23,Estonia,NA,Tartu,FISU World University Powerlifting Championships,Yes,2024
Adam Dias,M,SBD,Raw,18.5,18-19,19-23,Open,71.83,74,205,-207.5,-207.5,NA,205,120,125,-127.5,NA,125,217.5,230,242.5,NA,242.5,572.5,12,422.52,420.78,407.33,85.36,Yes,USA,NA,IPF,IPF,2024-07-23,Estonia,NA,Tartu,FISU World University Powerlifting Championships,Yes,2024
Micah Barron,M,SBD,Raw,19.5,20-23,19-23,Open,73.58,74,205,-212.5,212.5,NA,212.5,115,-122.5,122.5,NA,122.5,250,-265,-265,NA,250,585,11,424.91,422.51,408.58,86.14,Yes,USA,NA,IPF,IPF,2024-07-23,Estonia,NA,Tartu,FISU World University Powerlifting Championships,Yes,2024
Solano Peracchi,M,SBD,Raw,20,20-23,19-23,Open,73.55,74,197.5,210,217.5,NA,217.5,117.5,125,130,NA,130,245,260,-270,NA,260,607.5,9,441.37,438.89,424.42,89.47,Yes,Belgium,NA,IPF,IPF,2024-07-23,Estonia,NA,Tartu,FISU World University Powerlifting Championships,Yes,2024
Matthew Lee Ming Kai,M,SBD,Raw,22.5,20-23,19-23,Open,70.84,74,212.5,227.5,232.5,NA,232.5,132.5,142.5,147.5,NA,147.5,240,260,267.5,NA,267.5,647.5,1,482.39,480.86,465.76,97.25,Yes,Singapore,NA,IPF,IPF,2024-07-23,Estonia,NA,Tartu,FISU World University Powerlifting Championships,Yes,2024
Faruk Bag,M,SBD,Raw,23,20-23,19-23,Open,73.45,74,200,212.5,-217.5,NA,212.5,105,112.5,117.5,NA,117.5,215,232.5,240,NA,240,570,13,414.49,412.2,398.64,84.01,Yes,Belgium,NA,IPF,IPF,2024-07-23,Estonia,NA,Tartu,FISU World University Powerlifting Championships,Yes,2024
Joseph Kelsey,M,SBD,Raw,22.5,20-23,19-23,Open,73.63,74,210,222.5,227.5,NA,227.5,145,150,-152.5,NA,150,225,237.5,-245,NA,237.5,615,7,446.5,443.96,429.31,90.52,Yes,UK,NA,IPF,IPF,2024-07-23,Estonia,NA,Tartu,FISU World University Powerlifting Championships,Yes,2024
Joon Khong Goh,M,SBD,Raw,24,24-34,24-39,Open,71.91,74,210,-222.5,227.5,NA,227.5,120,127.5,130,NA,130,240,255,267.5,NA,267.5,625,5,460.92,458.99,444.29,93.13,Yes,Singapore,NA,IPF,IPF,2024-07-23,Estonia,NA,Tartu,FISU World University Powerlifting Championships,Yes,2024
Kevin Aland,M,SBD,Raw,18.5,18-19,19-23,Open,65.73,66,170,-180,180,NA,180,115,120,-122.5,NA,120,205,-220,-220,NA,205,505,15,396.89,397.87,386.68,78.89,Yes,Estonia,NA,IPF,IPF,2024-07-23,Estonia,NA,Tartu,FISU World University Powerlifting Championships,Yes,2024
Daniel Glavan,M,SBD,Raw,19,18-19,19-23,Open,65.42,66,207.5,222.5,233,NA,233,110,115,117.5,NA,117.5,235,250,-267.5,NA,250,600.5,3,473.61,474.96,461.72,94.05,Yes,USA,NA,IPF,IPF,2024-07-23,Estonia,NA,Tartu,FISU World University Powerlifting Championships,Yes,2024
Rana Sirjan,M,SBD,Raw,21.5,20-23,19-23,Open,64.66,66,165,175,180,NA,180,105,110,115,NA,115,225,-240,-242.5,NA,225,520,14,413.75,415.33,403.98,81.95,Yes,UK,NA,IPF,IPF,2024-07-23,Estonia,NA,Tartu,FISU World University Powerlifting Championships,Yes,2024
Bryan Alejandro Sigaran Ramirez,M,SBD,Raw,21.5,20-23,19-23,Open,65.6,66,165,175,-182.5,NA,175,115,122.5,127.5,NA,127.5,205,215,222.5,NA,222.5,525,13,413.22,414.3,402.7,82.1,Yes,Sweden,NA,IPF,IPF,2024-07-23,Estonia,NA,Tartu,FISU World University Powerlifting Championships,Yes,2024
Kendrick Ou,M,SBD,Raw,23,20-23,19-23,Open,65.84,66,182.5,190,195,NA,195,122.5,127.5,-132.5,NA,127.5,205,215,220,NA,220,542.5,11,425.83,426.82,414.79,84.68,Yes,Singapore,NA,IPF,IPF,2024-07-23,Estonia,NA,Tartu,FISU World University Powerlifting Championships,Yes,2024
Daiki Sato,M,SBD,Raw,22.5,20-23,19-23,Open,65.2,66,205,217.5,-225,NA,217.5,125,-127.5,-127.5,NA,125,215,230,240,NA,240,582.5,5,460.58,462.02,449.21,91.39,Yes,Japan,NA,IPF,IPF,2024-07-23,Estonia,NA,Tartu,FISU World University Powerlifting Championships,Yes,2024
Bartosz Kucharczyk,M,SBD,Raw,24.5,24-34,24-39,Open,65.03,66,190,202.5,-212.5,NA,202.5,110,120,-127.5,NA,120,225,-235,-240,NA,225,547.5,9,433.75,435.2,423.19,86.02,Yes,Poland,NA,IPF,IPF,2024-07-23,Estonia,NA,Tartu,FISU World University Powerlifting Championships,Yes,2024
Ayden Triano,M,SBD,Raw,20.5,20-23,19-23,Open,55.94,59,122.5,-130,-130,NA,122.5,75,-80,80,NA,80,155,165,-180,NA,165,367.5,6,329.24,334.9,328.38,62.57,Yes,USA,NA,IPF,IPF,2024-07-23,Estonia,NA,Tartu,FISU World University Powerlifting Championships,Yes,2024
Mohammed Al Dumaini,M,SBD,Raw,20.5,20-23,19-23,Open,57.42,59,95,-105,-105,NA,95,62.5,-67.5,-67.5,NA,62.5,110,125,140,NA,140,297.5,7,260.54,264.36,258.8,49.95,Yes,UAE,NA,IPF,IPF,2024-07-23,Estonia,NA,Tartu,FISU World University Powerlifting Championships,Yes,2024
Khalifa Mohammad,M,SBD,Raw,21.5,20-23,19-23,Open,58.15,59,155,165,167.5,NA,167.5,100,105,110,NA,110,210,222.5,230.5,NA,230.5,508,1,440.12,446.03,436.33,84.72,Yes,UAE,NA,IPF,IPF,2024-07-23,Estonia,NA,Tartu,FISU World University Powerlifting Championships,Yes,2024
Lun Ting Chia,M,SBD,Raw,24,24-34,24-39,Open,57.81,59,167.5,177.5,185,NA,185,100,107.5,112.5,NA,112.5,170,182.5,190,NA,190,487.5,2,424.47,430.41,421.2,81.55,Yes,Singapore,NA,IPF,IPF,2024-07-23,Estonia,NA,Tartu,FISU World University Powerlifting Championships,Yes,2024
MiRick Tarazon,M,SBD,Raw,24.5,24-34,24-39,Open,58.57,59,142.5,150,-152.5,NA,150,97.5,102.5,-105,NA,102.5,180,-192.5,-192.5,NA,180,432.5,5,372.44,377.18,368.83,71.85,Yes,USA,NA,IPF,IPF,2024-07-23,Estonia,NA,Tartu,FISU World University Powerlifting Championships,Yes,2024
Nicolas Flores,M,SBD,Raw,19.5,20-23,19-23,Open,118.9,120,270,282.5,292.5,NA,292.5,-155,-155,155,NA,155,205,220,-225,NA,220,667.5,14,384.53,384.59,368.5,77.91,Yes,USA,NA,IPF,IPF,2024-07-23,Estonia,NA,Tartu,FISU World University Powerlifting Championships,Yes,2024
Max Loo Yu Bin,M,SBD,Raw,21.5,20-23,19-23,Open,117.81,120,245,260,272.5,NA,272.5,127.5,135,-140,NA,135,270,282.5,-292.5,NA,282.5,690,12,398.74,398.45,381.7,80.86,Yes,Singapore,NA,IPF,IPF,2024-07-23,Estonia,NA,Tartu,FISU World University Powerlifting Championships,Yes,2024
Jaden Bilal,M,SBD,Raw,21.5,20-23,19-23,Open,113.66,120,-227.5,227.5,-237.5,NA,227.5,130,135,-137.5,NA,135,265,272.5,-277.5,NA,272.5,635,15,371.59,370.14,354.16,75.61,Yes,USA,NA,IPF,IPF,2024-07-23,Estonia,NA,Tartu,FISU World University Powerlifting Championships,Yes,2024
Abdalla Al Hosani,M,SBD,Raw,21.5,20-23,19-23,Open,112.38,120,192.5,-202.5,202.5,NA,202.5,112.5,120,-122.5,NA,120,210,225,235,NA,235,557.5,18,327.58,326.01,311.8,66.72,Yes,UAE,NA,IPF,IPF,2024-07-23,Estonia,NA,Tartu,FISU World University Powerlifting Championships,Yes,2024
Nicolas Nitranský,M,SBD,Raw,23,20-23,19-23,Open,115.73,120,200,210,-222.5,NA,210,130,-137.5,-137.5,NA,130,230,242.5,250,NA,250,590,16,343.06,342.25,327.68,69.69,Yes,Slovakia,NA,IPF,IPF,2024-07-23,Estonia,NA,Tartu,FISU World University Powerlifting Championships,Yes,2024
Elias Kenneryd,M,SBD,Raw,24.5,24-34,24-39,Open,119.6,120,300,312.5,317.5,NA,317.5,180,185,-187.5,NA,185,312.5,330.5,-340,NA,330.5,833,2,478.93,479.28,459.26,96.97,Yes,Sweden,NA,IPF,IPF,2024-07-23,Estonia,NA,Tartu,FISU World University Powerlifting Championships,Yes,2024
Blaize Whitaker,M,SBD,Raw,19.5,20-23,19-23,Open,143.08,120+,240,252.5,255,NA,255,157.5,165,175,NA,175,262.5,285,-300,NA,285,715,9,389.47,398.27,377.93,77.28,Yes,USA,NA,IPF,IPF,2024-07-23,Estonia,NA,Tartu,FISU World University Powerlifting Championships,Yes,2024
Yousef Alfardan,M,SBD,Raw,22,20-23,19-23,Open,152.65,120+,260,-275,-280,NA,260,170,180,-182.5,NA,180,280,300,-325,NA,300,740,8,396.08,408.43,385.64,78.03,Yes,UAE,NA,IPF,IPF,2024-07-23,Estonia,NA,Tartu,FISU World University Powerlifting Championships,Yes,2024
Enrice Mario Soodla,M,SBD,Raw,22.5,20-23,19-23,Open,129.53,120+,75,NA,NA,NA,75,177.5,185,192.5,NA,192.5,75,NA,NA,NA,75,342.5,11,191.99,193.84,185.21,38.54,Yes,Estonia,NA,IPF,IPF,2024-07-23,Estonia,NA,Tartu,FISU World University Powerlifting Championships,Yes,2024
Polo Tapia,M,SBD,Raw,23,20-23,24-39,Open,149.25,120+,330,350,-362.5,NA,350,190,-197.5,-197.5,NA,190,250,-265,-265,NA,250,790,6,425.4,437.41,413.74,84.01,Yes,USA,NA,IPF,IPF,2024-07-23,Estonia,NA,Tartu,FISU World University Powerlifting Championships,Yes,2024
Matthew Schraith,M,SBD,Raw,20.5,20-23,19-23,Open,103.54,105,-255,255,265,NA,265,155,160,165,NA,165,285,305,-322.5,NA,305,735,7,445.81,441.41,421.48,91.34,Yes,USA,NA,IPF,IPF,2024-07-23,Estonia,NA,Tartu,FISU World University Powerlifting Championships,Yes,2024
Ralf Nicholas Noor,M,SBD,Raw,21.5,20-23,19-23,Open,100.32,105,155,165,172.5,NA,172.5,107.5,112.5,-117.5,NA,112.5,200,215,225,NA,225,510,19,313.48,309.99,296.06,64.33,Yes,Estonia,NA,IPF,IPF,2024-07-23,Estonia,NA,Tartu,FISU World University Powerlifting Championships,Yes,2024
Linas Sidaravičius,M,SBD,Raw,21.5,20-23,19-23,Open,102.95,105,235,-242.5,-242.5,NA,235,145,152.5,155,NA,155,75,-77.5,-77.5,NA,75,465,20,282.71,279.84,267.21,57.94,Yes,Lithuania,NA,IPF,IPF,2024-07-23,Estonia,NA,Tartu,FISU World University Powerlifting Championships,Yes,2024
Emil Wetterling,M,SBD,Raw,21.5,20-23,19-23,Open,104.87,105,220,-237.5,240,NA,240,150,157.5,-165,NA,157.5,290,310,320,NA,320,717.5,12,432.94,428.93,409.58,88.64,Yes,Sweden,NA,IPF,IPF,2024-07-23,Estonia,NA,Tartu,FISU World University Powerlifting Championships,Yes,2024
Diego Octavio Salgado,M,SBD,Raw,22.5,20-23,19-23,Open,104.09,105,290,310,312.5,NA,312.5,195,206,212.5,NA,212.5,300,330,-352.5,NA,330,855,2,517.47,512.49,489.36,105.99,Yes,Mexico,NA,IPF,IPF,2024-07-23,Estonia,NA,Tartu,FISU World University Powerlifting Championships,Yes,2024
Eetu Vienonen,M,SBD,Raw,24.5,24-34,24-39,Open,102.84,105,215,227.5,235,NA,235,145,-155,155,NA,155,230,250,260,NA,260,650,18,395.36,391.34,373.67,81.04,Yes,Finland,NA,IPF,IPF,2024-07-23,Estonia,NA,Tartu,FISU World University Powerlifting Championships,Yes,2024
Mena Reeves,F,SBD,Raw,19,18-19,19-23,Open,81.52,84,152.5,160,-170,NA,160,75,-82.5,-82.5,NA,75,145,152.5,160,NA,160,395,7,368.75,357.74,313.38,75.5,Yes,USA,NA,IPF,IPF,2024-07-23,Estonia,NA,Tartu,FISU World University Powerlifting Championships,Yes,2024
Heaven Conner,F,SBD,Raw,20,20-23,19-23,Open,79.61,84,120,127.5,132.5,NA,132.5,72.5,-77.5,-77.5,NA,72.5,117.5,125,132.5,NA,132.5,337.5,9,318.79,309.66,271.64,65.16,Yes,USA,NA,IPF,IPF,2024-07-23,Estonia,NA,Tartu,FISU World University Powerlifting Championships,Yes,2024
Marta Malojlo,F,SBD,Raw,22.5,20-23,19-23,Open,78.9,84,140,147.5,152.5,NA,152.5,62.5,67.5,70,NA,70,150,162.5,175,NA,175,397.5,5,377.15,366.57,321.72,77.04,Yes,Latvia,NA,IPF,IPF,2024-07-23,Estonia,NA,Tartu,FISU World University Powerlifting Championships,Yes,2024
Caity McMahon,F,SBD,Raw,19,18-19,19-23,Open,94.53,84+,120,127.5,130,NA,130,65,70,-72.5,NA,70,132.5,140,150,NA,150,350,4,305.52,296.76,256.64,63.44,Yes,USA,NA,IPF,IPF,2024-07-23,Estonia,NA,Tartu,FISU World University Powerlifting Championships,Yes,2024
Annika Boungnavo,F,SBD,Raw,20.5,20-23,19-23,Open,92.43,84+,122.5,-130,130,NA,130,55,60,62.5,NA,62.5,125,135,142.5,NA,142.5,335,6,295.22,286.4,248.29,61.15,Yes,USA,NA,IPF,IPF,2024-07-23,Estonia,NA,Tartu,FISU World University Powerlifting Championships,Yes,2024
Emma Victoria Talvik,F,SBD,Raw,21.5,20-23,19-23,Open,85.22,84+,122.5,130,NA,NA,130,65,-70,70,NA,70,135,145,-152.5,NA,145,345,5,315.3,305.48,266.78,64.79,Yes,Estonia,NA,IPF,IPF,2024-07-23,Estonia,NA,Tartu,FISU World University Powerlifting Championships,Yes,2024
Jamie Scott,F,SBD,Raw,22,20-23,19-23,Open,74.06,76,145,152.5,-157.5,NA,152.5,80,85,87.5,NA,87.5,175,182.5,-187.5,NA,182.5,422.5,8,414.27,404.86,356.3,84.34,Yes,USA,NA,IPF,IPF,2024-07-23,Estonia,NA,Tartu,FISU World University Powerlifting Championships,Yes,2024
Isa Boonstra,F,SBD,Raw,22.5,20-23,19-23,Open,70.17,76,135,-142.5,-142.5,NA,135,80,85,87.5,NA,87.5,155,165,-172.5,NA,165,387.5,12,391.33,384.86,339.23,79.54,Yes,Netherlands,NA,IPF,IPF,2024-07-23,Estonia,NA,Tartu,FISU World University Powerlifting Championships,Yes,2024
Megan Richard,F,SBD,Raw,23,20-23,19-23,Open,75.21,76,150,160,167.5,NA,167.5,87.5,90,95,NA,95,142.5,150,-160,NA,150,412.5,10,401.17,391.45,344.31,81.73,Yes,USA,NA,IPF,IPF,2024-07-23,Estonia,NA,Tartu,FISU World University Powerlifting Championships,Yes,2024
Alicia Jemets,F,SBD,Raw,24.5,24-34,24-39,Open,74.79,76,112.5,120,-122.5,NA,120,-67.5,-70,70,NA,70,135,-150,150,NA,150,340,13,331.64,323.79,284.85,67.55,Yes,Estonia,NA,IPF,IPF,2024-07-23,Estonia,NA,Tartu,FISU World University Powerlifting Championships,Yes,2024
Faith Anderson,F,SBD,Raw,18.5,18-19,19-23,Open,68.62,69,117.5,125,132.5,NA,132.5,65,70,75,NA,75,120,127.5,-137.5,NA,127.5,335,12,342.6,337.93,298.01,69.62,Yes,USA,NA,IPF,IPF,2024-07-23,Estonia,NA,Tartu,FISU World University Powerlifting Championships,Yes,2024
Kimberly Pedroza,F,SBD,Raw,20.5,20-23,19-23,Open,67.78,69,-105,-110,110,NA,110,55,57.5,60,NA,60,130,140,147.5,NA,147.5,317.5,15,327,323.09,284.99,66.44,Yes,USA,NA,IPF,IPF,2024-07-23,Estonia,NA,Tartu,FISU World University Powerlifting Championships,Yes,2024
Cornelia Hinnersson,F,SBD,Raw,20.5,20-23,19-23,Open,68.59,69,125,132.5,-137.5,NA,132.5,87.5,92.5,-95,NA,92.5,177.5,185,190,NA,190,415,8,424.53,418.76,369.29,86.26,Yes,Sweden,NA,IPF,IPF,2024-07-23,Estonia,NA,Tartu,FISU World University Powerlifting Championships,Yes,2024
Evelyn-Tiare Kaljurand,F,SBD,Raw,23.5,24-34,24-39,Open,68.99,69,-125,130,135,NA,135,50,55,-57.5,NA,55,135,150,-155,NA,150,340,11,346.66,341.68,301.28,70.44,Yes,Estonia,NA,IPF,IPF,2024-07-23,Estonia,NA,Tartu,FISU World University Powerlifting Championships,Yes,2024
Indra Aru,F,SBD,Raw,24.5,24-34,24-39,Open,67.38,69,115,122.5,-125,NA,122.5,65,72.5,-75,NA,72.5,120,130,-137.5,NA,130,325,14,335.87,332.13,292.99,68.24,Yes,Estonia,NA,IPF,IPF,2024-07-23,Estonia,NA,Tartu,FISU World University Powerlifting Championships,Yes,2024
Jenni Kahri,F,SBD,Raw,20.5,20-23,19-23,Open,61.13,63,127.5,-132.5,-132.5,NA,127.5,72.5,77.5,80,NA,80,135,145,155,NA,155,362.5,8,397.18,398.37,351.89,80.9,Yes,Finland,NA,IPF,IPF,2024-07-23,Estonia,NA,Tartu,FISU World University Powerlifting Championships,Yes,2024
Sydney Kender,F,SBD,Raw,20.5,20-23,19-23,Open,59.62,63,105,112.5,-117.5,NA,112.5,45,47.5,50,NA,50,120,127.5,130,NA,130,292.5,12,325.56,327.72,289.58,66.41,Yes,USA,NA,IPF,IPF,2024-07-23,Estonia,NA,Tartu,FISU World University Powerlifting Championships,Yes,2024
Eva Fajs,F,SBD,Raw,23,20-23,19-23,Open,62.36,63,137.5,145,152.5,NA,152.5,75,77.5,80,NA,80,155,-170,175,NA,175,407.5,3,441.02,441.04,389.5,89.75,Yes,Slovenia,NA,IPF,IPF,2024-07-23,Estonia,NA,Tartu,FISU World University Powerlifting Championships,Yes,2024
Katherine Costanzo,F,SBD,Raw,18.5,18-19,19-23,Open,54.57,57,97.5,107.5,112.5,NA,112.5,52.5,-55,55,NA,55,117.5,125,-132.5,NA,125,292.5,11,344.95,351.2,310.84,70.97,Yes,USA,NA,IPF,IPF,2024-07-23,Estonia,NA,Tartu,FISU World University Powerlifting Championships,Yes,2024
Annabel Maksimov,F,SBD,Raw,21.5,20-23,19-23,Open,55.17,57,80,85,87.5,NA,87.5,45,50,52.5,NA,52.5,90,102.5,115,NA,115,255,12,298.53,303.57,268.61,61.33,Yes,Estonia,NA,IPF,IPF,2024-07-23,Estonia,NA,Tartu,FISU World University Powerlifting Championships,Yes,2024
Minagawa Misaki,F,SBD,Raw,20.5,20-23,19-23,Open,51.05,52,-90,90,-100,NA,90,57.5,62.5,-65,NA,62.5,115,122.5,130,NA,130,282.5,4,348.81,357.21,316.87,72.49,Yes,Japan,NA,IPF,IPF,2024-07-23,Estonia,NA,Tartu,FISU World University Powerlifting Championships,Yes,2024
Shamma Alhosani #2,F,SBD,Raw,22.5,20-23,19-23,Open,51.65,52,60,-67.5,67.5,NA,67.5,37.5,-42.5,45,NA,45,80,-92.5,-95,NA,80,192.5,5,235.74,241.23,213.89,48.89,Yes,UAE,NA,IPF,IPF,2024-07-23,Estonia,NA,Tartu,FISU World University Powerlifting Championships,Yes,2024
Deimantė Žurinskaitė,F,SBD,Raw,22.5,20-23,19-23,Open,51.79,52,107.5,115,117.5,NA,117.5,65,-70,-70,NA,65,-130,130,132.5,NA,132.5,315,3,385.04,393.92,349.23,79.82,Yes,Lithuania,NA,IPF,IPF,2024-07-23,Estonia,NA,Tartu,FISU World University Powerlifting Championships,Yes,2024
Yuto Watanabe,M,SBD,Raw,20.5,20-23,19-23,Open,73.98,74,200,210,217.5,NA,217.5,125,135,140,NA,140,250,275,-292.5,NA,275,632.5,4,457.79,455.05,439.95,92.87,Yes,Japan,NA,IPF,IPF,2024-07-23,Estonia,NA,Tartu,FISU World University Powerlifting Championships,Yes,2024
Cameron Lunsford,M,SBD,Raw,21.5,20-23,19-23,Open,103.77,105,-285,285,295,NA,295,180,190,-197.5,NA,190,260,270,282.5,NA,282.5,767.5,4,465.1,460.55,439.76,95.28,Yes,USA,NA,IPF,IPF,2024-07-23,Estonia,NA,Tartu,FISU World University Powerlifting Championships,Yes,2024
Shiho Fujiwara,F,SBD,Raw,21.5,20-23,19-23,Open,72.84,76,110,120,125,NA,125,60,65,-67.5,NA,65,110,125,-135,NA,125,315,14,311.64,305.11,268.66,63.41,Yes,Japan,NA,IPF,IPF,2024-07-23,Estonia,NA,Tartu,FISU World University Powerlifting Championships,Yes,2024
Marino Katalinić,M,SBD,Raw,24.5,24-34,24-39,Open,117.49,120,230,245,260,NA,260,-160,165,-170,NA,165,235,255,-270,NA,255,680,13,393.33,392.94,376.39,79.78,Yes,Croatia,NA,IPF,IPF,2024-07-23,Estonia,NA,Tartu,FISU World University Powerlifting Championships,Yes,2024
Dora Rinčić,F,SBD,Raw,22,20-23,19-23,Open,55.99,57,115,-120,120,NA,120,50,52.5,55,NA,55,142.5,147.5,150,NA,150,325,10,376.76,382.45,338.29,77.28,Yes,Croatia,NA,IPF,IPF,2024-07-23,Estonia,NA,Tartu,FISU World University Powerlifting Championships,Yes,2024
Klara Mendaš,F,SBD,Raw,24,24-34,24-39,Open,56.65,57,112.5,117.5,122.5,NA,122.5,52.5,55,57.5,NA,57.5,135,142.5,150,NA,150,330,9,379.61,384.78,340.28,77.77,Yes,Croatia,NA,IPF,IPF,2024-07-23,Estonia,NA,Tartu,FISU World University Powerlifting Championships,Yes,2024
Oliver Ozvačić,M,SBD,Raw,21.5,20-23,19-23,Open,101,105,225,245,255,NA,255,175,185,190,NA,190,270,287.5,-300,NA,287.5,732.5,8,448.94,444.04,424.05,92.1,Yes,Croatia,NA,IPF,IPF,2024-07-23,Estonia,NA,Tartu,FISU World University Powerlifting Championships,Yes,2024
Leo Tijanić,M,SBD,Raw,22,20-23,19-23,Open,91.82,93,225,237.5,-250,NA,237.5,140,147.5,152.5,NA,152.5,235,250,260,NA,260,650,12,416.13,410.84,393.42,85.57,Yes,Croatia,NA,IPF,IPF,2024-07-23,Estonia,NA,Tartu,FISU World University Powerlifting Championships,Yes,2024
Ivan Lokas,M,SBD,Raw,24,24-34,24-39,Open,97.95,105,235,250,255,NA,255,140,150,152.5,NA,152.5,255,-270,270,NA,270,677.5,15,420.83,415.84,397.34,86.44,Yes,Croatia,NA,IPF,IPF,2024-07-23,Estonia,NA,Tartu,FISU World University Powerlifting Championships,Yes,2024
Noah Nativel,M,SBD,Raw,22.5,20-23,19-23,Open,65.61,66,205,215,220,NA,220,140,147.5,152.5,NA,152.5,-222.5,235,245,NA,245,617.5,2,485.96,487.23,473.58,96.56,Yes,France,NA,IPF,IPF,2024-07-23,Estonia,NA,Tartu,FISU World University Powerlifting Championships,Yes,2024
Johanna Sanjuan,F,SBD,Raw,20.5,20-23,19-23,Open,46.32,47,110,115,120,NA,120,50,55,-60,NA,55,130,137.5,140,NA,140,315,2,417.32,428.09,382.06,88.6,Yes,France,NA,IPF,IPF,2024-07-23,Estonia,NA,Tartu,FISU World University Powerlifting Championships,Yes,2024
Ana Sophia Arriola,F,SBD,Raw,21.5,20-23,19-23,Open,49.33,52,117.5,122.5,125,NA,125,62.5,-67.5,67.5,NA,67.5,140,145,153.5,NA,153.5,346,2,437.74,449.03,399,91.57,Yes,Mexico,NA,IPF,IPF,2024-07-23,Estonia,NA,Tartu,FISU World University Powerlifting Championships,Yes,2024
Jose Sanchez #3,M,SBD,Raw,23.5,24-34,24-39,Open,114.6,120,290,302.5,310,NA,310,180,-185,-185,NA,180,292.5,307.5,-317.5,NA,307.5,797.5,5,465.31,463.82,443.92,94.61,Yes,Mexico,NA,IPF,IPF,2024-07-23,Estonia,NA,Tartu,FISU World University Powerlifting Championships,Yes,2024
Aylin Esthefania Cuevas Guzmán,F,SBD,Raw,20,20-23,19-23,Open,46.05,47,117.5,124,126,NA,126,57.5,62.5,-65,NA,62.5,142.5,153,155.5,NA,155.5,344,1,457.73,469.44,419.17,97.34,Yes,Mexico,NA,IPF,IPF,2024-07-23,Estonia,NA,Tartu,FISU World University Powerlifting Championships,Yes,2024
Stina Lindkvist,F,SBD,Raw,23.5,24-34,24-39,Open,83.99,84,155,165,173,NA,173,87.5,92.5,95,NA,95,175,187.5,192.5,NA,192.5,460.5,1,423.75,410.67,359.03,86.97,Yes,Sweden,NA,IPF,IPF,2024-07-23,Estonia,NA,Tartu,FISU World University Powerlifting Championships,Yes,2024
Marija Locmele,F,SBD,Raw,23.5,24-34,24-39,Open,62.72,63,120,127.5,132.5,NA,132.5,70,75,77.5,NA,77.5,132.5,142.5,-150,NA,142.5,352.5,11,380.15,379.85,335.43,77.34,Yes,Latvia,NA,IPF,IPF,2024-07-23,Estonia,NA,Tartu,FISU World University Powerlifting Championships,Yes,2024
Rick Duyvestijn,M,SBD,Raw,22.5,20-23,19-23,Open,91.09,93,-225,225,-240,NA,225,152.5,157.5,160,NA,160,280,295,-300,NA,295,680,8,437.05,431.49,413.33,89.87,Yes,Netherlands,NA,IPF,IPF,2024-07-23,Estonia,NA,Tartu,FISU World University Powerlifting Championships,Yes,2024
Reya Soontalu,F,SBD,Raw,17.5,18-19,14-18,Open,84.01,84+,107.5,115,122.5,NA,122.5,65,70,-72.5,NA,70,150,157.5,162.5,NA,162.5,355,3,326.64,316.55,276.74,67.04,Yes,Estonia,NA,IPF,IPF,2024-07-23,Estonia,NA,Tartu,FISU World University Powerlifting Championships,Yes,2024
Andra Aruksaar,F,SBD,Raw,17.5,18-19,14-18,Open,80.01,84,-150,150,162.5,NA,162.5,65,70,72.5,NA,72.5,145,155,160,NA,160,395,6,372.17,361.4,316.94,76.1,Yes,Estonia,NA,IPF,IPF,2024-07-23,Estonia,NA,Tartu,FISU World University Powerlifting Championships,Yes,2024
Marčelina Filipović,F,SBD,Raw,18.5,18-19,19-23,Open,63.87,69,-145,145,152.5,NA,152.5,47.5,52.5,55,NA,55,117.5,125,-130,NA,125,332.5,13,354.65,353.42,312.02,72.11,Yes,Croatia,NA,IPF,IPF,2024-07-23,Estonia,NA,Tartu,FISU World University Powerlifting Championships,Yes,2024
Katya Katzarova,F,SBD,Raw,20.5,20-23,19-23,Open,45.77,47,45,50,57.5,NA,57.5,-50,52.5,57.5,NA,57.5,95,105,112.5,NA,112.5,227.5,5,304.1,311.8,278.56,64.78,Yes,Bulgaria,NA,IPF,IPF,2024-07-23,Estonia,NA,Tartu,FISU World University Powerlifting Championships,Yes,2024
Stjepan Romić,M,SBD,Raw,20,20-23,19-23,Open,91.12,93,235,250,-260,NA,250,162.5,170,-175,NA,170,270,290,-305,NA,290,710,6,456.26,450.45,431.49,93.82,Yes,Croatia,NA,IPF,IPF,2024-07-23,Estonia,NA,Tartu,FISU World University Powerlifting Championships,Yes,2024
Gabriel Višek,M,SBD,Raw,22,20-23,19-23,Open,82.24,83,220,232.5,240,NA,240,137.5,145,150,NA,150,270,285,300,NA,300,690,4,468.24,463.11,445.67,95.96,Yes,Croatia,NA,IPF,IPF,2024-07-23,Estonia,NA,Tartu,FISU World University Powerlifting Championships,Yes,2024
Luuk Tiel,M,SBD,Raw,22.5,20-23,19-23,Open,81.35,83,210,222.5,227.5,NA,227.5,155,160,-165,NA,160,240,252.5,265,NA,265,652.5,10,445.56,440.85,424.45,91.25,Yes,Netherlands,NA,IPF,IPF,2024-07-23,Estonia,NA,Tartu,FISU World University Powerlifting Championships,Yes,2024
Juli Besteman,F,SBD,Raw,21.5,20-23,19-23,Open,75.32,76,142.5,150,152.5,NA,152.5,85,90,-92.5,NA,90,170,182.5,187.5,NA,187.5,430,7,417.87,407.69,358.57,85.14,Yes,Netherlands,NA,IPF,IPF,2024-07-23,Estonia,NA,Tartu,FISU World University Powerlifting Championships,Yes,2024
Ida Janež,F,SBD,Raw,21.5,20-23,19-23,Open,62.2,63,147.5,155,-160,NA,155,80,85,87.5,NA,87.5,150,157.5,162.5,NA,162.5,405,5,439,439.2,387.88,89.35,Yes,Slovenia,NA,IPF,IPF,2024-07-23,Estonia,NA,Tartu,FISU World University Powerlifting Championships,Yes,2024
Lara Raffone,F,SBD,Raw,22,20-23,19-23,Open,75.17,76,145,155,160,NA,160,72.5,77.5,-80,NA,77.5,160,172.5,185,NA,185,422.5,9,411.01,401.08,352.78,83.73,Yes,Slovenia,NA,IPF,IPF,2024-07-23,Estonia,NA,Tartu,FISU World University Powerlifting Championships,Yes,2024
Amanda Veiksane,F,SBD,Raw,22.5,20-23,19-23,Open,68.21,69,122.5,132.5,137.5,NA,137.5,55,60,62.5,NA,62.5,145,157.5,167.5,NA,167.5,367.5,10,377.13,372.29,328.35,76.63,Yes,Latvia,NA,IPF,IPF,2024-07-23,Estonia,NA,Tartu,FISU World University Powerlifting Championships,Yes,2024
Lea Zugan,F,SBD,Raw,24.5,24-34,24-39,Open,82.12,84,142.5,150,152.5,NA,152.5,-60,62.5,-67.5,NA,62.5,162.5,175,185,NA,185,400,4,372.08,360.86,315.97,76.23,Yes,Slovenia,NA,IPF,IPF,2024-07-23,Estonia,NA,Tartu,FISU World University Powerlifting Championships,Yes,2024
Laura Jelen,F,SBD,Raw,25,24-34,24-39,Open,82.99,84,137.5,145,150,NA,150,67.5,72.5,75,NA,75,132.5,142.5,147.5,NA,147.5,372.5,8,344.74,334.21,292.43,70.68,Yes,Slovenia,NA,IPF,IPF,2024-07-23,Estonia,NA,Tartu,FISU World University Powerlifting Championships,Yes,2024
Natan Cavrenne,M,SBD,Raw,20.5,20-23,19-23,Open,82.24,83,215,227.5,-232.5,NA,227.5,132.5,137.5,140,NA,140,245,262.5,-275,NA,262.5,630,14,427.52,422.84,406.92,87.62,Yes,Belgium,NA,IPF,IPF,2024-07-23,Estonia,NA,Tartu,FISU World University Powerlifting Championships,Yes,2024
Alexander Chmelo,M,SBD,Raw,21.5,20-23,19-23,Open,99.45,105,225,240,250,NA,250,145,150,155,NA,155,290,300,-310,NA,300,705,14,434.98,430.01,410.74,89.3,Yes,Slovakia,NA,IPF,IPF,2024-07-23,Estonia,NA,Tartu,FISU World University Powerlifting Championships,Yes,2024
Tarik Azzaoui,M,SBD,Raw,21.5,20-23,19-23,Open,92.93,93,232.5,240,NA,NA,240,157.5,165,170,NA,170,255,275,-300,NA,275,685,7,435.99,430.46,412.01,89.65,Yes,Netherlands,NA,IPF,IPF,2024-07-23,Estonia,NA,Tartu,FISU World University Powerlifting Championships,Yes,2024
Chris Matsiselts,M,SBD,Raw,21.5,20-23,19-23,Open,104.37,105,240,250,-255,NA,250,175,-185,-185,NA,175,235,245,250,NA,250,675,16,408.08,404.21,385.97,83.57,Yes,Estonia,NA,IPF,IPF,2024-07-23,Estonia,NA,Tartu,FISU World University Powerlifting Championships,Yes,2024
Simon Plennevaux,M,SBD,Raw,22,20-23,19-23,Open,92.61,93,235,247.5,255,NA,255,142.5,150,155,NA,155,242.5,262.5,270,NA,270,680,9,433.53,428.03,409.73,89.14,Yes,Belgium,NA,IPF,IPF,2024-07-23,Estonia,NA,Tartu,FISU World University Powerlifting Championships,Yes,2024
Boris Swart,M,SBD,Raw,22.5,20-23,19-23,Open,75.86,83,205,215,-222.5,NA,215,127.5,132.5,135,NA,135,250,260,-267.5,NA,260,610,17,434.47,431.25,416.49,88.41,Yes,Netherlands,NA,IPF,IPF,2024-07-23,Estonia,NA,Tartu,FISU World University Powerlifting Championships,Yes,2024
Erik Petras,M,SBD,Raw,22.5,20-23,19-23,Open,92.48,93,230,240,-250,NA,240,140,145,-150,NA,145,250,265,275,NA,275,660,11,421.06,415.72,397.97,86.58,Yes,Slovakia,NA,IPF,IPF,2024-07-23,Estonia,NA,Tartu,FISU World University Powerlifting Championships,Yes,2024
Romy van Vianen,F,SBD,Raw,23.5,24-34,24-39,Open,68.23,69,177.5,190,195,NA,195,102.5,107.5,110,NA,110,182.5,192.5,-203.5,NA,192.5,497.5,1,510.45,503.88,444.4,103.72,Yes,Netherlands,NA,IPF,IPF,2024-07-23,Estonia,NA,Tartu,FISU World University Powerlifting Championships,Yes,2024
Lea Žunić,F,SBD,Raw,25,24-34,24-39,Open,60.76,63,115,120,122.5,NA,122.5,-75,75,-80,NA,75,165,175,-182.5,NA,175,372.5,6,409.68,411.27,363.32,83.47,Yes,Croatia,NA,IPF,IPF,2024-07-23,Estonia,NA,Tartu,FISU World University Powerlifting Championships,Yes,2024
Marko Kuzmić,M,SBD,Raw,24,24-34,24-39,Open,81.84,83,202.5,217.5,230,NA,230,-140,145,150,NA,150,232.5,252.5,-270,NA,252.5,632.5,13,430.41,425.77,409.83,88.18,Yes,Croatia,NA,IPF,IPF,2024-07-23,Estonia,NA,Tartu,FISU World University Powerlifting Championships,Yes,2024
Lukša Zlošilo,M,SBD,Raw,23.5,24-34,24-39,Open,73.81,74,205,-215,217.5,NA,217.5,152.5,157.5,165,NA,165,225,235,-242.5,NA,235,617.5,6,447.6,444.99,430.26,90.78,Yes,Croatia,NA,IPF,IPF,2024-07-23,Estonia,NA,Tartu,FISU World University Powerlifting Championships,Yes,2024
Collin Yakwo,M,SBD,Raw,23.5,24-34,24-39,Open,104.97,105,272.5,282.5,292.5,NA,292.5,182.5,-187.5,187.5,NA,187.5,300,312.5,-322.5,NA,312.5,792.5,3,478.01,473.61,452.25,97.86,Yes,Netherlands,NA,IPF,IPF,2024-07-23,Estonia,NA,Tartu,FISU World University Powerlifting Championships,Yes,2024
Nelli Westerlund,F,SBD,Raw,23.5,24-34,24-39,Open,56.2,57,132.5,140,-142.5,NA,140,75,80,-82.5,NA,80,135,145,-147.5,NA,145,365,6,422.08,428.26,378.79,86.54,Yes,Finland,NA,IPF,IPF,2024-07-23,Estonia,NA,Tartu,FISU World University Powerlifting Championships,Yes,2024
Sasho Velinov,M,SBD,Raw,25,24-34,24-39,Open,119.21,120,275,285,-290,NA,285,180,-187.5,187.5,NA,187.5,290,300,-310,NA,300,772.5,8,444.63,444.82,426.22,90.06,Yes,Bulgaria,NA,IPF,IPF,2024-07-23,Estonia,NA,Tartu,FISU World University Powerlifting Championships,Yes,2024
Reinis Ratnieks,M,SBD,Raw,24,24-34,24-39,Open,107.22,120,250,265,280,NA,280,177.5,185,192.5,NA,192.5,260,280,290,NA,290,762.5,9,456.06,452.4,432.11,93.23,Yes,Latvia,NA,IPF,IPF,2024-07-23,Estonia,NA,Tartu,FISU World University Powerlifting Championships,Yes,2024
Eliam Tchandeu Noundou,M,SBD,Raw,25,24-34,24-39,Open,104.6,105,282.5,297.5,305,NA,305,195,205.5,-210,NA,205.5,322.5,345,-365.5,NA,345,855.5,1,516.75,511.9,488.8,105.81,Yes,France,NA,IPF,IPF,2024-07-23,Estonia,NA,Tartu,FISU World University Powerlifting Championships,Yes,2024
Matej Žunko,M,SBD,Raw,22.5,20-23,19-23,Open,82.7,83,220,230,237.5,NA,237.5,145,152.5,157.5,NA,157.5,225,240,-247.5,NA,240,635,12,429.56,424.78,408.67,88.06,Yes,Slovenia,NA,IPF,IPF,2024-07-23,Estonia,NA,Tartu,FISU World University Powerlifting Championships,Yes,2024
Mathis Convers,M,SBD,Raw,23.5,24-34,24-39,Open,73.24,74,215,225,-227.5,NA,225,162.5,173,175.5,NA,175.5,237.5,245,-250,NA,245,645.5,2,470.28,467.75,452.42,95.28,Yes,France,NA,IPF,IPF,2024-07-23,Estonia,NA,Tartu,FISU World University Powerlifting Championships,Yes,2024
Andonis Roosberg,M,SBD,Raw,25,24-34,24-39,Open,65.78,66,205,-217.5,-217.5,NA,205,135,140,142.5,NA,142.5,200,210,215,NA,215,562.5,8,441.83,442.89,430.43,87.84,Yes,Netherlands,NA,IPF,IPF,2024-07-23,Estonia,NA,Tartu,FISU World University Powerlifting Championships,Yes,2024
Salma Mmadi Ali,F,SBD,Raw,24,24-34,24-39,Open,125.67,84+,185,195,-201,NA,195,90,-100,100,NA,100,175,190,-197.5,NA,190,485,1,384.42,384.67,325.15,82.53,Yes,France,NA,IPF,IPF,2024-07-23,Estonia,NA,Tartu,FISU World University Powerlifting Championships,Yes,2024
Emma Machwate,F,SBD,Raw,22,20-23,19-23,Open,75.73,76,162.5,170,177.5,NA,177.5,80,-85,-85,NA,80,195,210,-212,NA,210,467.5,2,453.02,441.76,388.44,92.33,Yes,France,NA,IPF,IPF,2024-07-23,Estonia,NA,Tartu,FISU World University Powerlifting Championships,Yes,2024
Tyra Häggström,F,SBD,Raw,23,20-23,19-23,Open,74.31,76,165,172.5,177.5,NA,177.5,87.5,92.5,-95,NA,92.5,162.5,172.5,177.5,NA,177.5,447.5,5,438,427.9,376.53,89.19,Yes,Sweden,NA,IPF,IPF,2024-07-23,Estonia,NA,Tartu,FISU World University Powerlifting Championships,Yes,2024
Ellen B. Åkesson,F,SBD,Raw,25,24-34,24-39,Open,62.4,63,127.5,137.5,142.5,NA,142.5,97.5,100,-105.5,NA,100,190,198,-211,NA,198,440.5,1,476.54,476.53,420.83,96.97,Yes,Sweden,NA,IPF,IPF,2024-07-23,Estonia,NA,Tartu,FISU World University Powerlifting Championships,Yes,2024
Sara Manders,F,SBD,Raw,25,24-34,24-39,Open,56.89,57,-130,130,-135,NA,130,60,65,NA,NA,65,175,183.5,-186,NA,183.5,378.5,4,434.19,439.87,388.97,88.91,Yes,Netherlands,NA,IPF,IPF,2024-07-23,Estonia,NA,Tartu,FISU World University Powerlifting Championships,Yes,2024
Léa Lucas,F,SBD,Raw,23.5,24-34,24-39,Open,56.73,57,155,-165.5,165.5,NA,165.5,82.5,87.5,90,NA,90,175,184,-187,NA,184,439.5,1,505.1,511.89,452.68,103.46,Yes,France,NA,IPF,IPF,2024-07-23,Estonia,NA,Tartu,FISU World University Powerlifting Championships,Yes,2024
Ivan Georgiev,M,SBD,Raw,19.5,20-23,19-23,Open,118.19,120,260,280,285,NA,285,200,-211,-211,NA,200,290,307.5,-327.5,NA,307.5,792.5,6,457.47,457.28,438.09,92.74,Yes,Bulgaria,NA,IPF,IPF,2024-07-23,Estonia,NA,Tartu,FISU World University Powerlifting Championships,Yes,2024
Damian Rusek,M,SBD,Raw,20,20-23,19-23,Open,82.08,83,225,235,240,NA,240,125,132.5,-137.5,NA,132.5,290,305,-307.5,NA,305,677.5,6,460.27,455.26,438.15,94.31,Yes,Poland,NA,IPF,IPF,2024-07-23,Estonia,NA,Tartu,FISU World University Powerlifting Championships,Yes,2024
Michał Mizia,M,SBD,Raw,18.5,18-19,19-23,Open,79.14,83,202.5,-215,-215,NA,202.5,157.5,-167.5,-167.5,NA,157.5,260,270,275,NA,275,635,11,440.68,436.5,420.79,90.05,Yes,Poland,NA,IPF,IPF,2024-07-23,Estonia,NA,Tartu,FISU World University Powerlifting Championships,Yes,2024
Alexander Renner,M,SBD,Raw,24,24-34,24-39,Open,150.5,120+,300,325,332.5,NA,332.5,230.5,243.5,-252,NA,243.5,325,354,367,NA,367,943,1,506.66,521.51,492.97,99.96,Yes,Austria,NA,IPF,IPF,2024-07-23,Estonia,NA,Tartu,FISU World University Powerlifting Championships,Yes,2024
Robin Neyt,M,SBD,Raw,24.5,24-34,24-39,Open,104.7,105,225,237.5,242.5,NA,242.5,147.5,152.5,-155,NA,152.5,252.5,265,-270,NA,265,660,17,398.5,394.78,376.97,81.6,Yes,Belgium,NA,IPF,IPF,2024-07-23,Estonia,NA,Tartu,FISU World University Powerlifting Championships,Yes,2024
Aleksander Koszewski,M,SBD,Raw,21.5,20-23,19-23,Open,91.76,93,225,235,242.5,NA,242.5,170,175,-180,NA,175,302.5,315,322.5,NA,322.5,740,3,473.9,467.87,448.04,97.45,Yes,Poland,NA,IPF,IPF,2024-07-23,Estonia,NA,Tartu,FISU World University Powerlifting Championships,Yes,2024
Kaja Stabulewska,F,SBD,Raw,19.5,20-23,19-23,Open,67.68,69,155,-165,-165,NA,155,-105,105,110,NA,110,175,182.5,187.5,NA,187.5,452.5,2,466.44,460.95,406.6,94.77,Yes,Poland,NA,IPF,IPF,2024-07-23,Estonia,NA,Tartu,FISU World University Powerlifting Championships,Yes,2024
Wiktoria Zapotoczna,F,SBD,Raw,19.5,20-23,19-23,Open,61.57,63,147.5,155,-160,NA,155,82.5,87.5,-90,NA,87.5,175,-185,185,NA,185,427.5,2,466.31,467.22,412.68,94.95,Yes,Poland,NA,IPF,IPF,2024-07-23,Estonia,NA,Tartu,FISU World University Powerlifting Championships,Yes,2024
Anne-Sophie Brysse,F,SBD,Raw,23.5,24-34,24-39,Open,65.7,69,150,160,-165,NA,160,82.5,87.5,90,NA,90,160,170,175,NA,175,425,6,445.74,442.36,390.39,90.58,Yes,Belgium,NA,IPF,IPF,2024-07-23,Estonia,NA,Tartu,FISU World University Powerlifting Championships,Yes,2024
Gabriela Blajer,F,SBD,Raw,23.5,24-34,24-39,Open,62.32,63,137.5,142.5,-147.5,NA,142.5,70,-75,75,NA,75,147.5,155,-160,NA,155,372.5,7,403.3,403.36,356.22,82.07,Yes,Poland,NA,IPF,IPF,2024-07-23,Estonia,NA,Tartu,FISU World University Powerlifting Championships,Yes,2024
Aleksandra Blajer,F,SBD,Raw,23.5,24-34,24-39,Open,57,57,130,135,-137.5,NA,135,72.5,77.5,-80,NA,77.5,140,-150,-150,NA,140,352.5,8,403.86,409.04,361.69,82.68,Yes,Poland,NA,IPF,IPF,2024-07-23,Estonia,NA,Tartu,FISU World University Powerlifting Championships,Yes,2024
Guillaume Jean Marie Flore,M,SBD,Raw,23.5,24-34,24-39,Open,92.54,93,-272.5,-280,280,NA,280,167.5,172.5,175,NA,175,330.5,342.5,-358,NA,342.5,797.5,1,508.63,502.17,480.72,104.58,Yes,France,NA,IPF,IPF,2024-07-23,Estonia,NA,Tartu,FISU World University Powerlifting Championships,Yes,2024
Malin Grönqvist,F,SBD,Raw,25,24-34,24-39,Open,75.58,76,155,162.5,167.5,NA,167.5,75,80,82.5,NA,82.5,140,150,155,NA,155,405,11,392.86,383.17,336.95,80.06,Yes,Sweden,NA,IPF,IPF,2024-07-23,Estonia,NA,Tartu,FISU World University Powerlifting Championships,Yes,2024
Maxim Uebel,M,SBD,Raw,24,24-34,24-39,Open,103.96,105,257.5,272.5,282.5,NA,282.5,192.5,202.5,208,NA,208,265,-282.5,-285,NA,265,755.5,6,457.48,453.05,432.6,93.71,Yes,Sweden,NA,IPF,IPF,2024-07-23,Estonia,NA,Tartu,FISU World University Powerlifting Championships,Yes,2024
Voitto Virtanen,M,SBD,Raw,24.5,24-34,24-39,Open,118.66,120,267.5,285,292.5,NA,292.5,165,-172.5,-172.5,NA,165,260,287.5,-300,NA,287.5,745,10,429.47,429.46,411.47,87.03,Yes,Finland,NA,IPF,IPF,2024-07-23,Estonia,NA,Tartu,FISU World University Powerlifting Championships,Yes,2024
Guillaume Parisot,M,SBD,Raw,24.5,24-34,24-39,Open,82.67,83,-260,-260,-260,NA,NA,150,-172.5,-175,NA,150,292.5,307.5,-320,NA,307.5,NA,DQ,NA,NA,NA,NA,Yes,France,NA,IPF,IPF,2024-07-23,Estonia,NA,Tartu,FISU World University Powerlifting Championships,Yes,2024
Tenho Talvensaari,M,SBD,Raw,25,24-34,24-39,Open,65.81,66,175,185,195,NA,195,132.5,140,-145,NA,140,222.5,240,-250,NA,240,575,7,451.49,452.56,439.82,89.77,Yes,Finland,NA,IPF,IPF,2024-07-23,Estonia,NA,Tartu,FISU World University Powerlifting Championships,Yes,2024
Bo Arends,F,SBD,Raw,24.5,24-34,24-39,Open,68.81,69,147.5,-157.5,157.5,NA,157.5,80,85,87.5,NA,87.5,187.5,-203,203,NA,203,448,3,457.45,451.04,397.74,92.96,Yes,Netherlands,NA,IPF,IPF,2024-07-23,Estonia,NA,Tartu,FISU World University Powerlifting Championships,Yes,2024
Bartłomiej Bogdewicz,M,SBD,Raw,21.5,20-23,19-23,Open,104.12,105,282.5,292.5,-297.5,NA,292.5,152.5,160,-167.5,NA,160,270,280,-285,NA,280,732.5,9,443.28,439.02,419.2,90.79,Yes,Poland,NA,IPF,IPF,2024-07-23,Estonia,NA,Tartu,FISU World University Powerlifting Championships,Yes,2024
Bartłomiej Tuszyński,M,SBD,Raw,20.5,20-23,19-23,Open,167.25,120+,308,-325,-325,NA,308,170,180,-185,NA,180,260,282.5,290,NA,290,778,7,406.58,423.65,395.89,79.39,Yes,Poland,NA,IPF,IPF,2024-07-23,Estonia,NA,Tartu,FISU World University Powerlifting Championships,Yes,2024
Nuutti Mansukoski,M,SBD,Raw,23.5,24-34,24-39,Open,156.57,120+,310,-340,-360,NA,310,190,-210,-210,NA,190,300,340,345,NA,345,845,2,449.26,464.7,437.21,88.27,Yes,Finland,NA,IPF,IPF,2024-07-23,Estonia,NA,Tartu,FISU World University Powerlifting Championships,Yes,2024
Dominik Plaskonis,M,SBD,Raw,24,24-34,24-39,Open,128.48,120+,240,265,-275,NA,265,150,162.5,-170,NA,162.5,235,260,-287.5,NA,260,687.5,10,386.34,389.68,372.5,77.62,Yes,Slovakia,NA,IPF,IPF,2024-07-23,Estonia,NA,Tartu,FISU World University Powerlifting Championships,Yes,2024
Marelin Jüriado,F,SBD,Raw,17.5,18-19,14-18,Open,83.7,84,132.5,140,145,NA,145,92.5,98,-100.5,NA,98,175,182.5,NA,NA,182.5,425.5,2,392.19,380.12,332.4,80.47,Yes,Estonia,NA,IPF,IPF,2024-07-23,Estonia,NA,Tartu,FISU World University Powerlifting Championships,Yes,2024
Markus Lodi,M,SBD,Raw,21.5,20-23,19-23,Open,114.64,120,170,180,185,NA,185,130,135,140,NA,140,205,220,230,NA,230,555,19,323.78,322.75,308.91,65.83,Yes,Estonia,NA,IPF,IPF,2024-07-23,Estonia,NA,Tartu,FISU World University Powerlifting Championships,Yes,2024
Reinhard Rebane,M,SBD,Raw,18.5,18-19,19-23,Open,114.05,120,270,285,-295,NA,285,142.5,147.5,150,NA,150,300,320.5,337.5,NA,337.5,772.5,7,451.5,449.87,430.49,91.84,Yes,Estonia,NA,IPF,IPF,2024-07-23,Estonia,NA,Tartu,FISU World University Powerlifting Championships,Yes,2024
Siim Kalmus,M,SBD,Raw,21.5,20-23,19-23,Open,79.8,83,225,232.5,240,NA,240,122.5,-125,-125,NA,122.5,237.5,-245,-245,NA,237.5,600,18,414.34,410.27,395.35,84.73,Yes,Estonia,NA,IPF,IPF,2024-07-23,Estonia,NA,Tartu,FISU World University Powerlifting Championships,Yes,2024
Martin Grigorovitš,M,SBD,Raw,20.5,20-23,19-23,Open,73.01,74,165,170,-175,NA,170,92.5,97.5,102.5,NA,102.5,180,190,200,NA,200,472.5,15,344.95,343.17,331.97,69.85,Yes,Estonia,NA,IPF,IPF,2024-07-23,Estonia,NA,Tartu,FISU World University Powerlifting Championships,Yes,2024
Renee Maripuu,M,SBD,Raw,20.5,20-23,19-23,Open,70.95,74,185,-192.5,-200,NA,185,122.5,-127.5,-127.5,NA,122.5,225,NA,NA,NA,225,532.5,14,396.3,394.99,382.57,79.91,Yes,Estonia,NA,IPF,IPF,2024-07-23,Estonia,NA,Tartu,FISU World University Powerlifting Championships,Yes,2024
Mirjam Reino,F,SBD,Raw,24.5,24-34,24-39,Open,61.78,63,125,-135,135,NA,135,70,-75,-75,NA,70,145,155,-167.5,NA,155,360,9,391.86,392.42,346.6,79.78,Yes,Estonia,NA,IPF,IPF,2024-07-23,Estonia,NA,Tartu,FISU World University Powerlifting Championships,Yes,2024
Amelie Valentová,F,SBD,Raw,19.5,20-23,19-23,Open,65.81,69,167.5,172.5,177.5,NA,177.5,75,77.5,80,NA,80,155,165,175,NA,175,432.5,5,453.16,449.61,396.78,92.09,Yes,Czechia,NA,IPF,IPF,2024-07-23,Estonia,NA,Tartu,FISU World University Powerlifting Championships,Yes,2024
Tomáš Vrba,M,SBD,Raw,24,24-34,24-39,Open,73.5,74,217.5,227.5,-232.5,NA,227.5,142.5,147.5,-150,NA,147.5,222.5,232.5,-240,NA,232.5,607.5,8,441.57,439.1,424.64,89.5,Yes,Czechia,NA,IPF,IPF,2024-07-23,Estonia,NA,Tartu,FISU World University Powerlifting Championships,Yes,2024
Valerie Velemanová,F,SBD,Raw,25,24-34,24-39,Open,75.26,76,165,172.5,-175,NA,172.5,97.5,100,-102.5,NA,100,182.5,192.5,-202.5,NA,192.5,465,3,452.07,441.09,387.96,92.1,Yes,Czechia,NA,IPF,IPF,2024-07-23,Estonia,NA,Tartu,FISU World University Powerlifting Championships,Yes,2024
Veronika Šigutová,F,SBD,Raw,21.5,20-23,19-23,Open,74.42,76,155,165,172.5,NA,172.5,80,85,87.5,NA,87.5,170,182.5,-205,NA,182.5,442.5,6,432.76,422.72,371.95,88.13,Yes,Czechia,NA,IPF,IPF,2024-07-23,Estonia,NA,Tartu,FISU World University Powerlifting Championships,Yes,2024
Pavel Kurek,M,SBD,Raw,23.5,24-34,24-39,Open,104.42,105,235,250,255,NA,255,160,165,-167.5,NA,165,270,290,-320,NA,290,710,13,429.16,425.09,405.91,87.89,Yes,Czechia,NA,IPF,IPF,2024-07-23,Estonia,NA,Tartu,FISU World University Powerlifting Championships,Yes,2024
Jessica Medwell,F,SBD,Raw,22.5,20-23,19-23,Open,68.22,69,147.5,155,160,NA,160,70,72.5,75,NA,75,170,180,-190,NA,180,415,7,425.84,420.37,370.75,86.53,Yes,Czechia,NA,IPF,IPF,2024-07-23,Estonia,NA,Tartu,FISU World University Powerlifting Championships,Yes,2024
Artem Usov,M,SBD,Raw,23.5,24-34,24-39,Open,146.96,120+,280,300,310,NA,310,185,200,207.5,NA,207.5,285,310,325,NA,325,842.5,3,455.57,467.5,442.71,90.12,Yes,Czechia,NA,IPF,IPF,2024-07-23,Estonia,NA,Tartu,FISU World University Powerlifting Championships,Yes,2024
Eliška Ročárková,F,SBD,Raw,22.5,20-23,19-23,Open,56.38,57,127.5,135,140,NA,140,72.5,75,-80,NA,75,135,142.5,147.5,NA,147.5,362.5,7,418.31,424.26,375.23,85.74,Yes,Czechia,NA,IPF,IPF,2024-07-23,Estonia,NA,Tartu,FISU World University Powerlifting Championships,Yes,2024
Jakub Šigut,M,SBD,Raw,24.5,24-34,24-39,Open,119.59,120,275,287.5,292.5,NA,292.5,152.5,160,165,NA,165,319,341,-353.5,NA,341,798.5,4,459.11,459.44,440.25,92.96,Yes,Czechia,NA,IPF,IPF,2024-07-23,Estonia,NA,Tartu,FISU World University Powerlifting Championships,Yes,2024
Vojtěch Bula,M,SBD,Raw,23.5,24-34,24-39,Open,104.29,105,260,275,285,NA,285,147.5,155,160,NA,160,260,277.5,285,NA,285,730,10,441.47,437.26,417.53,90.41,Yes,Czechia,NA,IPF,IPF,2024-07-23,Estonia,NA,Tartu,FISU World University Powerlifting Championships,Yes,2024
Joshua Smith,M,SBD,Raw,20.5,20-23,19-23,Open,103.62,105,245,-255,255,NA,255,175,180,-182.5,NA,180,270,282.5,-295,NA,282.5,717.5,11,435.06,430.78,411.33,89.13,Yes,UK,NA,IPF,IPF,2024-07-23,Estonia,NA,Tartu,FISU World University Powerlifting Championships,Yes,2024
Chinedum Okolo,M,SBD,Raw,22,20-23,19-23,Open,82.48,83,235,250,260,NA,260,127.5,135,140,NA,140,282.5,300,317.5,NA,317.5,717.5,2,486.1,480.73,462.56,99.64,Yes,UK,NA,IPF,IPF,2024-07-23,Estonia,NA,Tartu,FISU World University Powerlifting Championships,Yes,2024
Alexis Scott,F,SBD,Raw,20.5,20-23,19-23,Open,107.14,84+,177.5,185,195,NA,195,82.5,-87.5,-90,NA,82.5,147.5,157.5,165,NA,165,442.5,2,368.08,361.88,308.31,77.58,Yes,UK,NA,IPF,IPF,2024-07-23,Estonia,NA,Tartu,FISU World University Powerlifting Championships,Yes,2024
Ella Dronfield,F,SBD,Raw,19.5,20-23,19-23,Open,68.04,69,152.5,160,165,NA,165,77.5,-82.5,85,NA,85,172.5,182.5,185,NA,185,435,4,447.04,441.45,389.37,90.83,Yes,England,NA,IPF,IPF,2024-07-23,Estonia,NA,Tartu,FISU World University Powerlifting Championships,Yes,2024
Martha Marsh,F,SBD,Raw,20.5,20-23,19-23,Open,61.98,63,137.5,145,-150,NA,145,77.5,85,87.5,NA,87.5,157.5,165,172.5,NA,172.5,405,4,439.96,440.39,388.95,89.56,Yes,England,NA,IPF,IPF,2024-07-23,Estonia,NA,Tartu,FISU World University Powerlifting Championships,Yes,2024
Annabelle Cox,F,SBD,Raw,19.5,20-23,19-23,Open,60.16,63,135,142.5,147.5,NA,147.5,62.5,67.5,70,NA,70,132.5,137.5,140,NA,140,357.5,10,395.64,397.75,351.42,80.66,Yes,England,NA,IPF,IPF,2024-07-23,Estonia,NA,Tartu,FISU World University Powerlifting Championships,Yes,2024
Abby Cooley,F,SBD,Raw,20.5,20-23,19-23,Open,51.07,52,115,120,122.5,NA,122.5,57.5,62.5,65,NA,65,142.5,153,159,NA,159,346.5,1,427.71,438,388.53,88.88,Yes,England,NA,IPF,IPF,2024-07-23,Estonia,NA,Tartu,FISU World University Powerlifting Championships,Yes,2024
Allaya Rasul,F,SBD,Raw,22.5,20-23,19-23,Open,46.66,47,85,90,95,NA,95,45,50,52.5,NA,52.5,127.5,135,-142.5,NA,135,282.5,4,372.23,381.92,340.65,78.88,Yes,England,NA,IPF,IPF,2024-07-23,Estonia,NA,Tartu,FISU World University Powerlifting Championships,Yes,2024
Kate Mitchell,F,SBD,Raw,22.5,20-23,19-23,Open,81.62,84,150,160,165,NA,165,60,65,70,NA,70,160,172.5,-182.5,NA,172.5,407.5,3,380.19,368.82,323.06,77.85,Yes,England,NA,IPF,IPF,2024-07-23,Estonia,NA,Tartu,FISU World University Powerlifting Championships,Yes,2024
Rohan Ewels,M,SBD,Raw,22,20-23,19-23,Open,122.85,120+,275,285,-292.5,NA,285,175,182.5,185,NA,185,290,307.5,320,NA,320,790,5,450.22,451.81,432.82,90.9,Yes,England,NA,IPF,IPF,2024-07-23,Estonia,NA,Tartu,FISU World University Powerlifting Championships,Yes,2024
Andrew Wallace #1,M,SBD,Raw,19.5,20-23,19-23,Open,103.42,105,-265,265,280,NA,280,185,195,-202.5,NA,195,270,287.5,-300,NA,287.5,762.5,5,462.71,458.12,437.43,94.81,Yes,Scotland,NA,IPF,IPF,2024-07-23,Estonia,NA,Tartu,FISU World University Powerlifting Championships,Yes,2024
Aimee Guthrie,F,SBD,Raw,21.5,20-23,19-23,Open,74.59,76,155,162.5,165,NA,165,102.5,108.5,-113,NA,108.5,162.5,170,177.5,NA,177.5,451,4,440.54,430.22,378.52,89.72,Yes,Scotland,NA,IPF,IPF,2024-07-23,Estonia,NA,Tartu,FISU World University Powerlifting Championships,Yes,2024
Amy Middlemas,F,SBD,Raw,21,20-23,19-23,Open,56.95,57,115,122.5,127.5,NA,127.5,62.5,67.5,70,NA,70,155,162.5,170,NA,170,367.5,5,421.28,426.74,377.34,86.26,Yes,England,NA,IPF,IPF,2024-07-23,Estonia,NA,Tartu,FISU World University Powerlifting Championships,Yes,2024
James West #3,M,SBD,Raw,20,20-23,19-23,Open,92,93,245,260,-267.5,NA,260,157.5,162.5,165,NA,165,270,290,-300,NA,290,715,5,457.31,451.49,432.31,94.03,Yes,England,NA,IPF,IPF,2024-07-23,Estonia,NA,Tartu,FISU World University Powerlifting Championships,Yes,2024
Tomos Atkinson,M,SBD,Raw,22,20-23,19-23,Open,156.16,120+,272.5,290,300,NA,300,160,-167.5,167.5,NA,167.5,285,307.5,327.5,NA,327.5,795,4,422.97,437.37,411.61,83.12,Yes,Wales,NA,IPF,IPF,2024-07-23,Estonia,NA,Tartu,FISU World University Powerlifting Championships,Yes,2024
Ping Hao Ng,M,SBD,Raw,21,20-23,19-23,Open,73.58,74,225,237.5,-242.5,NA,237.5,122.5,127.5,130,NA,130,262.5,275,-282.5,NA,275,642.5,3,466.67,464.04,448.74,94.6,Yes,England,NA,IPF,IPF,2024-07-23,Estonia,NA,Tartu,FISU World University Powerlifting Championships,Yes,2024
Matt Chan,M,SBD,Raw,23.5,24-34,24-39,Open,58.45,59,157.5,167.5,-172.5,NA,167.5,90,95,97.5,NA,97.5,182.5,195,200,NA,200,465,3,401.12,406.31,397.35,77.33,Yes,England,NA,IPF,IPF,2024-07-23,Estonia,NA,Tartu,FISU World University Powerlifting Championships,Yes,2024
Odette Tobaiwa,F,SBD,Raw,24.5,24-34,24-39,Open,75.26,76,160,170,175,NA,175,100,107.5,110.5,NA,110.5,167.5,177.5,182.5,NA,182.5,468,1,454.99,443.94,390.46,92.7,Yes,England,NA,IPF,IPF,2024-07-23,Estonia,NA,Tartu,FISU World University Powerlifting Championships,Yes,2024
Hannah Matson,F,SBD,Raw,24,24-34,24-39,Open,56.06,57,147.5,157.5,160,NA,160,80,82.5,85,NA,85,175,-182.5,-184.5,NA,175,420,2,486.49,493.76,436.74,99.77,Yes,England,NA,IPF,IPF,2024-07-23,Estonia,NA,Tartu,FISU World University Powerlifting Championships,Yes,2024
Alasdair Wilson,M,SBD,Raw,22.5,20-23,19-23,Open,117.7,120,300,320.5,328,NA,328,152.5,-160,160,NA,160,292.5,310,322.5,NA,322.5,810.5,3,468.52,468.14,448.45,95.02,Yes,Scotland,NA,IPF,IPF,2024-07-23,Estonia,NA,Tartu,FISU World University Powerlifting Championships,Yes,2024
Lewis Kelly,M,SBD,Raw,23.5,24-34,24-39,Open,119.13,120,285,300,310,NA,310,182.5,190,195,NA,195,307.5,327.5,335,NA,335,840,1,483.59,483.76,463.53,97.96,Yes,Scotland,NA,IPF,IPF,2024-07-23,Estonia,NA,Tartu,FISU World University Powerlifting Championships,Yes,2024
Tomoya Shishino,M,SBD,Raw,20.5,20-23,19-23,Open,91.45,93,225,235,245,NA,245,150,-155,155,NA,155,240,-252.5,-252.5,NA,240,640,13,410.54,405.32,388.19,84.42,Yes,Japan,NA,IPF,IPF,2024-07-23,Estonia,NA,Tartu,FISU World University Powerlifting Championships,Yes,2024
Ryuichi Inubushi,M,SBD,Raw,20,20-23,19-23,Open,65.5,66,205,-217.5,217.5,NA,217.5,151,-158.5,-158.5,NA,151,190,207.5,-232.5,NA,207.5,576,6,453.87,455.12,442.41,90.15,Yes,Japan,NA,IPF,IPF,2024-07-23,Estonia,NA,Tartu,FISU World University Powerlifting Championships,Yes,2024
Omar Shabib,M,SBD,Raw,19.5,20-23,19-23,Open,58.7,59,142.5,152.5,157.5,NA,157.5,87.5,95,97.5,NA,97.5,200,210,-217.5,NA,210,465,4,399.68,404.69,395.67,77.16,Yes,Saudi Arabia,NA,IPF,IPF,2024-07-23,Estonia,NA,Tartu,FISU World University Powerlifting Championships,Yes,2024
Jawad Alzuwayyid,M,SBD,Raw,21,20-23,19-23,Open,119.99,120,-272.5,272.5,-290,NA,272.5,150,-165,-185,NA,150,260,277.5,-297.5,NA,277.5,700,11,402.03,402.45,385.65,81.38,Yes,Saudi Arabia,NA,IPF,IPF,2024-07-23,Estonia,NA,Tartu,FISU World University Powerlifting Championships,Yes,2024
Abdulrahim Baw,M,SBD,Raw,22,20-23,19-23,Open,82.86,83,-225,225,-240,NA,225,170,180,190.5,NA,190.5,230,250,-265,NA,250,665.5,9,449.7,444.67,427.77,92.2,Yes,Saudi Arabia,NA,IPF,IPF,2024-07-23,Estonia,NA,Tartu,FISU World University Powerlifting Championships,Yes,2024
Majed Fallata,M,SBD,Raw,23,20-23,19-23,Open,65.93,66,200,210,220,NA,220,120,127.5,-130,NA,127.5,245,260.5,270.5,NA,270.5,618,1,484.6,485.67,471.96,96.39,Yes,Saudi Arabia,NA,IPF,IPF,2024-07-23,Estonia,NA,Tartu,FISU World University Powerlifting Championships,Yes,2024
Farah Salah Bayzer,F,SBD,Raw,21,20-23,19-23,Open,77.29,84,90,100,107.5,NA,107.5,40,45,-50,NA,45,115,-120,125,NA,125,277.5,10,266.07,259,227.54,54.29,Yes,UAE,NA,IPF,IPF,2024-07-23,Estonia,NA,Tartu,FISU World University Powerlifting Championships,Yes,2024
Maha Jabir Alshemsi,F,SBD,Raw,21,20-23,19-23,Open,45.86,47,-42.5,-42.5,-42.5,NA,NA,25,-27.5,-27.5,NA,25,57.5,-62.5,62.5,NA,62.5,NA,DQ,NA,NA,NA,NA,Yes,UAE,NA,IPF,IPF,2024-07-23,Estonia,NA,Tartu,FISU World University Powerlifting Championships,Yes,2024
Hamad Belobaida,M,SBD,Raw,23,20-23,19-23,Open,119.68,120,212.5,222.5,230,NA,230,92.5,100,105,NA,105,225,240,-250,NA,240,575,17,330.52,330.79,316.97,66.92,Yes,UAE,NA,IPF,IPF,2024-07-23,Estonia,NA,Tartu,FISU World University Powerlifting Championships,Yes,2024
Khalid Naqi,M,SBD,Raw,22,20-23,19-23,Open,92.4,93,-187.5,187.5,195,NA,195,112.5,120,-125,NA,120,222.5,242.5,250,NA,250,565,17,360.61,356.03,340.84,74.15,Yes,UAE,NA,IPF,IPF,2024-07-23,Estonia,NA,Tartu,FISU World University Powerlifting Championships,Yes,2024
Hussain Alsabt,M,SBD,Raw,21,20-23,19-23,Open,65.77,66,165,175,182.5,NA,182.5,105,112.5,-115,NA,112.5,222.5,237.5,-247.5,NA,237.5,532.5,12,418.31,419.32,407.53,83.16,Yes,UAE,NA,IPF,IPF,2024-07-23,Estonia,NA,Tartu,FISU World University Powerlifting Championships,Yes,2024
Jia Ying Lee,F,SBD,Raw,22,20-23,19-23,Open,66.87,69,130,135,142.5,NA,142.5,80,85,90,NA,90,150,162.5,170,NA,170,402.5,9,417.8,413.58,364.9,84.89,Yes,Singapore,NA,IPF,IPF,2024-07-23,Estonia,NA,Tartu,FISU World University Powerlifting Championships,Yes,2024
Lucas Spencer Chan,M,SBD,Raw,23.5,24-34,24-39,Open,82.66,83,230,242.5,247.5,NA,247.5,160,167.5,172.5,NA,172.5,275,-295,297.5,NA,297.5,717.5,3,485.5,480.1,461.91,99.53,Yes,Singapore,NA,IPF,IPF,2024-07-23,Estonia,NA,Tartu,FISU World University Powerlifting Championships,Yes,2024
Claudia Chu Xin Mei,F,SBD,Raw,22,20-23,19-23,Open,46.74,47,95,102.5,107.5,NA,107.5,-55,55,-60,NA,55,130,142.5,-153.5,NA,142.5,305,3,401.37,411.83,367.28,85.01,Yes,Singapore,NA,IPF,IPF,2024-07-23,Estonia,NA,Tartu,FISU World University Powerlifting Championships,Yes,2024
Adam Koh Xuan Ming,M,SBD,Raw,23.5,24-34,24-39,Open,65.99,66,177.5,187.5,192.5,NA,192.5,117.5,122.5,-125,NA,122.5,207.5,220,230,NA,230,545,10,427.07,427.99,415.88,84.96,Yes,Singapore,NA,IPF,IPF,2024-07-23,Estonia,NA,Tartu,FISU World University Powerlifting Championships,Yes,2024
Chan Day Yun,F,SBD,Raw,24,24-34,24-39,Open,56.89,57,-130,130,-140,NA,130,70,75,-77.5,NA,75,172.5,183,185.5,NA,185.5,390.5,3,447.96,453.82,401.3,91.73,Yes,Singapore,NA,IPF,IPF,2024-07-23,Estonia,NA,Tartu,FISU World University Powerlifting Championships,Yes,2024
Woei Jin Seah,M,SBD,Raw,24,24-34,24-39,Open,92.64,93,240,250,257.5,NA,257.5,182.5,-195.5,-195.5,NA,182.5,265,282.5,300,NA,300,740,4,471.71,465.72,445.81,96.99,Yes,Singapore,NA,IPF,IPF,2024-07-23,Estonia,NA,Tartu,FISU World University Powerlifting Championships,Yes,2024
Mayed Alredha,M,SBD,Raw,22,20-23,19-23,Open,74,74,190,197.5,-202.5,NA,197.5,162.5,170,173.5,NA,173.5,205,222.5,230,NA,230,601,10,434.91,432.31,417.95,88.23,Yes,UAE,NA,IPF,IPF,2024-07-23,Estonia,NA,Tartu,FISU World University Powerlifting Championships,Yes,2024
Andrew Cabindol,M,SBD,Raw,20,20-23,19-23,Open,64.44,66,190,197.5,-202.5,NA,197.5,150.5,-157.5,-157.5,NA,150.5,227.5,235,-240,NA,235,583,4,465.07,466.99,454.3,92.04,Yes,USA,NA,IPF,IPF,2024-07-23,Estonia,NA,Tartu,FISU World University Powerlifting Championships,Yes,2024
Jason Wu,M,SBD,Raw,23.5,24-34,24-39,Open,92.16,93,277.5,295.5,303,NA,303,132.5,140,145,NA,145,270,290,302.5,NA,302.5,750.5,2,479.61,473.51,453.36,98.62,Yes,UK,NA,IPF,IPF,2024-07-23,Estonia,NA,Tartu,FISU World University Powerlifting Championships,Yes,2024
Ana Dolžan,F,SBD,Raw,21.5,20-23,19-23,Open,54.85,57,95,100,105,NA,105,52.5,57.5,-60,NA,57.5,132.5,140,147.5,NA,147.5,310,17,364.33,370.73,328.08,74.9,Yes,Slovenia,NA,IPF,IPF,2023-10-31,Slovenia,NA,Kranjska Gora,World University Powerlifting Cup,Yes,2023
Brina Obreza,F,SBD,Raw,22,20-23,19-23,Open,68.73,69,130,137.5,142.5,NA,142.5,67.5,72.5,75,NA,75,140,150,160,NA,160,377.5,13,385.72,380.37,335.43,78.38,Yes,Slovenia,NA,IPF,IPF,2023-10-31,Slovenia,NA,Kranjska Gora,World University Powerlifting Cup,Yes,2023
Ajeesha A,F,SBD,Raw,23,20-23,19-23,Open,74.8,76,140,150,-160,NA,150,67.5,75,82.5,NA,82.5,140,152.5,-157.5,NA,152.5,385,10,375.51,366.61,322.52,76.48,Yes,India,NA,IPF,IPF,2023-10-31,Slovenia,NA,Kranjska Gora,World University Powerlifting Cup,Yes,2023
Sofija Jeámenica,F,SBD,Raw,23.5,24-34,24-39,Open,50.59,52,75,82.5,87.5,NA,87.5,47.5,50,-52.5,NA,50,110,117.5,-125,NA,117.5,255,5,316.87,324.67,288.13,65.96,Yes,Serbia,NA,IPF,IPF,2023-10-31,Slovenia,NA,Kranjska Gora,World University Powerlifting Cup,Yes,2023
Alonso Gonzalez,M,SBD,Raw,17.5,18-19,14-18,Open,103.2,105,190,202.5,212.5,NA,212.5,90,97.5,105,NA,105,230,240,250,NA,250,567.5,17,344.68,341.23,325.82,70.63,Yes,Mexico,NA,IPF,IPF,2023-10-31,Slovenia,NA,Kranjska Gora,World University Powerlifting Cup,Yes,2023
Ryan Bui,M,SBD,Raw,18.5,18-19,19-23,Open,63.9,66,107.5,115,-125,NA,115,65,72.5,80,NA,80,140,152.5,162.5,NA,162.5,357.5,10,287.03,288.41,280.7,56.69,Yes,USA,NA,IPF,IPF,2023-10-31,Slovenia,NA,Kranjska Gora,World University Powerlifting Cup,Yes,2023
Yuto Watanabe,M,SBD,Raw,19.5,20-23,19-23,Open,73.54,74,200,210,215,NA,215,110,117.5,122.5,NA,122.5,270,-285,-285,NA,270,607.5,7,441.41,438.93,424.47,89.48,Yes,Japan,NA,IPF,IPF,2023-10-31,Slovenia,NA,Kranjska Gora,World University Powerlifting Cup,Yes,2023
Mihajlo Mandušić,M,SBD,Raw,20,20-23,19-23,Open,79.39,83,180,192.5,200,NA,200,107.5,115,-120,NA,115,215,227.5,235,NA,235,550,18,380.97,377.31,363.68,77.87,Yes,Serbia,NA,IPF,IPF,2023-10-31,Slovenia,NA,Kranjska Gora,World University Powerlifting Cup,Yes,2023
Sam Sikora,M,SBD,Raw,21,20-23,19-23,Open,100.72,105,235,247.5,255,NA,255,150,155,157.5,NA,157.5,250,262.5,275,NA,275,687.5,13,421.86,417.22,398.45,86.56,Yes,USA,NA,IPF,IPF,2023-10-31,Slovenia,NA,Kranjska Gora,World University Powerlifting Cup,Yes,2023
Cameron Lunsford,M,SBD,Raw,20.5,20-23,19-23,Open,92.5,93,260,275,282.5,NA,282.5,165,175,180,NA,180,250,265,-275,NA,265,727.5,5,464.08,458.19,438.62,95.42,Yes,USA,NA,IPF,IPF,2023-10-31,Slovenia,NA,Kranjska Gora,World University Powerlifting Cup,Yes,2023
Žan Lovšin,M,SBD,Raw,22,20-23,19-23,Open,82.27,83,227.5,242.5,255,NA,255,155,162.5,-170,NA,162.5,240,-252.5,-252.5,NA,240,657.5,9,446.09,441.2,424.58,91.42,Yes,Slovenia,NA,IPF,IPF,2023-10-31,Slovenia,NA,Kranjska Gora,World University Powerlifting Cup,Yes,2023
Petar Trninić,M,SBD,Raw,21.5,20-23,19-23,Open,88.93,93,200,212.5,225,NA,225,120,130,135,NA,135,220,240,242.5,NA,242.5,602.5,12,391.95,387.01,371.1,80.57,Yes,Serbia,NA,IPF,IPF,2023-10-31,Slovenia,NA,Kranjska Gora,World University Powerlifting Cup,Yes,2023
Jošt Zavolovšek,M,SBD,Raw,21.5,20-23,19-23,Open,113.63,120,225,237.5,247.5,NA,247.5,130,137.5,142.5,NA,142.5,250,262.5,270,NA,270,660,11,386.26,384.75,368.13,78.6,Yes,Slovenia,NA,IPF,IPF,2023-10-31,Slovenia,NA,Kranjska Gora,World University Powerlifting Cup,Yes,2023
Robert Hill #1,M,SBD,Raw,22.5,20-23,19-23,Open,113.58,120,242.5,255,260,NA,260,177.5,-187.5,-190,NA,177.5,267.5,282.5,-287.5,NA,282.5,720,9,421.44,419.77,401.63,85.76,Yes,USA,NA,IPF,IPF,2023-10-31,Slovenia,NA,Kranjska Gora,World University Powerlifting Cup,Yes,2023
Jack van Vlerken,M,SBD,Raw,22.5,20-23,19-23,Open,91.71,93,205,215,225,NA,225,110,117.5,120,NA,120,227.5,245,-255,NA,245,590,13,377.94,373.13,357.33,77.71,Yes,Netherlands,NA,IPF,IPF,2023-10-31,Slovenia,NA,Kranjska Gora,World University Powerlifting Cup,Yes,2023
Igor Babić,M,SBD,Raw,23,20-23,19-23,Open,102.59,105,207.5,217.5,227.5,NA,227.5,117.5,125,-127.5,NA,125,-242.5,252.5,260,NA,260,612.5,14,372.93,369.09,352.43,76.45,Yes,Serbia,NA,IPF,IPF,2023-10-31,Slovenia,NA,Kranjska Gora,World University Powerlifting Cup,Yes,2023
Ryan Carter #2,M,SBD,Raw,23,20-23,19-23,Open,102.48,105,-240,247.5,250,NA,250,150,157.5,165,NA,165,280,292.5,-302.5,NA,292.5,707.5,8,430.96,426.51,407.26,88.35,Yes,USA,NA,IPF,IPF,2023-10-31,Slovenia,NA,Kranjska Gora,World University Powerlifting Cup,Yes,2023
Aleksa Jovanović,M,SBD,Raw,24,24-34,24-39,Open,99.59,105,-200,200,215,NA,215,115,-125,-125,NA,115,220,230,237.5,NA,237.5,567.5,16,349.93,345.94,330.44,71.83,Yes,Serbia,NA,IPF,IPF,2023-10-31,Slovenia,NA,Kranjska Gora,World University Powerlifting Cup,Yes,2023
Sebastiaan Rodrigues de Miranda,M,SBD,Raw,24.5,24-34,24-39,Open,107.69,120,230,245,255,NA,255,140,147.5,150,NA,150,290,305,318,NA,318,723,8,431.7,428.35,409.18,88.23,Yes,Netherlands,NA,IPF,IPF,2023-10-31,Slovenia,NA,Kranjska Gora,World University Powerlifting Cup,Yes,2023
Momoe Horikoshi,F,SBD,Raw,21.5,20-23,19-23,Open,60.44,63,120,130,-137.5,NA,130,65,70,-72.5,NA,70,135,-145,-145,NA,135,335,12,369.66,371.38,328.1,75.34,Yes,Japan,NA,IPF,IPF,2023-10-31,Slovenia,NA,Kranjska Gora,World University Powerlifting Cup,Yes,2023
Dunja Janković,F,SBD,Raw,21.5,20-23,19-23,Open,60.94,63,92.5,100,107.5,NA,107.5,62.5,67.5,70,NA,70,115,127.5,-132.5,NA,127.5,305,15,334.82,335.98,296.8,68.21,Yes,Serbia,NA,IPF,IPF,2023-10-31,Slovenia,NA,Kranjska Gora,World University Powerlifting Cup,Yes,2023
Oliver Ozvačić,M,SBD,Raw,20.5,20-23,19-23,Open,97.71,105,215,230,240,NA,240,170,180,185,NA,185,230,255,275,NA,275,700,10,435.28,430.09,410.98,89.41,Yes,Croatia,NA,IPF,IPF,2023-10-31,Slovenia,NA,Kranjska Gora,World University Powerlifting Cup,Yes,2023
Ivan Lokas,M,SBD,Raw,23,20-23,19-23,Open,92.47,93,225,235,242.5,NA,242.5,137.5,145,152.5,NA,152.5,242.5,250,257.5,NA,257.5,652.5,7,416.3,411.01,393.47,85.6,Yes,Croatia,NA,IPF,IPF,2023-10-31,Slovenia,NA,Kranjska Gora,World University Powerlifting Cup,Yes,2023
Mario Paradžik,M,SBD,Raw,22.5,20-23,19-23,Open,81.76,83,212.5,220,-225,NA,220,115,120,-125,NA,120,-252.5,260,-277.5,NA,260,600,13,408.53,404.14,389.02,83.69,Yes,Croatia,NA,IPF,IPF,2023-10-31,Slovenia,NA,Kranjska Gora,World University Powerlifting Cup,Yes,2023
Jennifer Marina Guisset,F,SBD,Raw,24.5,24-34,24-39,Open,62.5,63,122.5,130,135,NA,135,62.5,65,67.5,NA,67.5,160,-167.5,167.5,NA,167.5,370,7,399.88,399.77,353.04,81.37,Yes,France,NA,IPF,IPF,2023-10-31,Slovenia,NA,Kranjska Gora,World University Powerlifting Cup,Yes,2023
Ludivine Leroy,F,SBD,Raw,22.5,20-23,19-23,Open,74.04,76,145,-155,155,NA,155,82.5,87.5,90,NA,90,155,170,-175,NA,170,415,5,406.98,397.74,350.04,82.86,Yes,France,NA,IPF,IPF,2023-10-31,Slovenia,NA,Kranjska Gora,World University Powerlifting Cup,Yes,2023
Alice Fourcade,F,SBD,Raw,20.5,20-23,19-23,Open,66.77,69,135,-142.5,142.5,NA,142.5,72.5,77.5,-80,NA,77.5,165,175,-182.5,NA,175,395,8,410.37,406.32,358.49,83.38,Yes,France,NA,IPF,IPF,2023-10-31,Slovenia,NA,Kranjska Gora,World University Powerlifting Cup,Yes,2023
Léa Daguenet,F,SBD,Raw,22.5,20-23,19-23,Open,56.88,57,115,122.5,-127.5,NA,122.5,65,67.5,70,NA,70,150,157.5,-165,NA,157.5,350,7,401.55,406.81,359.73,82.23,Yes,France,NA,IPF,IPF,2023-10-31,Slovenia,NA,Kranjska Gora,World University Powerlifting Cup,Yes,2023
Victor Roubaud,M,SBD,Raw,21,20-23,19-23,Open,73.52,74,182.5,195,-200,NA,195,137.5,142.5,-145,NA,142.5,245,-260,-262.5,NA,245,582.5,12,423.32,420.95,407.08,85.81,Yes,France,NA,IPF,IPF,2023-10-31,Slovenia,NA,Kranjska Gora,World University Powerlifting Cup,Yes,2023
Léa Lambert #1,F,SBD,Raw,22.5,20-23,19-23,Open,62.08,63,112.5,117.5,-122.5,NA,117.5,70,75,80,NA,80,147.5,-152.5,-152.5,NA,147.5,345,11,374.41,374.68,330.91,76.21,Yes,France,NA,IPF,IPF,2023-10-31,Slovenia,NA,Kranjska Gora,World University Powerlifting Cup,Yes,2023
Jules Geoffroy,M,SBD,Raw,20.5,20-23,19-23,Open,73.89,74,215,222.5,-230,NA,222.5,137.5,142.5,-145,NA,142.5,265,277.5,-290,NA,277.5,642.5,3,465.4,462.65,447.31,94.4,Yes,France,NA,IPF,IPF,2023-10-31,Slovenia,NA,Kranjska Gora,World University Powerlifting Cup,Yes,2023
Clélia Roussel,F,SBD,Raw,19.5,20-23,19-23,Open,56.93,57,120,130,-132.5,NA,130,55,60,62.5,NA,62.5,-140,145,157.5,NA,157.5,350,8,401.32,406.53,359.48,82.17,Yes,France,NA,IPF,IPF,2023-10-31,Slovenia,NA,Kranjska Gora,World University Powerlifting Cup,Yes,2023
Marie Laustriat,F,SBD,Raw,23,20-23,19-23,Open,59.27,63,165,172.5,176,NA,176,80,85,87.5,NA,87.5,170,177.5,182.5,NA,182.5,446,1,498.26,501.99,443.6,101.68,Yes,France,NA,IPF,IPF,2023-10-31,Slovenia,NA,Kranjska Gora,World University Powerlifting Cup,Yes,2023
Laura Nathalia Varela Vallejos,F,SBD,Raw,25,24-34,24-39,Open,54.67,57,125,127.5,-130,NA,127.5,65,-70,-70,NA,65,152.5,-162.5,-165,NA,152.5,345,9,406.36,413.65,366.09,83.58,Yes,Colombia,NA,IPF,IPF,2023-10-31,Slovenia,NA,Kranjska Gora,World University Powerlifting Cup,Yes,2023
Axel Ibarra,M,SBD,Raw,18.5,18-19,19-23,Open,92.43,93,195,-202.5,-202.5,NA,195,130,-135,-135,NA,130,245,252.5,260,NA,260,585,14,373.31,368.57,352.85,76.76,Yes,Mexico,NA,IPF,IPF,2023-10-31,Slovenia,NA,Kranjska Gora,World University Powerlifting Cup,Yes,2023
Monserrat Fierros,F,SBD,Raw,20.5,20-23,19-23,Open,67.77,69,125,130,-137.5,NA,130,-72.5,-75,-75,NA,NA,130,140,145,NA,145,NA,DQ,NA,NA,NA,NA,Yes,Mexico,NA,IPF,IPF,2023-10-31,Slovenia,NA,Kranjska Gora,World University Powerlifting Cup,Yes,2023
America Portillo,F,SBD,Raw,21.5,20-23,19-23,Open,66.76,69,125,132.5,-137.5,NA,132.5,72.5,75,-77.5,NA,75,160,170,-175,NA,170,377.5,11,392.23,388.36,342.65,79.7,Yes,Mexico,NA,IPF,IPF,2023-10-31,Slovenia,NA,Kranjska Gora,World University Powerlifting Cup,Yes,2023
Jose Sanchez #3,M,SBD,Raw,22.5,20-23,19-23,Open,110.29,120,267.5,285,295,NA,295,165,175,180,NA,180,280,290,-300,NA,290,765,2,452.64,449.84,429.96,92.34,Yes,Mexico,NA,IPF,IPF,2023-10-31,Slovenia,NA,Kranjska Gora,World University Powerlifting Cup,Yes,2023
Maria Jose Camacho,F,SBD,Raw,19.5,20-23,19-23,Open,62.66,63,122.5,127.5,130,NA,130,70,-72.5,-72.5,NA,70,140,145,147.5,NA,147.5,347.5,10,374.98,374.73,330.92,76.29,Yes,Mexico,NA,IPF,IPF,2023-10-31,Slovenia,NA,Kranjska Gora,World University Powerlifting Cup,Yes,2023
Aylin Esthefania Cuevas Guzmán,F,SBD,Raw,19,18-19,19-23,Open,46.44,47,112.5,-117.5,117.5,NA,117.5,52.5,55,57.5,NA,57.5,137.5,145.5,148,NA,148,323,1,427.09,438.15,390.96,90.62,Yes,Mexico,NA,IPF,IPF,2023-10-31,Slovenia,NA,Kranjska Gora,World University Powerlifting Cup,Yes,2023
Oskari Helenius,M,SBD,Raw,24.5,24-34,24-39,Open,92.66,93,225,NA,NA,NA,225,120,-130,-130,NA,120,270,-280,NA,NA,270,615,11,391.99,387.01,370.46,80.6,Yes,Finland,NA,IPF,IPF,2023-10-31,Slovenia,NA,Kranjska Gora,World University Powerlifting Cup,Yes,2023
Marija Locmele,F,SBD,Raw,22.5,20-23,19-23,Open,62.75,63,120,130,-135,NA,130,72.5,75,-77.5,NA,75,135,145,-150,NA,145,350,9,377.34,377.02,332.93,76.77,Yes,Latvia,NA,IPF,IPF,2023-10-31,Slovenia,NA,Kranjska Gora,World University Powerlifting Cup,Yes,2023
Youssef Seffar,M,SBD,Raw,18.5,18-19,19-23,Open,58.32,59,165,-172.5,-175,NA,165,110,115,-117.5,NA,115,205,-210,-210,NA,205,485,4,419.16,424.67,415.36,80.75,Yes,France,NA,IPF,IPF,2023-10-31,Slovenia,NA,Kranjska Gora,World University Powerlifting Cup,Yes,2023
Arthur Duval,M,SBD,Raw,21.5,20-23,19-23,Open,82.75,83,232.5,-242.5,-242.5,NA,232.5,167.5,175,-180,NA,175,-260,260,-275,NA,260,667.5,7,451.39,446.36,429.42,92.54,Yes,France,NA,IPF,IPF,2023-10-31,Slovenia,NA,Kranjska Gora,World University Powerlifting Cup,Yes,2023
Martina Sosič,F,SBD,Raw,20,20-23,19-23,Open,104.23,84+,170,182.5,190,NA,190,72.5,77.5,82.5,NA,82.5,170,180,182.5,NA,182.5,455,2,382.24,374.58,320.05,80.29,Yes,Slovenia,NA,IPF,IPF,2023-10-31,Slovenia,NA,Kranjska Gora,World University Powerlifting Cup,Yes,2023
Alan Ramić,M,SBD,Raw,19.5,20-23,19-23,Open,91.55,93,197.5,207.5,212.5,NA,212.5,167.5,175,180,NA,180,240,-255,-265,NA,240,632.5,10,405.52,400.35,383.42,83.38,Yes,Slovenia,NA,IPF,IPF,2023-10-31,Slovenia,NA,Kranjska Gora,World University Powerlifting Cup,Yes,2023
Ida Janež,F,SBD,Raw,21,20-23,19-23,Open,63.67,69,150,-155,-155,NA,150,-75,75,80,NA,80,147.5,155,160,NA,160,390,10,416.77,415.51,366.86,84.75,Yes,Slovenia,NA,IPF,IPF,2023-10-31,Slovenia,NA,Kranjska Gora,World University Powerlifting Cup,Yes,2023
Amanda Veiksane,F,SBD,Raw,21.5,20-23,19-23,Open,71.66,76,120,127.5,135,NA,135,52.5,57.5,60,NA,60,130,140,152.5,NA,152.5,347.5,11,346.87,340.25,299.74,70.54,Yes,Latvia,NA,IPF,IPF,2023-10-31,Slovenia,NA,Kranjska Gora,World University Powerlifting Cup,Yes,2023
Tjaša Vagaja,F,SBD,Raw,23,20-23,19-23,Open,62.49,63,90,97.5,102.5,NA,102.5,67.5,70,72.5,NA,72.5,85,95,105,NA,105,280,16,302.64,302.57,267.2,61.58,Yes,Slovenia,NA,IPF,IPF,2023-10-31,Slovenia,NA,Kranjska Gora,World University Powerlifting Cup,Yes,2023
Mathis Ducret,M,SBD,Raw,21.5,20-23,19-23,Open,82.09,83,225,235,-242.5,NA,235,155,165,-167.5,NA,165,270,287.5,-292.5,NA,287.5,687.5,6,467.03,461.94,444.58,95.7,Yes,Luxembourg,NA,IPF,IPF,2023-10-31,Slovenia,NA,Kranjska Gora,World University Powerlifting Cup,Yes,2023
Lea Žunić,F,SBD,Raw,24,24-34,24-39,Open,56.75,57,105,110,112.5,NA,112.5,70,72.5,75,NA,75,157.5,167.5,170,NA,170,357.5,6,410.77,416.27,368.11,84.13,Yes,Croatia,NA,IPF,IPF,2023-10-31,Slovenia,NA,Kranjska Gora,World University Powerlifting Cup,Yes,2023
Anne-Laure Thomassin,F,SBD,Raw,19.5,20-23,19-23,Open,61.88,63,150,160,-162.5,NA,160,85,90,95,NA,95,172.5,180,-187.5,NA,180,435,2,473.02,473.59,418.28,96.29,Yes,France,NA,IPF,IPF,2023-10-31,Slovenia,NA,Kranjska Gora,World University Powerlifting Cup,Yes,2023
Ula Humar,F,SBD,Raw,21,20-23,19-23,Open,61.87,63,132.5,140,147.5,NA,147.5,70,75,77.5,NA,77.5,170,180,185,NA,185,410,3,445.88,446.43,394.29,90.77,Yes,Slovenia,NA,IPF,IPF,2023-10-31,Slovenia,NA,Kranjska Gora,World University Powerlifting Cup,Yes,2023
Jasper Kovacs,M,SBD,Raw,21,20-23,19-23,Open,73.34,74,217.5,227.5,-230,NA,227.5,142.5,147.5,-152.5,NA,147.5,215,-227.5,227.5,NA,227.5,602.5,8,438.56,436.17,421.85,88.87,Yes,Netherlands,NA,IPF,IPF,2023-10-31,Slovenia,NA,Kranjska Gora,World University Powerlifting Cup,Yes,2023
Sasho Velinov,M,SBD,Raw,24,24-34,24-39,Open,122.53,120+,260,275,282.5,NA,282.5,170,180,187.5,NA,187.5,275,287.5,-297.5,NA,287.5,757.5,2,432.07,433.47,415.29,87.26,Yes,Bulgaria,NA,IPF,IPF,2023-10-31,Slovenia,NA,Kranjska Gora,World University Powerlifting Cup,Yes,2023
Tairyumer Tairyumer,M,SBD,Raw,23,20-23,19-23,Open,120.44,120+,215,230,-240,NA,230,150,160,162.5,NA,162.5,220,235,-250,NA,235,627.5,4,359.94,360.46,345.42,72.83,Yes,Bulgaria,NA,IPF,IPF,2023-10-31,Slovenia,NA,Kranjska Gora,World University Powerlifting Cup,Yes,2023
Daniel Taktakov,M,SBD,Raw,21,20-23,19-23,Open,105.34,120,245,260,270,NA,270,152.5,-162.5,-162.5,NA,152.5,260,275,-285,NA,275,697.5,10,420.11,416.32,397.56,85.99,Yes,Bulgaria,NA,IPF,IPF,2023-10-31,Slovenia,NA,Kranjska Gora,World University Powerlifting Cup,Yes,2023
Ted de Vries Lentsch,M,SBD,Raw,25,24-34,24-39,Open,109.32,120,270,287.5,-292.5,NA,287.5,140,145,150,NA,150,297.5,310,-317.5,NA,310,747.5,5,443.76,440.74,421.17,90.59,Yes,Netherlands,NA,IPF,IPF,2023-10-31,Slovenia,NA,Kranjska Gora,World University Powerlifting Cup,Yes,2023
Valentin Pons,M,SBD,Raw,22.5,20-23,19-23,Open,104.12,105,260,270,280,NA,280,155,162.5,-165,NA,162.5,292.5,307.5,-322.5,NA,307.5,750,4,453.87,449.51,429.22,92.96,Yes,France,NA,IPF,IPF,2023-10-31,Slovenia,NA,Kranjska Gora,World University Powerlifting Cup,Yes,2023
Reinis Ratnieks,M,SBD,Raw,23,20-23,19-23,Open,104.08,105,255,270,-280,NA,270,172.5,182.5,187.5,NA,187.5,265,280,290,NA,290,747.5,5,452.43,448.07,427.84,92.67,Yes,Latvia,NA,IPF,IPF,2023-10-31,Slovenia,NA,Kranjska Gora,World University Powerlifting Cup,Yes,2023
Eliam Tchandeu Noundou,M,SBD,Raw,24,24-34,24-39,Open,104.01,105,275,290,303,NA,303,185,190,195,NA,195,310,330.5,348,NA,348,846,1,512.18,507.24,484.34,104.91,Yes,France,NA,IPF,IPF,2023-10-31,Slovenia,NA,Kranjska Gora,World University Powerlifting Cup,Yes,2023
Matej Šemrl #1,M,SBD,Raw,21.5,20-23,19-23,Open,92.93,93,222.5,237.5,247.5,NA,247.5,140,147.5,-155,NA,147.5,227.5,242.5,252.5,NA,252.5,647.5,8,412.12,406.9,389.46,84.74,Yes,Slovenia,NA,IPF,IPF,2023-10-31,Slovenia,NA,Kranjska Gora,World University Powerlifting Cup,Yes,2023
Max Horvat,M,SBD,Raw,20,20-23,19-23,Open,102.11,105,240,252.5,262.5,NA,262.5,137.5,145,150,NA,150,255,270,282.5,NA,282.5,695,12,423.99,419.55,400.62,86.94,Yes,Slovenia,NA,IPF,IPF,2023-10-31,Slovenia,NA,Kranjska Gora,World University Powerlifting Cup,Yes,2023
Guus Dekker,M,SBD,Raw,25,24-34,24-39,Open,82.62,83,185,190,195,NA,195,130,135,137.5,NA,137.5,240,255,-262.5,NA,255,587.5,15,397.64,393.23,378.34,81.51,Yes,Netherlands,NA,IPF,IPF,2023-10-31,Slovenia,NA,Kranjska Gora,World University Powerlifting Cup,Yes,2023
Matej Žunko,M,SBD,Raw,21.5,20-23,19-23,Open,81.8,83,-215,-215,215,NA,215,142.5,147.5,150,NA,150,235,245,-250,NA,245,610,12,415.22,410.75,395.37,85.06,Yes,Slovenia,NA,IPF,IPF,2023-10-31,Slovenia,NA,Kranjska Gora,World University Powerlifting Cup,Yes,2023
Hugo Gregoire,M,SBD,Raw,23,20-23,19-23,Open,82.75,83,-230,-235,235,NA,235,130,-137.5,NA,NA,130,270,287.5,-300,NA,287.5,652.5,10,441.24,436.32,419.77,90.46,Yes,France,NA,IPF,IPF,2023-10-31,Slovenia,NA,Kranjska Gora,World University Powerlifting Cup,Yes,2023
Mathis Convers,M,SBD,Raw,22.5,20-23,19-23,Open,73.38,74,210,225,230,NA,230,157.5,168,170.5,NA,170.5,235,247.5,252.5,NA,252.5,653,2,475.15,472.54,457.01,96.29,Yes,France,NA,IPF,IPF,2023-10-31,Slovenia,NA,Kranjska Gora,World University Powerlifting Cup,Yes,2023
Alexis Postic,M,SBD,Raw,22,20-23,19-23,Open,73.67,74,205,212.5,220,NA,220,135,142.5,-147.5,NA,142.5,240,252.5,262.5,NA,262.5,625,6,453.6,451,436.11,91.97,Yes,France,NA,IPF,IPF,2023-10-31,Slovenia,NA,Kranjska Gora,World University Powerlifting Cup,Yes,2023
Emrick Maurelet,M,SBD,Raw,24,24-34,24-39,Open,65.74,66,-202.5,-202.5,-202.5,NA,NA,127.5,132.5,135,NA,135,207.5,217.5,225,NA,225,NA,DQ,NA,NA,NA,NA,Yes,France,NA,IPF,IPF,2023-10-31,Slovenia,NA,Kranjska Gora,World University Powerlifting Cup,Yes,2023
Andonis Roosberg,M,SBD,Raw,24,24-34,24-39,Open,65.65,66,-200,200,212.5,NA,212.5,130,135,137.5,NA,137.5,177.5,192.5,-207.5,NA,192.5,542.5,5,426.75,427.84,415.84,84.81,Yes,Netherlands,NA,IPF,IPF,2023-10-31,Slovenia,NA,Kranjska Gora,World University Powerlifting Cup,Yes,2023
Robin Alix,M,SBD,Raw,24,24-34,24-39,Open,58.66,59,182.5,187.5,192.5,NA,192.5,112.5,117.5,-120,NA,117.5,210,217.5,-225,NA,217.5,527.5,3,453.66,459.37,449.16,87.56,Yes,France,NA,IPF,IPF,2023-10-31,Slovenia,NA,Kranjska Gora,World University Powerlifting Cup,Yes,2023
Salma Mmadi Ali,F,SBD,Raw,23,20-23,19-23,Open,125.69,84+,190.5,200,-210,NA,200,-90,95,97.5,NA,97.5,180,190,-195,NA,190,487.5,1,386.39,386.65,326.81,82.96,Yes,France,NA,IPF,IPF,2023-10-31,Slovenia,NA,Kranjska Gora,World University Powerlifting Cup,Yes,2023
Emma Machwate,F,SBD,Raw,21,20-23,19-23,Open,74.45,76,160,167.5,172.5,NA,172.5,72.5,77.5,80,NA,80,190,202.5,211.5,NA,211.5,464,2,453.69,443.15,389.92,92.39,Yes,France,NA,IPF,IPF,2023-10-31,Slovenia,NA,Kranjska Gora,World University Powerlifting Cup,Yes,2023
Charlotte Jongenotter,F,SBD,Raw,21,20-23,19-23,Open,68.69,69,147.5,-157.5,-157.5,NA,147.5,67.5,72.5,75,NA,75,155,-165,NA,NA,155,377.5,12,385.84,380.53,335.57,78.4,Yes,Netherlands,NA,IPF,IPF,2023-10-31,Slovenia,NA,Kranjska Gora,World University Powerlifting Cup,Yes,2023
Bertille Hedon,F,SBD,Raw,23,20-23,19-23,Open,67.09,69,162.5,170,-175,NA,170,85,90,92.5,NA,92.5,160,167.5,-177.5,NA,167.5,430,5,445.5,440.79,388.88,90.52,Yes,France,NA,IPF,IPF,2023-10-31,Slovenia,NA,Kranjska Gora,World University Powerlifting Cup,Yes,2023
Tess Hille,F,SBD,Raw,23,20-23,19-23,Open,62.45,63,132.5,137.5,142.5,NA,142.5,65,-67.5,-67.5,NA,65,145,152.5,157.5,NA,157.5,365,8,394.67,394.61,348.49,80.31,Yes,Netherlands,NA,IPF,IPF,2023-10-31,Slovenia,NA,Kranjska Gora,World University Powerlifting Cup,Yes,2023
Chloé Cuesta-Roé,F,SBD,Raw,20.5,20-23,19-23,Open,56.12,57,120,125,130,NA,130,-72.5,-72.5,72.5,NA,72.5,150,157.5,165,NA,165,367.5,5,425.37,431.68,381.82,87.23,Yes,France,NA,IPF,IPF,2023-10-31,Slovenia,NA,Kranjska Gora,World University Powerlifting Cup,Yes,2023
Ellen B. Åkesson,F,SBD,Raw,24,24-34,24-39,Open,68.02,69,135,145,150,NA,150,95,100,-105,NA,100,180,192.5,197.5,NA,197.5,447.5,2,459.96,454.23,400.64,93.46,Yes,Sweden,NA,IPF,IPF,2023-10-31,Slovenia,NA,Kranjska Gora,World University Powerlifting Cup,Yes,2023
Océane Jacouton,F,SBD,Raw,20,20-23,19-23,Open,56.46,57,120,125,130,NA,130,77.5,82.5,-85,NA,82.5,142.5,152.5,157.5,NA,157.5,370,4,426.56,432.56,382.55,87.42,Yes,France,NA,IPF,IPF,2023-10-31,Slovenia,NA,Kranjska Gora,World University Powerlifting Cup,Yes,2023
Selin Mustafa #1,F,SBD,Raw,22.5,20-23,19-23,Open,51.85,52,100,107.5,112.5,NA,112.5,52.5,57.5,60,NA,60,115,125,-147.5,NA,125,297.5,4,363.35,371.7,329.52,75.31,Yes,Bulgaria,NA,IPF,IPF,2023-10-31,Slovenia,NA,Kranjska Gora,World University Powerlifting Cup,Yes,2023
Mathilde Latour,F,SBD,Raw,23,20-23,19-23,Open,51.27,52,110,115,-117.5,NA,115,65,67.5,70,NA,70,135,140,-147.5,NA,140,325,2,400.07,409.59,363.27,83.08,Yes,France,NA,IPF,IPF,2023-10-31,Slovenia,NA,Kranjska Gora,World University Powerlifting Cup,Yes,2023
Léa Lucas,F,SBD,Raw,22.5,20-23,19-23,Open,56.78,57,156,163,-166,NA,163,77.5,-82.5,82.5,NA,82.5,170,180,-183,NA,180,425.5,1,488.73,495.25,437.95,100.1,Yes,France,NA,IPF,IPF,2023-10-31,Slovenia,NA,Kranjska Gora,World University Powerlifting Cup,Yes,2023
Ivan Georgiev,M,SBD,Raw,18.5,18-19,19-23,Open,115.4,120,215,232.5,250,NA,250,185,195,202.5,NA,202.5,275,295,315,NA,315,767.5,1,446.71,445.55,426.54,90.77,Yes,Bulgaria,NA,IPF,IPF,2023-10-31,Slovenia,NA,Kranjska Gora,World University Powerlifting Cup,Yes,2023
Julia Rozmus,F,SBD,Raw,25,24-34,24-39,Open,46.62,47,92.5,-97.5,-97.5,NA,92.5,45,47.5,50,NA,50,107.5,112.5,-115,NA,112.5,255,4,336.21,344.96,307.7,71.26,Yes,Poland,NA,IPF,IPF,2023-10-31,Slovenia,NA,Kranjska Gora,World University Powerlifting Cup,Yes,2023
Astrid Haitsma,F,SBD,Raw,24,24-34,24-39,Open,62.4,63,145,150,152.5,NA,152.5,80,82.5,-85,NA,82.5,160,-170,-172.5,NA,160,395,5,427.32,427.31,377.36,86.96,Yes,Netherlands,NA,IPF,IPF,2023-10-31,Slovenia,NA,Kranjska Gora,World University Powerlifting Cup,Yes,2023
Rene Gornik,M,SBD,Raw,19,18-19,19-23,Open,82.25,83,217.5,227.5,-232.5,NA,227.5,145,150,-155,NA,150,255,272.5,282.5,NA,282.5,660,8,447.85,442.94,426.26,91.78,Yes,Slovenia,NA,IPF,IPF,2023-10-31,Slovenia,NA,Kranjska Gora,World University Powerlifting Cup,Yes,2023
Elena Mijatović,F,SBD,Raw,19,18-19,19-23,Open,78.22,84,-125,130,137.5,NA,137.5,77.5,82.5,85,NA,85,142.5,150,155,NA,155,377.5,3,359.75,349.87,307.19,73.45,Yes,Serbia,NA,IPF,IPF,2023-10-31,Slovenia,NA,Kranjska Gora,World University Powerlifting Cup,Yes,2023
Kristina Rozman,F,SBD,Raw,19,18-19,19-23,Open,73,76,115,122.5,127.5,NA,127.5,72.5,77.5,80,NA,80,150,162.5,177.5,NA,177.5,385,9,380.44,372.38,327.87,77.41,Yes,Slovenia,NA,IPF,IPF,2023-10-31,Slovenia,NA,Kranjska Gora,World University Powerlifting Cup,Yes,2023
Manon Willemsen,F,SBD,Raw,23,20-23,19-23,Open,72.21,76,137.5,145,-147.5,NA,145,72.5,75,-77.5,NA,75,165,175,180,NA,180,400,6,397.61,389.66,343.2,80.88,Yes,Netherlands,NA,IPF,IPF,2023-10-31,Slovenia,NA,Kranjska Gora,World University Powerlifting Cup,Yes,2023
Malin Grönqvist,F,SBD,Raw,24,24-34,24-39,Open,73.67,76,147.5,157.5,162.5,NA,162.5,72.5,77.5,82.5,NA,82.5,145,155,-162.5,NA,155,400,7,393.32,384.6,338.53,80.06,Yes,Sweden,NA,IPF,IPF,2023-10-31,Slovenia,NA,Kranjska Gora,World University Powerlifting Cup,Yes,2023
Sara Petrić,F,SBD,Raw,25,24-34,24-39,Open,74.29,76,112.5,117.5,122.5,NA,122.5,57.5,-62.5,-62.5,NA,57.5,145,155,160,NA,160,340,12,332.83,325.16,286.13,67.77,Yes,Serbia,NA,IPF,IPF,2023-10-31,Slovenia,NA,Kranjska Gora,World University Powerlifting Cup,Yes,2023
Lara Vehar,F,SBD,Raw,23,20-23,19-23,Open,56.6,57,122.5,127.5,132.5,NA,132.5,67.5,72.5,-75,NA,72.5,132.5,-140,-140,NA,132.5,337.5,12,388.46,393.8,348.26,79.59,Yes,Slovenia,NA,IPF,IPF,2023-10-31,Slovenia,NA,Kranjska Gora,World University Powerlifting Cup,Yes,2023
Célia Roux,F,SBD,Raw,24,24-34,24-39,Open,56.63,57,137.5,142.5,-145,NA,142.5,70,75,-77.5,NA,75,-162.5,165,170,NA,170,387.5,3,445.86,451.95,399.68,91.34,Yes,France,NA,IPF,IPF,2023-10-31,Slovenia,NA,Kranjska Gora,World University Powerlifting Cup,Yes,2023
Erik Hartman,M,SBD,Raw,23.5,24-34,24-39,Open,90.5,93,237.5,247.5,257.5,NA,257.5,165,172.5,-175,NA,172.5,275,295,307.5,NA,307.5,737.5,3,475.54,469.5,449.86,97.78,Yes,Sweden,NA,IPF,IPF,2023-10-31,Slovenia,NA,Kranjska Gora,World University Powerlifting Cup,Yes,2023
Simon Söderlund,M,SBD,Raw,21,20-23,19-23,Open,88.3,93,200,212.5,220,NA,220,155,165,-172.5,NA,165,240,250,255,NA,255,640,9,417.87,412.63,395.8,85.89,Yes,Sweden,NA,IPF,IPF,2023-10-31,Slovenia,NA,Kranjska Gora,World University Powerlifting Cup,Yes,2023
Radovan Kovac,M,SBD,Raw,22.5,20-23,19-23,Open,65.92,66,177.5,192.5,-197.5,NA,192.5,120,-125,-125,NA,120,-207.5,207.5,227.5,NA,227.5,540,6,423.49,424.43,412.45,84.23,Yes,Slovakia,NA,IPF,IPF,2023-10-31,Slovenia,NA,Kranjska Gora,World University Powerlifting Cup,Yes,2023
Samy Layadi,M,SBD,Raw,24.5,24-34,24-39,Open,73.63,74,200,210,215,NA,215,157.5,165,-168.5,NA,165,235,250,-262.5,NA,250,630,5,457.39,454.79,439.78,92.73,Yes,France,NA,IPF,IPF,2023-10-31,Slovenia,NA,Kranjska Gora,World University Powerlifting Cup,Yes,2023
Luc Koekelkoren,M,SBD,Raw,24.5,24-34,24-39,Open,82.93,83,232.5,245,252.5,NA,252.5,160,167.5,-172.5,NA,167.5,275,292.5,-305,NA,292.5,712.5,5,481.23,475.83,457.73,98.67,Yes,Netherlands,NA,IPF,IPF,2023-10-31,Slovenia,NA,Kranjska Gora,World University Powerlifting Cup,Yes,2023
Lucas Ramenason,M,SBD,Raw,23.5,24-34,24-39,Open,73.52,74,180,190,200,NA,200,152.5,160,162.5,NA,162.5,210,227.5,-240,NA,227.5,590,11,428.77,426.37,412.32,86.91,Yes,France,NA,IPF,IPF,2023-10-31,Slovenia,NA,Kranjska Gora,World University Powerlifting Cup,Yes,2023
Thanh Da Pham,M,SBD,Raw,23.5,24-34,24-39,Open,65.92,66,190,197.5,205,NA,205,120,127.5,-130,NA,127.5,230,242.5,-247.5,NA,242.5,575,2,450.93,451.94,439.18,89.69,Yes,France,NA,IPF,IPF,2023-10-31,Slovenia,NA,Kranjska Gora,World University Powerlifting Cup,Yes,2023
Pierig Servouze,M,SBD,Raw,22,20-23,19-23,Open,72.65,74,210,217.5,222.5,NA,222.5,132.5,-137.5,-137.5,NA,132.5,235,-242.5,-242.5,NA,235,590,10,432.15,430.05,416.09,87.45,Yes,France,NA,IPF,IPF,2023-10-31,Slovenia,NA,Kranjska Gora,World University Powerlifting Cup,Yes,2023
Jules Guillaume,M,SBD,Raw,22.5,20-23,19-23,Open,65.61,66,202.5,210,215,NA,215,135,140,-146,NA,140,235,-245,245,NA,245,600,1,472.19,473.43,460.16,93.82,Yes,France,NA,IPF,IPF,2023-10-31,Slovenia,NA,Kranjska Gora,World University Powerlifting Cup,Yes,2023
Voitto Virtanen,M,SBD,Raw,23.5,24-34,24-39,Open,118.26,120,265,285,295,NA,295,162.5,170,-172.5,NA,170,270,280,287.5,NA,287.5,752.5,3,434.29,434.13,415.92,88.04,Yes,Finland,NA,IPF,IPF,2023-10-31,Slovenia,NA,Kranjska Gora,World University Powerlifting Cup,Yes,2023
Thibault Bacq,M,SBD,Raw,24.5,24-34,24-39,Open,111.2,120,-255,265,275,NA,275,162.5,167.5,172.5,NA,172.5,265,282.5,295,NA,295,742.5,6,437.98,435.53,416.4,89.29,Yes,Belgium,NA,IPF,IPF,2023-10-31,Slovenia,NA,Kranjska Gora,World University Powerlifting Cup,Yes,2023
Guillaume Parisot,M,SBD,Raw,23.5,24-34,24-39,Open,82.68,83,270,-285,290,NA,290,165,172.5,175,NA,175,300,315.5,-330.5,NA,315.5,780.5,1,528.05,522.18,502.39,108.25,Yes,France,NA,IPF,IPF,2023-10-31,Slovenia,NA,Kranjska Gora,World University Powerlifting Cup,Yes,2023
Tenho Talvensaari,M,SBD,Raw,24,24-34,24-39,Open,65.89,66,175,185,-190,NA,185,-132.5,137.5,-140,NA,137.5,217.5,232.5,237.5,NA,237.5,560,3,439.32,440.31,427.89,87.37,Yes,Finland,NA,IPF,IPF,2023-10-31,Slovenia,NA,Kranjska Gora,World University Powerlifting Cup,Yes,2023
Quentin Garcia #1,M,SBD,Raw,24,24-34,24-39,Open,91.63,93,260,270,-277.5,NA,270,127.5,132.5,137.5,NA,137.5,275,290,300,NA,300,707.5,6,453.41,447.64,428.69,93.23,Yes,France,NA,IPF,IPF,2023-10-31,Slovenia,NA,Kranjska Gora,World University Powerlifting Cup,Yes,2023
Guillaume Gaignet,M,SBD,Raw,23,20-23,19-23,Open,73.83,74,220,230,240,NA,240,135,142.5,147.5,NA,147.5,295,308,-318,NA,308,695.5,1,504.05,501.1,484.51,102.23,Yes,France,NA,IPF,IPF,2023-10-31,Slovenia,NA,Kranjska Gora,World University Powerlifting Cup,Yes,2023
Jacques-Alexandre Perrault,M,SBD,Raw,21,20-23,19-23,Open,65.59,66,195,-205,-205,NA,195,105,110,-112.5,NA,110,195,205,210,NA,210,515,7,405.39,406.46,395.08,80.55,Yes,France,NA,IPF,IPF,2023-10-31,Slovenia,NA,Kranjska Gora,World University Powerlifting Cup,Yes,2023
Bo Arends,F,SBD,Raw,24,24-34,24-39,Open,68.11,69,140,150,-152.5,NA,150,75,80,82.5,NA,82.5,177.5,190,195,NA,195,427.5,6,439.07,433.52,382.36,89.22,Yes,Netherlands,NA,IPF,IPF,2023-10-31,Slovenia,NA,Kranjska Gora,World University Powerlifting Cup,Yes,2023
Mathilde Pataille,F,SBD,Raw,23.5,24-34,24-39,Open,67.61,69,147.5,157.5,162.5,NA,162.5,77.5,-82.5,-82.5,NA,77.5,170,180,192.5,NA,192.5,432.5,4,446.09,440.9,388.93,90.64,Yes,France,NA,IPF,IPF,2023-10-31,Slovenia,NA,Kranjska Gora,World University Powerlifting Cup,Yes,2023
Léa Gratacos,F,SBD,Raw,23.5,24-34,24-39,Open,56.86,57,150,157.5,-162.5,NA,157.5,85,91,-93.5,NA,91,157.5,165,170,NA,170,418.5,2,480.25,486.56,430.26,98.35,Yes,France,NA,IPF,IPF,2023-10-31,Slovenia,NA,Kranjska Gora,World University Powerlifting Cup,Yes,2023
Livia Nuzzo,F,SBD,Raw,24,24-34,24-39,Open,56.98,57,100,107.5,112.5,NA,112.5,65,70,-72.5,NA,70,142.5,150,157.5,NA,157.5,340,11,389.63,394.64,348.96,79.77,Yes,France,NA,IPF,IPF,2023-10-31,Slovenia,NA,Kranjska Gora,World University Powerlifting Cup,Yes,2023
Mehdi Baali,M,SBD,Raw,23.5,24-34,24-39,Open,81.97,83,240,250,257.5,NA,257.5,177.5,-185,185,NA,185,-250,-257.5,-270,NA,NA,NA,DQ,NA,NA,NA,NA,Yes,France,NA,IPF,IPF,2023-10-31,Slovenia,NA,Kranjska Gora,World University Powerlifting Cup,Yes,2023
Ramunė Vainauskytė,F,SBD,Raw,22.5,20-23,19-23,Open,68.39,69,180,190,200,NA,200,90,100,-105,NA,100,180,190,-205,NA,190,490,1,502.08,495.46,436.96,102.02,Yes,Lithuania,NA,IPF,IPF,2023-10-31,Slovenia,NA,Kranjska Gora,World University Powerlifting Cup,Yes,2023
Tessa Ophoff,F,SBD,Raw,21.5,20-23,19-23,Open,72.96,76,167.5,175.5,181,NA,181,82.5,87.5,-90,NA,87.5,180,195,202.5,NA,202.5,471,1,465.56,455.72,401.26,94.73,Yes,Netherlands,NA,IPF,IPF,2023-10-31,Slovenia,NA,Kranjska Gora,World University Powerlifting Cup,Yes,2023
Khaled Benbachir,M,SBD,Raw,22,20-23,19-23,Open,81.9,83,242.5,252.5,257.5,NA,257.5,172.5,177.5,-182.5,NA,177.5,260,-275,277.5,NA,277.5,712.5,4,484.65,479.41,461.44,99.3,Yes,France,NA,IPF,IPF,2023-10-31,Slovenia,NA,Kranjska Gora,World University Powerlifting Cup,Yes,2023
Richard Klem,M,SBD,Raw,25,24-34,24-39,Open,130.07,120+,265,277.5,290,NA,290,160,175,185,NA,185,265,285,-297.5,NA,285,760,1,425.49,429.81,410.57,85.36,Yes,Czechia,NA,IPF,IPF,2023-10-31,Slovenia,NA,Kranjska Gora,World University Powerlifting Cup,Yes,2023
Markéta Růžková,F,SBD,Raw,19.5,20-23,19-23,Open,62.9,63,115,120,-125,NA,120,-55,-55,55,NA,55,130,140,-150,NA,140,315,14,339.12,338.7,299.09,68.99,Yes,Czechia,NA,IPF,IPF,2023-10-31,Slovenia,NA,Kranjska Gora,World University Powerlifting Cup,Yes,2023
Marek Josef Jiřík,M,SBD,Raw,22,20-23,19-23,Open,104.64,105,227.5,-232.5,-232.5,NA,227.5,127.5,132.5,-135,NA,132.5,237.5,242.5,-245,NA,242.5,602.5,15,363.87,360.46,344.2,74.51,Yes,Czechia,NA,IPF,IPF,2023-10-31,Slovenia,NA,Kranjska Gora,World University Powerlifting Cup,Yes,2023
Kristýna Bedleková,F,SBD,Raw,22.5,20-23,19-23,Open,55.35,57,115,-120,-120,NA,115,65,-67.5,-70,NA,65,130,137.5,145,NA,145,325,14,379.65,385.91,341.44,77.97,Yes,Czechia,NA,IPF,IPF,2023-10-31,Slovenia,NA,Kranjska Gora,World University Powerlifting Cup,Yes,2023
Veronika Zemková,F,SBD,Raw,21,20-23,19-23,Open,82.95,84,140,-150,-150,NA,140,75,80,-82.5,NA,80,150,157.5,-162.5,NA,157.5,377.5,4,349.45,338.78,296.44,71.65,Yes,Czechia,NA,IPF,IPF,2023-10-31,Slovenia,NA,Kranjska Gora,World University Powerlifting Cup,Yes,2023
Adam Kulhánek,M,SBD,Raw,21.5,20-23,19-23,Open,82.04,83,190,200,-205,NA,200,115,122.5,-127.5,NA,122.5,230,240,-250,NA,240,562.5,17,382.25,378.09,363.89,78.32,Yes,Czechia,NA,IPF,IPF,2023-10-31,Slovenia,NA,Kranjska Gora,World University Powerlifting Cup,Yes,2023
Adriana Holubová,F,SBD,Raw,21.5,20-23,19-23,Open,61.39,63,102.5,107.5,-110,NA,107.5,77.5,-82.5,82.5,NA,82.5,135,142.5,-147.5,NA,142.5,332.5,13,363.35,364.21,321.71,73.99,Yes,Czechia,NA,IPF,IPF,2023-10-31,Slovenia,NA,Kranjska Gora,World University Powerlifting Cup,Yes,2023
Matěj Vojtěch,M,SBD,Raw,22,20-23,19-23,Open,65.44,66,170,180,187.5,NA,187.5,135,140,146,NA,146,210,222.5,-235,NA,222.5,556,4,438.41,439.65,427.39,87.06,Yes,Czechia,NA,IPF,IPF,2023-10-31,Slovenia,NA,Kranjska Gora,World University Powerlifting Cup,Yes,2023
Ondřej Kaucký,M,SBD,Raw,20.5,20-23,19-23,Open,82.95,83,-205,205,-217.5,NA,205,155,-160,-160,NA,155,215,232.5,-245,NA,232.5,592.5,14,400.12,395.63,380.58,82.04,Yes,Czechia,NA,IPF,IPF,2023-10-31,Slovenia,NA,Kranjska Gora,World University Powerlifting Cup,Yes,2023
Pavel Kurek,M,SBD,Raw,22.5,20-23,19-23,Open,104.79,105,240,252.5,260,NA,260,-152.5,152.5,160,NA,160,270,290,-310,NA,290,710,7,428.54,424.56,405.41,87.74,Yes,Czechia,NA,IPF,IPF,2023-10-31,Slovenia,NA,Kranjska Gora,World University Powerlifting Cup,Yes,2023
Robert Sporka,M,SBD,Raw,22,20-23,19-23,Open,82.44,83,212.5,225,232.5,NA,232.5,137.5,-142.5,142.5,NA,142.5,240,255,-265,NA,255,630,11,426.93,422.23,406.28,87.51,Yes,Czechia,NA,IPF,IPF,2023-10-31,Slovenia,NA,Kranjska Gora,World University Powerlifting Cup,Yes,2023
Vojtěch Bula,M,SBD,Raw,22.5,20-23,19-23,Open,103.83,105,252.5,267.5,275,NA,275,150,-155,-155,NA,150,250,267.5,280,NA,280,705,9,427.12,422.96,403.87,87.5,Yes,Czechia,NA,IPF,IPF,2023-10-31,Slovenia,NA,Kranjska Gora,World University Powerlifting Cup,Yes,2023
Marek Vávra,M,SBD,Raw,21.5,20-23,19-23,Open,98.31,105,245,257.5,270,NA,270,150,-155,-155,NA,150,260,280,-290,NA,280,700,11,434.09,428.99,409.87,89.15,Yes,Czechia,NA,IPF,IPF,2023-10-31,Slovenia,NA,Kranjska Gora,World University Powerlifting Cup,Yes,2023
Viliam Kováč,M,SBD,Raw,23,20-23,19-23,Open,58.71,59,175,-185,-185,NA,175,120,125,-130,NA,125,-220,227.5,230,NA,230,530,2,455.49,461.18,450.91,87.93,Yes,Czechia,NA,IPF,IPF,2023-10-31,Slovenia,NA,Kranjska Gora,World University Powerlifting Cup,Yes,2023
Lucie Daňková,F,SBD,Raw,23,20-23,19-23,Open,74.56,76,137.5,147.5,157.5,NA,157.5,87.5,92.5,-97.5,NA,92.5,150,-160,-167.5,NA,150,400,8,390.81,381.67,335.81,79.59,Yes,Czechia,NA,IPF,IPF,2023-10-31,Slovenia,NA,Kranjska Gora,World University Powerlifting Cup,Yes,2023
Samantha Edgar,F,SBD,Raw,23,20-23,19-23,Open,83.51,84,142.5,150,-155,NA,150,77.5,82.5,-85,NA,82.5,170,180,185,NA,185,417.5,1,385.24,373.4,326.58,79.03,Yes,Scotland,NA,IPF,IPF,2023-10-31,Slovenia,NA,Kranjska Gora,World University Powerlifting Cup,Yes,2023
Jack Gilchrist,M,SBD,Raw,24,24-34,24-39,Open,106.94,120,240,260,272.5,NA,272.5,155,162.5,167.5,NA,167.5,270,292.5,307.5,NA,307.5,747.5,4,447.55,443.88,423.96,91.51,Yes,N.Ireland,NA,IPF,IPF,2023-10-31,Slovenia,NA,Kranjska Gora,World University Powerlifting Cup,Yes,2023
Manson Adagu,M,SBD,Raw,21,20-23,19-23,Open,82.49,83,252.5,270.5,280.5,NA,280.5,155,162.5,167.5,NA,167.5,272.5,292.5,310,NA,310,758,2,513.5,507.83,488.63,105.25,Yes,England,NA,IPF,IPF,2023-10-31,Slovenia,NA,Kranjska Gora,World University Powerlifting Cup,Yes,2023
Pri Antonyrajan,M,SBD,Raw,23.5,24-34,24-39,Open,64.74,66,-165,-165,165,NA,165,90,95,97.5,NA,97.5,-200,200,205,NA,205,467.5,9,371.62,373.01,362.79,73.62,Yes,Scotland,NA,IPF,IPF,2023-10-31,Slovenia,NA,Kranjska Gora,World University Powerlifting Cup,Yes,2023
Sirjan Rana,M,SBD,Raw,20.5,20-23,19-23,Open,64.84,66,152.5,162.5,170,NA,170,102.5,-107.5,107.5,NA,107.5,215,-230,235,NA,235,512.5,8,406.92,408.38,397.17,80.64,Yes,England,NA,IPF,IPF,2023-10-31,Slovenia,NA,Kranjska Gora,World University Powerlifting Cup,Yes,2023
Katie O'Flaherty,F,SBD,Raw,22.5,20-23,19-23,Open,56.5,57,112.5,120,-125,NA,120,55,60,62.5,NA,62.5,130,140,-145,NA,140,322.5,16,371.63,376.82,333.25,76.15,Yes,UK,NA,IPF,IPF,2023-10-31,Slovenia,NA,Kranjska Gora,World University Powerlifting Cup,Yes,2023
Rona Hitchins,F,SBD,Raw,21,20-23,19-23,Open,56.2,57,102.5,107.5,-112.5,NA,107.5,52.5,57.5,-60,NA,57.5,150,157.5,-162.5,NA,157.5,322.5,15,372.94,378.4,334.68,76.46,Yes,Scotland,NA,IPF,IPF,2023-10-31,Slovenia,NA,Kranjska Gora,World University Powerlifting Cup,Yes,2023
Long Kiu Tse,F,SBD,Raw,18.5,18-19,19-23,Open,50.52,52,95,100,-105,NA,100,62.5,65,67.5,NA,67.5,132.5,140,-145,NA,140,307.5,3,382.48,391.93,347.84,79.63,Yes,UK,NA,IPF,IPF,2023-10-31,Slovenia,NA,Kranjska Gora,World University Powerlifting Cup,Yes,2023
Emily Caton,F,SBD,Raw,22.5,20-23,19-23,Open,50.27,52,112.5,120,-122.5,NA,120,60,65,67.5,NA,67.5,130,137.5,142.5,NA,142.5,330,1,411.91,422.2,374.79,85.84,Yes,England,NA,IPF,IPF,2023-10-31,Slovenia,NA,Kranjska Gora,World University Powerlifting Cup,Yes,2023
Gwen Marsden,F,SBD,Raw,19,18-19,19-23,Open,44.4,47,97.5,102.5,107.5,NA,107.5,65,67.5,70,NA,70,125,-135,-145,NA,125,302.5,2,413.77,423.36,379.36,88.93,Yes,England,NA,IPF,IPF,2023-10-31,Slovenia,NA,Kranjska Gora,World University Powerlifting Cup,Yes,2023
Aaron Blackmore,M,SBD,Raw,23.5,24-34,24-39,Open,92.7,93,265,277.5,282.5,NA,282.5,-167.5,167.5,175,NA,175,272.5,287.5,-295,NA,287.5,745,2,474.75,468.72,448.67,97.62,Yes,UK,NA,IPF,IPF,2023-10-31,Slovenia,NA,Kranjska Gora,World University Powerlifting Cup,Yes,2023
Laura Etfer,F,SBD,Raw,23.5,24-34,24-39,Open,107.41,84+,147.5,155,162.5,NA,162.5,85,90,95,NA,95,155,162.5,170,NA,170,427.5,4,355.29,349.41,297.67,74.9,Yes,UK,NA,IPF,IPF,2023-10-31,Slovenia,NA,Kranjska Gora,World University Powerlifting Cup,Yes,2023
Ashleigh Sutton,F,SBD,Raw,21.5,20-23,19-23,Open,74.6,76,155,165,-172.5,NA,165,70,75,80,NA,80,182.5,196,200,NA,200,445,3,434.65,424.46,373.45,88.52,Yes,England,NA,IPF,IPF,2023-10-31,Slovenia,NA,Kranjska Gora,World University Powerlifting Cup,Yes,2023
Conor Eede,M,SBD,Raw,23.5,24-34,24-39,Open,73.15,74,215,230,240,NA,240,125,130,135,NA,135,235,250,260,NA,260,635,4,463,460.55,445.48,93.79,Yes,England,NA,IPF,IPF,2023-10-31,Slovenia,NA,Kranjska Gora,World University Powerlifting Cup,Yes,2023
Tomos Atkinson,M,SBD,Raw,21.5,20-23,19-23,Open,147.52,120+,245,262.5,275,NA,275,145,155,162.5,NA,162.5,275,300,-325,NA,300,737.5,3,398.38,409.02,387.22,78.77,Yes,Wales,NA,IPF,IPF,2023-10-31,Slovenia,NA,Kranjska Gora,World University Powerlifting Cup,Yes,2023
Jamie Jonathan Foord,M,SBD,Raw,20,20-23,19-23,Open,104.3,105,285,-300.5,300.5,NA,300.5,172.5,180,182.5,NA,182.5,322.5,345,-363.5,NA,345,828,2,500.72,495.95,473.56,102.55,Yes,England,NA,IPF,IPF,2023-10-31,Slovenia,NA,Kranjska Gora,World University Powerlifting Cup,Yes,2023
Noah Miles,M,SBD,Raw,21.5,20-23,19-23,Open,106.5,120,260,275,280,NA,280,150,155,160,NA,160,275,295,-312.5,NA,295,735,7,440.78,437.06,417.42,90.15,Yes,England,NA,IPF,IPF,2023-10-31,Slovenia,NA,Kranjska Gora,World University Powerlifting Cup,Yes,2023
Adam Essex,M,SBD,Raw,24,24-34,24-39,Open,73.32,74,195,205,210,NA,210,147.5,155,-160,NA,155,220,235,-245,NA,235,600,9,436.82,434.44,420.18,88.51,Yes,England,NA,IPF,IPF,2023-10-31,Slovenia,NA,Kranjska Gora,World University Powerlifting Cup,Yes,2023
Matt Chan,M,SBD,Raw,22.5,20-23,19-23,Open,58.36,59,152.5,160,-165,NA,160,90,95,-97.5,NA,95,177.5,192.5,-200,NA,192.5,447.5,5,386.53,391.58,382.99,74.48,Yes,England,NA,IPF,IPF,2023-10-31,Slovenia,NA,Kranjska Gora,World University Powerlifting Cup,Yes,2023
Caitlin Davies,F,SBD,Raw,21.5,20-23,19-23,Open,130.3,84+,165,175,185,NA,185,90,95,-97.5,NA,95,160,170,175,NA,175,455,3,357.62,358.54,302.58,77.04,Yes,Wales,NA,IPF,IPF,2023-10-31,Slovenia,NA,Kranjska Gora,World University Powerlifting Cup,Yes,2023
Llio Godfrey-Flower,F,SBD,Raw,21.5,20-23,19-23,Open,68.19,69,142.5,152.5,157.5,NA,157.5,105,110.5,113,NA,113,155,162.5,167.5,NA,167.5,438,3,449.55,443.8,391.42,91.35,Yes,UK,NA,IPF,IPF,2023-10-31,Slovenia,NA,Kranjska Gora,World University Powerlifting Cup,Yes,2023
Olivia Hardingham,F,SBD,Raw,20,20-23,19-23,Open,62.42,63,147.5,152.5,-155,NA,152.5,60,65,-67.5,NA,65,137.5,145,155,NA,155,372.5,6,402.9,402.87,355.78,81.99,Yes,England,NA,IPF,IPF,2023-10-31,Slovenia,NA,Kranjska Gora,World University Powerlifting Cup,Yes,2023
Yasmin Burt,F,SBD,Raw,20,20-23,19-23,Open,62.71,63,132.5,140,145,NA,145,87.5,-90,-90,NA,87.5,150,162.5,175,NA,175,407.5,4,439.51,439.17,387.82,89.42,Yes,England,NA,IPF,IPF,2023-10-31,Slovenia,NA,Kranjska Gora,World University Powerlifting Cup,Yes,2023
Odette Tobaiwa,F,SBD,Raw,23.5,24-34,24-39,Open,75.35,76,152.5,160,-165,NA,160,97.5,105,108,NA,108,165,175,-180,NA,175,443,4,430.41,419.91,369.31,87.7,Yes,England,NA,IPF,IPF,2023-10-31,Slovenia,NA,Kranjska Gora,World University Powerlifting Cup,Yes,2023
Joe Moore #1,M,SBD,Raw,22.5,20-23,19-23,Open,103.34,105,247.5,262.5,272.5,NA,272.5,162.5,170,172.5,NA,172.5,285,305,317.5,NA,317.5,762.5,3,462.86,458.25,437.56,94.84,Yes,England,NA,IPF,IPF,2023-10-31,Slovenia,NA,Kranjska Gora,World University Powerlifting Cup,Yes,2023
Antoine Darmon,M,SBD,Raw,23.5,24-34,24-39,Open,82.94,83,245,260,267.5,NA,267.5,145,155,160,NA,160,272.5,285,297.5,NA,297.5,725,3,489.64,484.14,465.73,100.4,Yes,England,NA,IPF,IPF,2023-10-31,Slovenia,NA,Kranjska Gora,World University Powerlifting Cup,Yes,2023
Sharon Sandford,F,SBD,Raw,24,24-34,24-39,Open,68.63,69,142.5,152.5,-157.5,NA,152.5,82.5,85,-87.5,NA,85,167.5,175,-180,NA,175,412.5,7,421.83,416.07,366.91,85.72,Yes,England,NA,IPF,IPF,2023-10-31,Slovenia,NA,Kranjska Gora,World University Powerlifting Cup,Yes,2023
Cyrus Khine,M,SBD,Raw,24,24-34,24-39,Open,90.6,93,262.5,277.5,285.5,NA,285.5,145,152.5,157.5,NA,157.5,277.5,292.5,-302.5,NA,292.5,735.5,4,473.99,467.97,448.37,97.46,Yes,England,NA,IPF,IPF,2023-10-31,Slovenia,NA,Kranjska Gora,World University Powerlifting Cup,Yes,2023
Ryuichi Inubushi,M,SBD,Raw,19,18-19,19-23,Open,65.46,66,195,205,-210,NA,205,125,145.5,-150,NA,145.5,-200,-200,-202.5,NA,NA,NA,DQ,NA,NA,NA,NA,Yes,Japan,NA,IPF,IPF,2023-10-31,Slovenia,NA,Kranjska Gora,World University Powerlifting Cup,Yes,2023
Shunya Kametani,M,SBD,Raw,19,18-19,19-23,Open,81.99,83,205,217.5,-227.5,NA,217.5,127.5,-137.5,-142.5,NA,127.5,215,232.5,-247.5,NA,232.5,577.5,16,392.58,388.32,373.74,80.44,Yes,Japan,NA,IPF,IPF,2023-10-31,Slovenia,NA,Kranjska Gora,World University Powerlifting Cup,Yes,2023
Mao Kaneko,M,SBD,Raw,22,20-23,19-23,Open,91.76,93,255,275,282.5,NA,282.5,165,-175,-175,NA,165,290,315,330,NA,330,777.5,1,497.92,491.58,470.75,102.38,Yes,Japan,NA,IPF,IPF,2023-10-31,Slovenia,NA,Kranjska Gora,World University Powerlifting Cup,Yes,2023
Abhirami S #2,F,SBD,Raw,19,18-19,19-23,Open,83.38,84,145,152.5,-160,NA,152.5,55,60,62.5,NA,62.5,145,155,165,NA,165,380,2,350.89,340.13,297.51,71.97,Yes,India,NA,IPF,IPF,2023-10-31,Slovenia,NA,Kranjska Gora,World University Powerlifting Cup,Yes,2023
Mini Mathi M,F,SBD,Raw,19,18-19,19-23,Open,42.58,47,85,-90,92.5,NA,92.5,45,-50,-50,NA,45,110,115,117.5,NA,117.5,255,3,360.26,366.82,330.33,78.52,Yes,India,NA,IPF,IPF,2023-10-31,Slovenia,NA,Kranjska Gora,World University Powerlifting Cup,Yes,2023
Shaik Sadiya Almas,F,SBD,Raw,20.5,20-23,19-23,Open,56.32,57,120,130,-140,NA,130,57.5,62.5,-67.5,NA,62.5,125,135,-150,NA,135,327.5,13,378.18,383.62,339.29,77.52,Yes,India,NA,IPF,IPF,2023-10-31,Slovenia,NA,Kranjska Gora,World University Powerlifting Cup,Yes,2023
Aeron Paul Casamayor,M,SBD,Raw,23,20-23,24-39,Open,55.66,59,185,195,200,NA,200,95,100,102.5,NA,102.5,222.5,230,-235,NA,230,532.5,1,479.19,487.66,478.3,90.91,Yes,Philippines,NA,IPF,IPF,2023-10-31,Slovenia,NA,Kranjska Gora,World University Powerlifting Cup,Yes,2023
Alex Camacho,M,SBD,Raw,17.5,18-19,14-18,Open,82.62,83,195,-202.5,-202.5,NA,195,115,120,-122.5,NA,120,210,220,-225,NA,220,535,19,362.11,358.09,344.53,74.23,Yes,Mexico,NA,IPF,IPF,2023-10-31,Slovenia,NA,Kranjska Gora,World University Powerlifting Cup,Yes,2023
Sofia Martinez Justo,F,SBD,Raw,21.5,20-23,19-23,Open,56.4,57,115,120,125,NA,125,52.5,55,57.5,NA,57.5,137.5,147.5,160,NA,160,342.5,10,395.14,400.74,354.42,80.98,Yes,Spain,NA,IPF,IPF,2023-10-31,Slovenia,NA,Kranjska Gora,World University Powerlifting Cup,Yes,2023
Cristina Sorribes Fernández Del Río,F,SBD,Raw,24.5,24-34,24-39,Open,67.02,69,145,155,-162.5,NA,155,70,-75,75,NA,75,155,165,-180,NA,165,395,9,409.48,405.22,357.5,83.2,Yes,Spain,NA,IPF,IPF,2023-10-31,Slovenia,NA,Kranjska Gora,World University Powerlifting Cup,Yes,2023
Francisco Alfonso Juan Bermejo,M,SBD,Raw,23.5,24-34,24-39,Open,104.63,105,270,-285,285,NA,285,-137.5,137.5,145,NA,145,280,305,-320,NA,305,735,6,443.91,439.75,419.91,90.9,Yes,Spain,NA,IPF,IPF,2023-10-31,Slovenia,NA,Kranjska Gora,World University Powerlifting Cup,Yes,2023
Loryn Wright,F,SBD,Raw,21,20-23,19-23,Open,69.45,76,135,145,-152.5,NA,145,82.5,-85,-85,NA,82.5,152.5,160,-172.5,NA,160,387.5,5,393.6,387.61,341.74,79.99,Yes,USA,NA,IPF,IPF,2022-10-31,Turkey,NA,Istanbul,World University Powerlifting Cup,Yes,2022
Morgan Rich,F,SBD,Raw,21,20-23,19-23,Open,90.35,84+,-175,-175,175,NA,175,75,-82.5,85,NA,85,155,167.5,-172.5,NA,167.5,427.5,4,380.47,368.8,320.44,78.62,Yes,USA,NA,IPF,IPF,2022-10-31,Turkey,NA,Istanbul,World University Powerlifting Cup,Yes,2022
Catherine Widay,F,SBD,Raw,22,20-23,19-23,Open,77.55,84,145,155,162.5,NA,162.5,85,90,95,NA,95,177.5,190,200.5,NA,200.5,458,1,438.39,426.62,374.74,89.46,Yes,USA,NA,IPF,IPF,2022-10-31,Turkey,NA,Istanbul,World University Powerlifting Cup,Yes,2022
Mary Trabue,F,SBD,Raw,23,20-23,19-23,Open,71.65,76,145,155,160,NA,160,92.5,97.5,-102.5,NA,97.5,167.5,177.5,-182.5,NA,177.5,435,1,434.24,425.96,375.26,88.31,Yes,USA,NA,IPF,IPF,2022-10-31,Turkey,NA,Istanbul,World University Powerlifting Cup,Yes,2022
Efe İnceoğlu,M,SBD,Raw,19,18-19,19-23,Open,73.15,74,190,202.5,210,NA,210,135,142.5,-147.5,NA,142.5,210,220,227.5,NA,227.5,580,6,422.9,420.66,406.9,85.66,Yes,Turkey,NA,IPF,IPF,2022-10-31,Turkey,NA,Istanbul,World University Powerlifting Cup,Yes,2022
Austin Ha,M,SBD,Raw,19,18-19,19-23,Open,57.7,59,147.5,155,160,NA,160,102.5,-105,-105,NA,102.5,185,195,-202.5,NA,195,457.5,4,399,404.65,396.04,76.61,Yes,USA,NA,IPF,IPF,2022-10-31,Turkey,NA,Istanbul,World University Powerlifting Cup,Yes,2022
Niels Levy-Thiebaut,M,SBD,Raw,19,18-19,19-23,Open,90.5,93,250,262.5,275,NA,275,152.5,-162.5,162.5,NA,162.5,272.5,282.5,-290,NA,282.5,720,3,464.26,458.36,439.19,95.46,Yes,USA,NA,IPF,IPF,2022-10-31,Turkey,NA,Istanbul,World University Powerlifting Cup,Yes,2022
Jarett Nowak,M,SBD,Raw,20,20-23,19-23,Open,88.75,93,242.5,252.5,260,NA,260,140,147.5,-150,NA,147.5,260,275,-285,NA,275,682.5,7,444.45,438.86,420.86,91.36,Yes,USA,NA,IPF,IPF,2022-10-31,Turkey,NA,Istanbul,World University Powerlifting Cup,Yes,2022
Brady Fishpaw,M,SBD,Raw,20,20-23,19-23,Open,112,120,250,262.5,-272.5,NA,262.5,152.5,157.5,162.5,NA,162.5,245,260,270,NA,270,695,2,408.88,406.81,389.04,83.3,Yes,USA,NA,IPF,IPF,2022-10-31,Turkey,NA,Istanbul,World University Powerlifting Cup,Yes,2022
Hamed Mortazavi,M,SBD,Raw,21,20-23,19-23,Open,92,93,245,-257.5,-262.5,NA,245,160,172.5,-180,NA,172.5,265,277.5,-280,NA,277.5,695,6,444.52,438.86,420.22,91.4,Yes,Iran,NA,IPF,IPF,2022-10-31,Turkey,NA,Istanbul,World University Powerlifting Cup,Yes,2022
Jadon Bartman,M,SBD,Raw,21,20-23,19-23,Open,132.65,120+,232.5,247.5,260,NA,260,180,187.5,192.5,NA,192.5,250,262.5,270,NA,270,722.5,1,402.13,407.21,388.5,80.49,Yes,USA,NA,IPF,IPF,2022-10-31,Turkey,NA,Istanbul,World University Powerlifting Cup,Yes,2022
Abdeljbbar Skaik,M,SBD,Raw,21,20-23,19-23,Open,82.85,83,180,182.5,-215,NA,182.5,135,145,155,NA,155,235,250,-265,NA,250,587.5,5,397.02,392.58,377.66,81.4,Yes,Palestine,NA,IPF,IPF,2022-10-31,Turkey,NA,Istanbul,World University Powerlifting Cup,Yes,2022
Doğukan Işık,M,SBD,Raw,21,20-23,19-23,Open,72.6,74,170,-180,-182.5,NA,170,120,-122.5,-122.5,NA,120,200,210,-220,NA,210,500,8,366.39,364.63,352.81,74.14,Yes,Turkey,NA,IPF,IPF,2022-10-31,Turkey,NA,Istanbul,World University Powerlifting Cup,Yes,2022
Hiroki Okuda,M,SBD,Raw,22,20-23,19-23,Open,65.2,66,-200,200,-205,NA,200,120,-125,-125,NA,120,215,225,230,NA,230,550,4,434.88,436.24,424.15,86.29,Yes,Japan,NA,IPF,IPF,2022-10-31,Turkey,NA,Istanbul,World University Powerlifting Cup,Yes,2022
Ata Yiğit Çağlar,M,SBD,Raw,22,20-23,19-23,Open,82.7,83,-205,-215,215,NA,215,-135,-135,135,NA,135,220,230,235,NA,235,585,6,395.73,391.33,376.49,81.13,Yes,Turkey,NA,IPF,IPF,2022-10-31,Turkey,NA,Istanbul,World University Powerlifting Cup,Yes,2022
Kyle Nowak #1,M,SBD,Raw,22,20-23,19-23,Open,65.65,66,187.5,-200,-205,NA,187.5,125,130,132.5,NA,132.5,260,-275,-290,NA,260,580,1,456.25,457.41,444.59,90.67,Yes,USA,NA,IPF,IPF,2022-10-31,Turkey,NA,Istanbul,World University Powerlifting Cup,Yes,2022
Ryan Dengler,M,SBD,Raw,23,20-23,19-23,Open,103.2,105,242.5,257.5,265,NA,265,155,162.5,170,NA,170,260,275,285,NA,285,720,5,437.3,432.92,413.37,89.62,Yes,USA,NA,IPF,IPF,2022-10-31,Turkey,NA,Istanbul,World University Powerlifting Cup,Yes,2022
Furkan Şenol,M,SBD,Raw,23,20-23,19-23,Open,91.35,93,-210,210,-222.5,NA,210,150,157.5,162.5,NA,162.5,230,240,245,NA,245,617.5,10,396.32,391.28,374.77,81.49,Yes,Turkey,NA,IPF,IPF,2022-10-31,Turkey,NA,Istanbul,World University Powerlifting Cup,Yes,2022
Djahmar Schoonheim,M,SBD,Raw,23,20-23,19-23,Open,92.95,93,210,215,-220,NA,215,137.5,142.5,145,NA,145,255,270,NA,NA,270,630,9,400.94,395.86,378.89,82.44,Yes,Netherlands,NA,IPF,IPF,2022-10-31,Turkey,NA,Istanbul,World University Powerlifting Cup,Yes,2022
Melad Haddad,M,SBD,Raw,24,24-34,24-39,Open,117.65,120,230,-242.5,242.5,NA,242.5,152.5,157.5,160,NA,160,242.5,257.5,267.5,NA,267.5,670,3,387.36,387.03,370.74,78.56,Yes,USA,NA,IPF,IPF,2022-10-31,Turkey,NA,Istanbul,World University Powerlifting Cup,Yes,2022
Haddad Nicklas,M,SBD,Raw,24,24-34,24-39,Open,72.45,74,-220,220,-227.5,NA,220,-140,140,-142.5,NA,140,240,252.5,-262.5,NA,252.5,612.5,4,449.45,447.35,432.88,90.92,Yes,USA,NA,IPF,IPF,2022-10-31,Turkey,NA,Istanbul,World University Powerlifting Cup,Yes,2022
Nuri Doğukan Sarı,M,SBD,Raw,24,24-34,24-39,Open,104.5,105,290,300,-307.5,NA,300,190,-200,200,NA,200,280,300,307.5,NA,307.5,807.5,1,487.94,483.34,461.53,99.92,Yes,Turkey,NA,IPF,IPF,2022-10-31,Turkey,NA,Istanbul,World University Powerlifting Cup,Yes,2022
Can Seremet,M,SBD,Raw,20,20-23,19-23,Open,142.4,120+,255,-265,267.5,NA,267.5,152.5,162.5,-167.5,NA,162.5,237.5,245,-255,NA,245,675,3,368.16,376.25,357.16,73.09,Yes,Turkey,NA,IPF,IPF,2022-10-31,Turkey,NA,Istanbul,World University Powerlifting Cup,Yes,2022
Vincentas Gintalas,M,SBD,Raw,21,20-23,19-23,Open,101.35,105,210,220,230,NA,230,150,157.5,-162.5,NA,157.5,210,225,-232.5,NA,225,612.5,11,374.84,370.8,354.1,76.89,Yes,Lithuania,NA,IPF,IPF,2022-10-31,Turkey,NA,Istanbul,World University Powerlifting Cup,Yes,2022
Nana Morita,F,SBD,Raw,22,20-23,19-23,Open,61.55,63,155,-165,-165,NA,155,70,-72.5,-72.5,NA,70,165,-170,-170,NA,165,390,2,425.49,426.34,376.57,86.64,Yes,Japan,NA,IPF,IPF,2022-10-31,Turkey,NA,Istanbul,World University Powerlifting Cup,Yes,2022
Brooke Conley,F,SBD,Raw,25,24-34,24-39,Open,99.8,84+,167.5,177.5,182.5,NA,182.5,-85,85,90,NA,90,167.5,177.5,182.5,NA,182.5,455,1,388.58,379.05,325.71,81.19,Yes,USA,NA,IPF,IPF,2022-10-31,Turkey,NA,Istanbul,World University Powerlifting Cup,Yes,2022
Lucie Genest,F,SBD,Raw,19,18-19,19-23,Open,51.55,52,110,-115,115,NA,115,62.5,-67.5,67.5,NA,67.5,112.5,120,125,NA,125,307.5,3,377.09,385.92,342.2,78.23,Yes,France,NA,IPF,IPF,2022-10-31,Turkey,NA,Istanbul,World University Powerlifting Cup,Yes,2022
Laura Nathalia Varela Vallejos,F,SBD,Raw,24,24-34,24-39,Open,54,57,-130,-130,-130,NA,NA,60,62.5,65,NA,65,140,147.5,152.5,NA,152.5,NA,DQ,NA,NA,NA,NA,Yes,Colombia,NA,IPF,IPF,2022-10-31,Turkey,NA,Istanbul,World University Powerlifting Cup,Yes,2022
Martina Sosič,F,SBD,Raw,19,18-19,19-23,Open,99.7,84+,-155,155,165,NA,165,62.5,67.5,-72.5,NA,67.5,150,160,167.5,NA,167.5,400,5,341.74,333.33,286.46,71.4,Yes,Slovenia,NA,IPF,IPF,2022-10-31,Turkey,NA,Istanbul,World University Powerlifting Cup,Yes,2022
Ida Janež,F,SBD,Raw,20,20-23,19-23,Open,62.85,63,-135,-140,140,NA,140,75,80,-82.5,NA,80,147.5,155,162.5,NA,162.5,382.5,4,411.98,411.53,363.4,83.81,Yes,Slovenia,NA,IPF,IPF,2022-10-31,Turkey,NA,Istanbul,World University Powerlifting Cup,Yes,2022
Tairyumer Tairyumer Gunai,M,SBD,Raw,22,20-23,19-23,Open,120.2,120+,215,235,-237.5,NA,235,-155,157.5,-162.5,NA,157.5,215,237.5,-255,NA,237.5,630,4,361.61,362.06,346.95,73.18,Yes,Bulgaria,NA,IPF,IPF,2022-10-31,Turkey,NA,Istanbul,World University Powerlifting Cup,Yes,2022
Ula Humar,F,SBD,Raw,20,20-23,19-23,Open,64.4,69,127.5,135,-140,NA,135,65,70,72.5,NA,72.5,160,167.5,175,NA,175,382.5,6,405.96,404.06,356.69,82.53,Yes,Slovenia,NA,IPF,IPF,2022-10-31,Turkey,NA,Istanbul,World University Powerlifting Cup,Yes,2022
Sasho Velinov,M,SBD,Raw,23,20-23,19-23,Open,121.9,120+,242.5,257.5,265,NA,265,157.5,167.5,170,NA,170,267.5,280,-287.5,NA,280,715,2,408.51,409.61,392.48,82.55,Yes,Bulgaria,NA,IPF,IPF,2022-10-31,Turkey,NA,Istanbul,World University Powerlifting Cup,Yes,2022
Daniel Taktakov,M,SBD,Raw,20,20-23,19-23,Open,97.2,105,220,230,232.5,NA,232.5,125,-135,135,NA,135,230,247.5,255,NA,255,622.5,10,388,383.33,366.35,79.71,Yes,Bulgaria,NA,IPF,IPF,2022-10-31,Turkey,NA,Istanbul,World University Powerlifting Cup,Yes,2022
Reinis Ratnieks,M,SBD,Raw,22,20-23,19-23,Open,102.3,105,235,250,260,NA,260,165,175,177.5,NA,177.5,245,265,280,NA,280,717.5,6,437.38,432.83,413.3,89.67,Yes,Latvia,NA,IPF,IPF,2022-10-31,Turkey,NA,Istanbul,World University Powerlifting Cup,Yes,2022
Joachim Smet,M,SBD,Raw,22,20-23,19-23,Open,81.75,83,192.5,205,-210,NA,205,130,137.5,142.5,NA,142.5,220,245,-252.5,NA,245,592.5,4,403.45,399.11,384.18,82.65,Yes,Belgium,NA,IPF,IPF,2022-10-31,Turkey,NA,Istanbul,World University Powerlifting Cup,Yes,2022
Bertille Hedon,F,SBD,Raw,22,20-23,19-23,Open,65.8,69,140,150,157.5,NA,157.5,70,75,80,NA,80,155,165,170,NA,170,407.5,3,427,423.67,373.89,86.77,Yes,France,NA,IPF,IPF,2022-10-31,Turkey,NA,Istanbul,World University Powerlifting Cup,Yes,2022
Selin Mustafa #1,F,SBD,Raw,22,20-23,19-23,Open,51.35,52,85,92.5,-97.5,NA,92.5,50,-55,-55,NA,50,105,115,-130,NA,115,257.5,4,316.63,324.14,287.46,65.73,Yes,Bulgaria,NA,IPF,IPF,2022-10-31,Turkey,NA,Istanbul,World University Powerlifting Cup,Yes,2022
Julia Rozmus,F,SBD,Raw,24,24-34,24-39,Open,44.9,47,-100,100,-105,NA,100,47.5,50,52.5,NA,52.5,115,-120,120,NA,120,272.5,1,369.57,378.48,338.75,79.16,Yes,Poland,NA,IPF,IPF,2022-10-31,Turkey,NA,Istanbul,World University Powerlifting Cup,Yes,2022
Nuša Balen,F,SBD,Raw,23,20-23,19-23,Open,68.7,69,102.5,110,-115,NA,110,70,75,77.5,NA,77.5,155,162.5,167.5,NA,167.5,355,8,362.82,357.81,315.54,73.73,Yes,Slovenia,NA,IPF,IPF,2022-10-31,Turkey,NA,Istanbul,World University Powerlifting Cup,Yes,2022
Manon Willemsen,F,SBD,Raw,22,20-23,19-23,Open,67.55,69,125,132.5,-137.5,NA,132.5,67.5,70,-72.5,NA,70,150,162.5,-170,NA,162.5,365,7,376.66,372.33,328.44,76.53,Yes,Netherlands,NA,IPF,IPF,2022-10-31,Turkey,NA,Istanbul,World University Powerlifting Cup,Yes,2022
Asude Dağlıoğlu,F,SBD,Raw,22,20-23,19-23,Open,68,69,155,165,172.5,NA,172.5,75,-80,80,NA,80,185,200,-205,NA,200,452.5,2,465.18,459.4,405.2,94.52,Yes,Turkey,NA,IPF,IPF,2022-10-31,Turkey,NA,Istanbul,World University Powerlifting Cup,Yes,2022
Ludivine Breymand,F,SBD,Raw,22,20-23,19-23,Open,62.35,63,122.5,-132.5,132.5,NA,132.5,70,-75,-75,NA,70,145,155,-162.5,NA,155,357.5,5,386.94,386.97,341.75,78.74,Yes,France,NA,IPF,IPF,2022-10-31,Turkey,NA,Istanbul,World University Powerlifting Cup,Yes,2022
Lara Vehar,F,SBD,Raw,22,20-23,19-23,Open,56.5,57,120,125,-130,NA,125,67.5,70,72.5,NA,72.5,130,135,-140,NA,135,332.5,4,383.15,388.5,343.59,78.51,Yes,Slovenia,NA,IPF,IPF,2022-10-31,Turkey,NA,Istanbul,World University Powerlifting Cup,Yes,2022
Julie Ribere,F,SBD,Raw,22,20-23,19-23,Open,55.7,57,130,-135,135,NA,135,-82.5,82.5,85,NA,85,130,137.5,142.5,NA,142.5,362.5,2,421.68,428.32,378.91,86.54,Yes,France,NA,IPF,IPF,2022-10-31,Turkey,NA,Istanbul,World University Powerlifting Cup,Yes,2022
Emirhan Tekcan,M,SBD,Raw,19,18-19,19-23,Open,92.1,93,-205,205,-215,NA,205,130,135,-137.5,NA,135,235,250,-255,NA,250,590,11,377.16,372.36,356.53,77.55,Yes,Turkey,NA,IPF,IPF,2022-10-31,Turkey,NA,Istanbul,World University Powerlifting Cup,Yes,2022
Thanh Da Pham,M,SBD,Raw,23,20-23,19-23,Open,65.55,66,185,190,-192.5,NA,190,115,-122.5,-122.5,NA,115,215,225,232.5,NA,232.5,537.5,5,423.29,424.43,412.56,84.09,Yes,France,NA,IPF,IPF,2022-10-31,Turkey,NA,Istanbul,World University Powerlifting Cup,Yes,2022
Pierig Servouze,M,SBD,Raw,21,20-23,19-23,Open,65.75,66,185,192.5,-197.5,NA,192.5,125,130,-132.5,NA,130,215,222.5,230,NA,230,552.5,3,434.12,435.18,422.94,86.3,Yes,France,NA,IPF,IPF,2022-10-31,Turkey,NA,Istanbul,World University Powerlifting Cup,Yes,2022
Alexandre Labesse,M,SBD,Raw,21,20-23,19-23,Open,59,59,-155,-155,155,NA,155,100,105,-107.5,NA,105,180,190,-200,NA,190,450,5,385.14,389.78,380.98,74.46,Yes,France,NA,IPF,IPF,2022-10-31,Turkey,NA,Istanbul,World University Powerlifting Cup,Yes,2022
Thibault Bacq,M,SBD,Raw,24,24-34,24-39,Open,102.9,105,240,252.5,260,NA,260,150,157.5,160,NA,160,260,275,285,NA,285,705,7,428.71,424.36,405.2,87.87,Yes,Belgium,NA,IPF,IPF,2022-10-31,Turkey,NA,Istanbul,World University Powerlifting Cup,Yes,2022
Quentin Dufour,M,SBD,Raw,24,24-34,24-39,Open,81.35,83,210,220,230,NA,230,122.5,127.5,-130,NA,127.5,235,250,262.5,NA,262.5,620,3,423.37,418.89,403.31,86.7,Yes,Belgium,NA,IPF,IPF,2022-10-31,Turkey,NA,Istanbul,World University Powerlifting Cup,Yes,2022
Lorenz Muylkens,M,SBD,Raw,25,24-34,24-39,Open,113.2,120,262.5,277.5,-282.5,NA,277.5,157.5,162.5,165,NA,165,272.5,287.5,-300,NA,287.5,730,1,427.81,426,407.54,87.08,Yes,Netherlands,NA,IPF,IPF,2022-10-31,Turkey,NA,Istanbul,World University Powerlifting Cup,Yes,2022
Li Hu,M,SBD,Raw,23,20-23,19-23,Open,104.05,105,240,260,-267.5,NA,260,-137.5,140,150,NA,150,260,275,-282.5,NA,275,685,8,414.65,410.65,392.11,84.93,Yes,Netherlands,NA,IPF,IPF,2022-10-31,Turkey,NA,Istanbul,World University Powerlifting Cup,Yes,2022
Konstantinos Barounis,M,SBD,Raw,25,24-34,24-39,Open,93,93,240,-252.5,255,NA,255,140,147.5,-150,NA,147.5,275,295,-300,NA,295,697.5,5,443.79,438.16,419.37,91.25,Yes,Greece,NA,IPF,IPF,2022-10-31,Turkey,NA,Istanbul,World University Powerlifting Cup,Yes,2022
Guillaume Gaignet,M,SBD,Raw,22,20-23,19-23,Open,73.3,74,-210,-210,210,NA,210,130,137.5,140,NA,140,285,-300,307.5,NA,307.5,657.5,1,478.76,476.17,460.55,97.01,Yes,France,NA,IPF,IPF,2022-10-31,Turkey,NA,Istanbul,World University Powerlifting Cup,Yes,2022
Thomas Le #1,M,SBD,Raw,25,24-34,24-39,Open,59,59,167.5,172.5,-175,NA,172.5,-97.5,97.5,100,NA,100,180,192.5,-197.5,NA,192.5,465,2,397.98,402.77,393.68,76.95,Yes,France,NA,IPF,IPF,2022-10-31,Turkey,NA,Istanbul,World University Powerlifting Cup,Yes,2022
Bo Arends,F,SBD,Raw,23,20-23,19-23,Open,69.6,76,140,147.5,-150,NA,147.5,72.5,77.5,-80,NA,77.5,170,182.5,190,NA,190,415,2,421.02,414.5,365.42,85.57,Yes,Netherlands,NA,IPF,IPF,2022-10-31,Turkey,NA,Istanbul,World University Powerlifting Cup,Yes,2022
Whitney Nedd,F,SBD,Raw,23,20-23,19-23,Open,62.25,63,115,120,125,NA,125,62.5,65,-67.5,NA,65,152.5,162.5,-165,NA,162.5,352.5,6,381.91,382.03,337.39,77.72,Yes,Netherlands,NA,IPF,IPF,2022-10-31,Turkey,NA,Istanbul,World University Powerlifting Cup,Yes,2022
Mathilde Pataille,F,SBD,Raw,23,20-23,19-23,Open,62.2,63,147.5,150,NA,NA,150,80,-85,-85,NA,80,165,170,-175,NA,170,400,1,433.58,433.77,383.09,88.24,Yes,France,NA,IPF,IPF,2022-10-31,Turkey,NA,Istanbul,World University Powerlifting Cup,Yes,2022
Mateusz Bagiński,M,SBD,Raw,25,24-34,24-39,Open,104.95,105,230,245,-260,NA,245,140,145,150,NA,150,305,325.5,-328,NA,325.5,720.5,4,434.61,430.61,411.19,88.98,Yes,Poland,NA,IPF,IPF,2022-10-31,Turkey,NA,Istanbul,World University Powerlifting Cup,Yes,2022
Nejc Rebolj,M,SBD,Raw,23,20-23,19-23,Open,96.95,105,237.5,247.5,255,NA,255,120,125,130,NA,130,252.5,267.5,-275,NA,267.5,652.5,9,407.17,402.25,384.45,83.66,Yes,Slovenia,NA,IPF,IPF,2022-10-31,Turkey,NA,Istanbul,World University Powerlifting Cup,Yes,2022
Mehdi Baali,M,SBD,Raw,23,20-23,19-23,Open,73.9,74,220,227.5,-232.5,NA,227.5,162.5,-167.5,-167.5,NA,162.5,-232.5,-232.5,232.5,NA,232.5,622.5,3,450.87,448.2,433.35,91.45,Yes,France,NA,IPF,IPF,2022-10-31,Turkey,NA,Istanbul,World University Powerlifting Cup,Yes,2022
Ramunė Vainauskytė,F,SBD,Raw,22,20-23,19-23,Open,67.6,69,175,-185,185,NA,185,90,100,107.5,NA,107.5,190,202.5,-212.5,NA,202.5,495,1,510.6,504.67,445.18,103.75,Yes,Lithuania,NA,IPF,IPF,2022-10-31,Turkey,NA,Istanbul,World University Powerlifting Cup,Yes,2022
Edgars Jurkans,M,SBD,Raw,24,24-34,24-39,Open,72.45,74,175,185,-192.5,NA,185,127.5,132.5,135,NA,135,207.5,217.5,-230,NA,217.5,537.5,7,394.42,392.57,379.88,79.78,Yes,Latvia,NA,IPF,IPF,2022-10-31,Turkey,NA,Istanbul,World University Powerlifting Cup,Yes,2022
Coline Giraud,F,SBD,Raw,19,18-19,19-23,Open,51.75,52,-110,-110,-110,NA,NA,60,-62.5,62.5,NA,62.5,127.5,135,137.5,NA,137.5,NA,DQ,NA,NA,NA,NA,Yes,France,NA,IPF,IPF,2022-10-31,Turkey,NA,Istanbul,World University Powerlifting Cup,Yes,2022
Isla Mitchinson,F,SBD,Raw,22,20-23,19-23,Open,46.6,47,90,95,97.5,NA,97.5,40,42.5,45,NA,45,95,100,102.5,NA,102.5,245,3,323.13,331.53,295.74,68.5,Yes,Scotland,NA,IPF,IPF,2022-10-31,Turkey,NA,Istanbul,World University Powerlifting Cup,Yes,2022
Charlie Kidd,M,SBD,Raw,21,20-23,19-23,Open,101.8,105,265,275,285,NA,285,147.5,155,162.5,NA,162.5,277.5,290,302.5,NA,302.5,750,2,458.13,453.27,432.83,93.95,Yes,England,NA,IPF,IPF,2022-10-31,Turkey,NA,Istanbul,World University Powerlifting Cup,Yes,2022
Brandon Teh,M,SBD,Raw,18,18-19,14-18,Open,68.6,74,205,217.5,222.5,NA,222.5,127.5,132.5,135,NA,135,235,250,-265,NA,250,607.5,5,462.84,462.43,448.55,92.79,Yes,England,NA,IPF,IPF,2022-10-31,Turkey,NA,Istanbul,World University Powerlifting Cup,Yes,2022
Bailey James,M,SBD,Raw,21,20-23,19-23,Open,58.75,59,147.5,157.5,165,NA,165,95,100,102.5,NA,102.5,185,192.5,-197.5,NA,192.5,460,3,395.1,400.02,391.09,76.29,Yes,UK,NA,IPF,IPF,2022-10-31,Turkey,NA,Istanbul,World University Powerlifting Cup,Yes,2022
Faiad Sharif,M,SBD,Raw,20,20-23,19-23,Open,58.7,59,160,-167.5,-167.5,NA,160,90,95,100,NA,100,187.5,195,205,NA,205,465,1,399.68,404.69,395.67,77.16,Yes,UK,NA,IPF,IPF,2022-10-31,Turkey,NA,Istanbul,World University Powerlifting Cup,Yes,2022
Milly Stoneley,F,SBD,Raw,25,24-34,24-39,Open,99.25,84+,150,157.5,165,NA,165,87.5,92.5,-97.5,NA,92.5,157.5,167.5,172.5,NA,172.5,430,3,368.02,358.81,308.54,76.85,Yes,England,NA,IPF,IPF,2022-10-31,Turkey,NA,Istanbul,World University Powerlifting Cup,Yes,2022
Teagan Pooler,F,SBD,Raw,22,20-23,19-23,Open,83.4,84,112.5,120,122.5,NA,122.5,72.5,77.5,80,NA,80,140,147.5,152.5,NA,152.5,355,3,327.77,317.71,277.9,67.23,Yes,England,NA,IPF,IPF,2022-10-31,Turkey,NA,Istanbul,World University Powerlifting Cup,Yes,2022
Lauren Domfe,F,SBD,Raw,19,18-19,19-23,Open,78.95,84,137.5,145,-152.5,NA,145,50,57.5,62.5,NA,62.5,150,162.5,170,NA,170,377.5,2,358.06,348,305.41,73.15,Yes,UK,NA,IPF,IPF,2022-10-31,Turkey,NA,Istanbul,World University Powerlifting Cup,Yes,2022
Millie Mabbutt,F,SBD,Raw,21,20-23,19-23,Open,74.75,76,142.5,152.5,157.5,NA,157.5,77.5,82.5,87.5,NA,87.5,160,167.5,170,NA,170,415,3,404.92,395.34,347.81,82.47,Yes,England,NA,IPF,IPF,2022-10-31,Turkey,NA,Istanbul,World University Powerlifting Cup,Yes,2022
Bridget Parris,F,SBD,Raw,20,20-23,19-23,Open,50.3,52,110,115,117.5,NA,117.5,50,52.5,55,NA,55,125,132.5,135,NA,135,307.5,2,383.67,393.24,349.07,79.95,Yes,England,NA,IPF,IPF,2022-10-31,Turkey,NA,Istanbul,World University Powerlifting Cup,Yes,2022
Naomi Cheong,F,SBD,Raw,23,20-23,19-23,Open,46.8,47,65,70,75,NA,75,32.5,35,37.5,NA,37.5,110,115,117.5,NA,117.5,230,4,302.38,310.28,276.68,64.03,Yes,UK,NA,IPF,IPF,2022-10-31,Turkey,NA,Istanbul,World University Powerlifting Cup,Yes,2022
Sharon Sandford,F,SBD,Raw,23,20-23,24-39,Open,65.85,69,135,145,-150,NA,145,77.5,-82.5,-82.5,NA,77.5,160,167.5,177.5,NA,177.5,400,5,418.96,415.64,366.8,85.14,Yes,England,NA,IPF,IPF,2022-10-31,Turkey,NA,Istanbul,World University Powerlifting Cup,Yes,2022
Hannah Clayton,F,SBD,Raw,22,20-23,19-23,Open,56.4,57,120,125,127.5,NA,127.5,75,-80,-80,NA,75,140,147.5,152.5,NA,152.5,355,3,409.56,415.37,367.36,83.94,Yes,England,NA,IPF,IPF,2022-10-31,Turkey,NA,Istanbul,World University Powerlifting Cup,Yes,2022
Hannah Matson,F,SBD,Raw,22,20-23,19-23,Open,56.4,57,122.5,127.5,-132.5,NA,127.5,72.5,-77.5,-77.5,NA,72.5,157.5,162.5,165,NA,165,365,1,421.09,427.07,377.71,86.3,Yes,England,NA,IPF,IPF,2022-10-31,Turkey,NA,Istanbul,World University Powerlifting Cup,Yes,2022
Alasdair Wilson,M,SBD,Raw,21,20-23,19-23,Open,104.9,105,262.5,277.5,-287.5,NA,277.5,140,147.5,150,NA,150,275,290,295,NA,295,722.5,3,435.9,431.88,412.4,89.24,Yes,Scotland,NA,IPF,IPF,2022-10-31,Turkey,NA,Istanbul,World University Powerlifting Cup,Yes,2022
Jack Hopkins,M,SBD,Raw,19,18-19,19-23,Open,90.75,93,252.5,265,275,NA,275,172.5,180,185,NA,185,292.5,-310,-310,NA,292.5,752.5,1,484.55,478.39,458.32,99.63,Yes,England,NA,IPF,IPF,2022-10-31,Turkey,NA,Istanbul,World University Powerlifting Cup,Yes,2022
Beatrice Fishwick,F,SBD,Raw,22,20-23,19-23,Open,62.2,63,127.5,137.5,-142.5,NA,137.5,80,85,-87.5,NA,85,145,155,162.5,NA,162.5,385,3,417.32,417.51,368.72,84.93,Yes,England,NA,IPF,IPF,2022-10-31,Turkey,NA,Istanbul,World University Powerlifting Cup,Yes,2022
Sophie Smith #1,F,SBD,Raw,23,20-23,19-23,Open,68.55,69,127.5,135,137.5,NA,137.5,87.5,92.5,95,NA,95,170,-185,-185,NA,170,402.5,4,411.88,406.31,358.32,83.69,Yes,England,NA,IPF,IPF,2022-10-31,Turkey,NA,Istanbul,World University Powerlifting Cup,Yes,2022
Cyrus Khine,M,SBD,Raw,23,20-23,19-23,Open,90.25,93,255,272.5,280,NA,280,140,147.5,152.5,NA,152.5,270,287.5,295,NA,295,727.5,2,469.75,463.78,444.43,96.58,Yes,England,NA,IPF,IPF,2022-10-31,Turkey,NA,Istanbul,World University Powerlifting Cup,Yes,2022
Jerry George,M,SBD,Raw,22,20-23,19-23,Open,65.5,66,185,195,-200,NA,195,130,132.5,135,NA,135,220,230,-235,NA,230,560,2,441.27,442.48,430.12,87.65,Yes,England,NA,IPF,IPF,2022-10-31,Turkey,NA,Istanbul,World University Powerlifting Cup,Yes,2022
Melissa Bird,F,SBD,Raw,24,24-34,24-39,Open,104.05,84+,155,165,172.5,NA,172.5,82.5,87.5,90,NA,90,162.5,172.5,177.5,NA,177.5,440,2,369.87,362.39,309.71,77.67,Yes,UK,NA,IPF,IPF,2022-10-31,Turkey,NA,Istanbul,World University Powerlifting Cup,Yes,2022
Molly Clark,F,SBD,Raw,22,20-23,19-23,Open,50.9,52,110,115,120,NA,120,80,85,87.5,NA,87.5,120,127.5,135,NA,135,342.5,1,423.77,434.05,385.09,88.11,Yes,Scotland,NA,IPF,IPF,2022-10-31,Turkey,NA,Istanbul,World University Powerlifting Cup,Yes,2022
Joey Awala,M,SBD,Raw,20,20-23,19-23,Open,82.3,83,235,247.5,252.5,NA,252.5,157.5,162.5,165,NA,165,285,300,315,NA,315,732.5,1,496.87,491.42,472.9,101.83,Yes,England,NA,IPF,IPF,2022-10-31,Turkey,NA,Istanbul,World University Powerlifting Cup,Yes,2022
Hamza Bham,M,SBD,Raw,25,24-34,24-39,Open,82.85,83,232.5,247.5,257.5,NA,257.5,165,170,172.5,NA,172.5,267.5,287.5,302.5,NA,302.5,732.5,2,495.01,489.47,470.87,101.49,Yes,England,NA,IPF,IPF,2022-10-31,Turkey,NA,Istanbul,World University Powerlifting Cup,Yes,2022
Mao Kaneko,M,SBD,Raw,21,20-23,19-23,Open,92.1,93,230,240,250,NA,250,150,160,162.5,NA,162.5,-290,290,300,NA,300,712.5,4,455.47,449.68,430.55,93.65,Yes,Japan,NA,IPF,IPF,2022-10-31,Turkey,NA,Istanbul,World University Powerlifting Cup,Yes,2022
Anagha P V,F,SBD,Raw,23,20-23,19-23,Open,62.95,63,120,130,-137.5,NA,130,55,60,-65,NA,60,125,130,135,NA,135,325,7,349.71,349.25,308.39,71.14,Yes,India,NA,IPF,IPF,2022-10-31,Turkey,NA,Istanbul,World University Powerlifting Cup,Yes,2022
Mini Mathi M,F,SBD,Raw,18,18-19,14-18,Open,42,47,80,-85,85,NA,85,45,-50,50,NA,50,110,112.5,-115,NA,112.5,247.5,2,353.45,359.11,323.99,77.43,Yes,India,NA,IPF,IPF,2022-10-31,Turkey,NA,Istanbul,World University Powerlifting Cup,Yes,2022
Shoya Kaneko,M,SBD,Raw,22,20-23,19-23,Open,92.45,93,230,240,247.5,NA,247.5,140,150,-155,NA,150,235,-252.5,262.5,NA,262.5,660,8,421.13,415.78,398.04,86.59,Yes,Japan,NA,IPF,IPF,2022-10-31,Turkey,NA,Istanbul,World University Powerlifting Cup,Yes,2022
Elyas Kolabi,M,SBD,Raw,22,20-23,19-23,Open,58.1,59,140,147.5,-155,NA,147.5,70,80,-85,NA,80,180,190,-195,NA,190,417.5,6,361.98,366.87,358.91,69.66,Yes,Iran,NA,IPF,IPF,2022-10-31,Turkey,NA,Istanbul,World University Powerlifting Cup,Yes,2022
Amir Noorhosseini,M,SBD,Raw,23,20-23,19-23,Open,73.2,74,230,240,242.5,NA,242.5,135,142.5,150,NA,150,255,262.5,-267.5,NA,262.5,655,2,477.37,474.83,459.27,96.7,Yes,Iran,NA,IPF,IPF,2022-10-31,Turkey,NA,Istanbul,World University Powerlifting Cup,Yes,2022
Nandana R,F,SBD,Raw,21,20-23,19-23,Open,75.75,76,152.5,-160,-162.5,NA,152.5,75,80,85,NA,85,147.5,157.5,-162.5,NA,157.5,395,4,382.71,373.19,328.15,78,Yes,India,NA,IPF,IPF,2022-10-31,Turkey,NA,Istanbul,World University Powerlifting Cup,Yes,2022
Jwala Jose L,F,SBD,Raw,22,20-23,19-23,Open,55.5,57,115,-125,125,NA,125,60,-67.5,-67.5,NA,60,130,-137.5,-137.5,NA,130,315,5,367.3,373.25,330.21,75.41,Yes,India,NA,IPF,IPF,2022-10-31,Turkey,NA,Istanbul,World University Powerlifting Cup,Yes,2022
Vincentas Gintalas,M,SBD,Raw,19.5,20-23,19-23,Open,104.14,105,210,-220,-220,NA,210,140,145,152.5,NA,152.5,220,230,-247.5,NA,230,592.5,5,358.53,355.09,339.06,73.43,Yes,Lithuania,NA,IPF,IPF,2021-07-08,Lithuania,NA,Vilnius,World University Powerlifting Cup,Yes,2021
Dranginis Zidrunas,M,SBD,Raw,23.5,24-34,24-39,Open,90.25,93,230,240,-247.5,NA,240,140,147.5,152.5,NA,152.5,260,-270,-275,NA,260,652.5,4,421.32,415.97,398.61,86.63,Yes,NA,NA,IPF,IPF,2021-07-08,Lithuania,NA,Vilnius,World University Powerlifting Cup,Yes,2021
Karol Dyrek,M,SBD,Raw,23.5,24-34,24-39,Open,82.5,83,200,212.5,-215,NA,212.5,110,-115,-115,NA,110,235,245,-250,NA,245,567.5,4,384.42,380.17,365.8,78.8,Yes,NA,NA,IPF,IPF,2021-07-08,Lithuania,NA,Vilnius,World University Powerlifting Cup,Yes,2021
Bence Tóth,M,SBD,Raw,24.5,24-34,24-39,Open,114.5,120,230,245,260,NA,260,165,172.5,175,NA,175,300,315,-332.5,NA,315,750,1,437.74,436.3,417.57,89.01,Yes,NA,NA,IPF,IPF,2021-07-08,Lithuania,NA,Vilnius,World University Powerlifting Cup,Yes,2021
Piotr Wieczorek,M,SBD,Raw,20,20-23,19-23,Open,63.85,66,120,130,140,NA,140,75,82.5,90,NA,90,125,135,145,NA,145,375,2,301.26,302.73,294.64,59.49,Yes,Poland,NA,IPF,IPF,2021-07-08,Lithuania,NA,Vilnius,World University Powerlifting Cup,Yes,2021
Intars Baumanis,M,SBD,Raw,23,20-23,19-23,Open,82.4,83,240,255,-265,NA,255,150,160,170,NA,170,260,275,-290,NA,275,700,1,474.5,469.28,451.56,97.25,Yes,Latvia,NA,IPF,IPF,2021-07-08,Lithuania,NA,Vilnius,World University Powerlifting Cup,Yes,2021
Margaux Peyrol,F,SBD,Raw,25,24-34,24-39,Open,62.55,63,-122.5,122.5,-130,NA,122.5,70,-72.5,72.5,NA,72.5,135,145,-155,NA,145,340,6,367.28,367.14,324.22,74.73,Yes,NA,NA,IPF,IPF,2021-07-08,Lithuania,NA,Vilnius,World University Powerlifting Cup,Yes,2021
Nino van Rikxoort,M,SBD,Raw,20.5,20-23,19-23,Open,102.9,105,225,237.5,247.5,NA,247.5,152.5,162.5,167.5,NA,167.5,-270,270,-300,NA,270,685,2,416.55,412.32,393.7,85.38,Yes,Netherlands,NA,IPF,IPF,2021-07-08,Lithuania,NA,Vilnius,World University Powerlifting Cup,Yes,2021
Jovan Todorović,M,SBD,Raw,24.5,24-34,24-39,Open,92.25,93,220,-227.5,-227.5,NA,220,142.5,147.5,-150,NA,147.5,237.5,-245,-245,NA,237.5,605,5,386.44,381.53,365.28,79.46,Yes,Serbia,NA,IPF,IPF,2021-07-08,Lithuania,NA,Vilnius,World University Powerlifting Cup,Yes,2021
Maciej Zastawny,M,SBD,Raw,21,20-23,19-23,Open,81.8,83,200,212.5,-220,NA,212.5,125,-130,-130,NA,125,210,225,-230,NA,225,562.5,5,382.89,378.76,364.59,78.44,Yes,Poland,NA,IPF,IPF,2021-07-08,Lithuania,NA,Vilnius,World University Powerlifting Cup,Yes,2021
Célia Roux,F,SBD,Raw,22,20-23,19-23,Open,56.1,57,112.5,117.5,-120,NA,117.5,65,70,-72.5,NA,70,140,147.5,-155,NA,147.5,335,4,387.85,393.61,348.15,79.53,Yes,France,NA,IPF,IPF,2021-07-08,Lithuania,NA,Vilnius,World University Powerlifting Cup,Yes,2021
Krzysztof Stangret,M,SBD,Raw,23,20-23,19-23,Open,114.6,120,120,NA,NA,NA,120,155,162.5,165,NA,165,125,NA,NA,NA,125,410,6,239.22,238.45,228.22,48.64,Yes,Poland,NA,IPF,IPF,2021-07-08,Lithuania,NA,Vilnius,World University Powerlifting Cup,Yes,2021
Mateusz Szymański,M,SBD,Raw,22.5,20-23,19-23,Open,93.55,105,235,250,-255,NA,250,130,140,-142.5,NA,140,245,260,265,NA,265,655,3,415.57,410.32,392.63,85.44,Yes,Poland,NA,IPF,IPF,2021-07-08,Lithuania,NA,Vilnius,World University Powerlifting Cup,Yes,2021
Jan Duma,M,SBD,Raw,23.5,24-34,24-39,Open,92.2,93,230,242.5,250,NA,250,135,142.5,-147.5,NA,142.5,255,270,-277.5,NA,270,662.5,3,423.28,417.9,400.11,87.04,Yes,Poland,NA,IPF,IPF,2021-07-08,Lithuania,NA,Vilnius,World University Powerlifting Cup,Yes,2021
Luc Koekelkoren,M,SBD,Raw,22.5,20-23,19-23,Open,73.15,74,195,-205,205,NA,205,122.5,130,-135,NA,130,245,252.5,-260,NA,252.5,587.5,3,428.37,426.1,412.16,86.77,Yes,Netherlands,NA,IPF,IPF,2021-07-08,Lithuania,NA,Vilnius,World University Powerlifting Cup,Yes,2021
Rafał Łazicki,M,SBD,Raw,21.5,20-23,19-23,Open,73.7,74,205,-207.5,212.5,NA,212.5,135,-140,-140,NA,135,235,245,-252.5,NA,245,592.5,2,429.9,427.43,413.31,87.17,Yes,Poland,NA,IPF,IPF,2021-07-08,Lithuania,NA,Vilnius,World University Powerlifting Cup,Yes,2021
Lorenz Muylkens,M,SBD,Raw,23.5,24-34,24-39,Open,113.45,120,262.5,272.5,277.5,NA,277.5,152.5,160,165,NA,165,270,285,-295,NA,285,727.5,3,426,424.28,405.93,86.7,Yes,Netherlands,NA,IPF,IPF,2021-07-08,Lithuania,NA,Vilnius,World University Powerlifting Cup,Yes,2021
Thomas Le #1,M,SBD,Raw,23.5,24-34,24-39,Open,58.6,59,160,167.5,-172.5,NA,167.5,90,95,97.5,NA,97.5,170,180,-182.5,NA,180,445,3,383.04,387.9,379.3,73.9,Yes,France,NA,IPF,IPF,2021-07-08,Lithuania,NA,Vilnius,World University Powerlifting Cup,Yes,2021
Bo Arends,F,SBD,Raw,21.5,20-23,19-23,Open,68.05,69,130,135,137.5,NA,137.5,70,-72.5,-72.5,NA,70,160,165,-172.5,NA,165,372.5,2,382.78,377.98,333.39,77.78,Yes,Netherlands,NA,IPF,IPF,2021-07-08,Lithuania,NA,Vilnius,World University Powerlifting Cup,Yes,2021
Dominika Piskorz,F,SBD,Raw,23.5,24-34,24-39,Open,61.15,63,120,-125,-125,NA,120,65,-70,-70,NA,65,160,170,-175,NA,170,355,5,388.88,390.03,344.53,79.21,Yes,NA,NA,IPF,IPF,2021-07-08,Lithuania,NA,Vilnius,World University Powerlifting Cup,Yes,2021
Mathilde Pataille,F,SBD,Raw,21.5,20-23,19-23,Open,61.45,63,130,135,140,NA,140,72.5,-75,75,NA,75,-150,-150,150,NA,150,365,4,398.62,399.51,352.88,81.17,Yes,France,NA,IPF,IPF,2021-07-08,Lithuania,NA,Vilnius,World University Powerlifting Cup,Yes,2021
Alison Huet,F,SBD,Raw,24.5,24-34,24-39,Open,51.35,52,112.5,117.5,-120,NA,117.5,80,-82.5,-82.5,NA,80,115,-120,NA,NA,115,312.5,1,384.26,393.37,348.86,79.77,Yes,France,NA,IPF,IPF,2021-07-08,Lithuania,NA,Vilnius,World University Powerlifting Cup,Yes,2021
Mariya Khristenko,F,SBD,Raw,23.5,24-34,24-39,Open,76.1,84,105,115,120,NA,120,-87.5,87.5,-92.5,NA,87.5,85,92.5,102.5,NA,102.5,310,1,299.63,292.06,256.76,61.08,Yes,Russia,NA,IPF,IPF,2021-07-08,Lithuania,NA,Vilnius,World University Powerlifting Cup,Yes,2021
Yuliya Khodneva,F,SBD,Raw,23.5,24-34,24-39,Open,56.85,57,125,132.5,-135,NA,132.5,77.5,82.5,NA,NA,82.5,135,145,152.5,NA,152.5,367.5,1,421.77,427.33,377.88,86.37,Yes,Russia,NA,IPF,IPF,2021-07-08,Lithuania,NA,Vilnius,World University Powerlifting Cup,Yes,2021
Nadezhda Grigoreva,F,SBD,Raw,22.5,20-23,19-23,Open,51.25,52,75,85,92.5,NA,92.5,57.5,62.5,65,NA,65,75,-85,85,NA,85,242.5,2,298.6,305.71,271.14,62.01,Yes,Russia,NA,IPF,IPF,2021-07-08,Lithuania,NA,Vilnius,World University Powerlifting Cup,Yes,2021
Livia Nuzzo,F,SBD,Raw,21.5,20-23,19-23,Open,56.55,57,100,105,107.5,NA,107.5,55,60,-62.5,NA,60,135,145,147.5,NA,147.5,315,5,362.78,367.8,325.27,74.33,Yes,France,NA,IPF,IPF,2021-07-08,Lithuania,NA,Vilnius,World University Powerlifting Cup,Yes,2021
Vladimir Plekhov,M,SBD,Raw,23.5,24-34,24-39,Open,58.5,59,155,160,165,NA,165,102.5,107.5,-110,NA,107.5,-195,195,200,NA,200,472.5,1,407.3,412.53,403.42,78.54,Yes,Russia,NA,IPF,IPF,2021-07-08,Lithuania,NA,Vilnius,World University Powerlifting Cup,Yes,2021
Mateusz Lorek,M,SBD,Raw,22.5,20-23,19-23,Open,58.85,59,150,160,-167.5,NA,160,82.5,87.5,90,NA,90,180,187.5,197.5,NA,197.5,447.5,2,383.82,388.53,379.82,74.15,Yes,Poland,NA,IPF,IPF,2021-07-08,Lithuania,NA,Vilnius,World University Powerlifting Cup,Yes,2021
Agata Kaliciak,F,SBD,Raw,23.5,24-34,24-39,Open,90.5,84+,135,-142.5,142.5,NA,142.5,82.5,-87.5,-87.5,NA,82.5,150,-162.5,NA,NA,150,375,1,333.51,323.29,280.86,68.93,Yes,Poland,NA,IPF,IPF,2021-07-08,Lithuania,NA,Vilnius,World University Powerlifting Cup,Yes,2021
Ramunė Vainauskytė,F,SBD,Raw,20,20-23,19-23,Open,61.85,63,160,167.5,175,NA,175,90,95,-100,NA,95,-187.5,187.5,197.5,NA,197.5,467.5,1,508.51,509.16,449.7,103.52,Yes,Lithuania,NA,IPF,IPF,2021-07-08,Lithuania,NA,Vilnius,World University Powerlifting Cup,Yes,2021
Michał Jasak,M,SBD,Raw,23.5,24-34,24-39,Open,64.8,66,175,-187.5,-190,NA,175,125,130,-135,NA,130,225,252.5,-260,NA,252.5,557.5,1,442.86,444.47,432.28,87.75,Yes,Poland,NA,IPF,IPF,2021-07-08,Lithuania,NA,Vilnius,World University Powerlifting Cup,Yes,2021
Nahel Baali,M,SBD,Raw,20,20-23,19-23,Open,82,83,-220,220,-230,NA,220,160,165,-167.5,NA,165,262.5,277.5,-295,NA,277.5,662.5,3,450.33,445.44,428.72,92.27,Yes,France,NA,IPF,IPF,2021-07-08,Lithuania,NA,Vilnius,World University Powerlifting Cup,Yes,2021
Eimantas Rimša,M,SBD,Raw,23.5,24-34,24-39,Open,97.35,105,192.5,200,-205,NA,200,152.5,-162.5,-162.5,NA,152.5,190,200,212.5,NA,212.5,565,6,351.91,347.69,332.27,72.3,Yes,Lithuania,NA,IPF,IPF,2021-07-08,Lithuania,NA,Vilnius,World University Powerlifting Cup,Yes,2021
Aistė Motiečė,F,SBD,Raw,24.5,24-34,24-39,Open,55.4,57,70,82.5,-90,NA,82.5,42.5,50,-52.5,NA,50,120,130,-135,NA,130,262.5,6,306.45,311.48,275.58,62.93,Yes,Lithuania,NA,IPF,IPF,2021-07-08,Lithuania,NA,Vilnius,World University Powerlifting Cup,Yes,2021
Gabrielė Butautaitė,F,SBD,Raw,23,20-23,19-23,Open,66.7,69,120,-130,-135,NA,120,70,-75,-75,NA,70,130,140,152.5,NA,152.5,342.5,4,356.05,352.58,311.09,72.35,Yes,Lithuania,NA,IPF,IPF,2021-07-08,Lithuania,NA,Vilnius,World University Powerlifting Cup,Yes,2021
Rokas Burba,M,SBD,Raw,20,20-23,19-23,Open,73.95,74,200,210,217.5,NA,217.5,145,152.5,-157.5,NA,152.5,-220,220,230,NA,230,600,1,434.38,431.8,417.47,88.12,Yes,Lithuania,NA,IPF,IPF,2021-07-08,Lithuania,NA,Vilnius,World University Powerlifting Cup,Yes,2021
Patryk Zaniewski,M,SBD,Raw,22.5,20-23,19-23,Open,104.5,105,250,260,267.5,NA,267.5,170,177.5,182.5,NA,182.5,270,280,-300,NA,280,730,1,441.11,436.95,417.23,90.33,Yes,Poland,NA,IPF,IPF,2021-07-08,Lithuania,NA,Vilnius,World University Powerlifting Cup,Yes,2021
Katinka van Baalen,F,SBD,Raw,24.5,24-34,24-39,Open,56.4,57,105,110,115,NA,115,70,75,-77.5,NA,75,135,142.5,150,NA,150,340,3,392.25,397.82,351.84,80.39,Yes,Netherlands,NA,IPF,IPF,2021-07-08,Lithuania,NA,Vilnius,World University Powerlifting Cup,Yes,2021
Elisabeth Suits,F,SBD,Raw,21.5,20-23,19-23,Open,61.65,63,127.5,135,140,NA,140,67.5,70,72.5,NA,72.5,150,160,-172.5,NA,160,372.5,3,405.99,406.7,359.22,82.66,Yes,Estonia,NA,IPF,IPF,2021-07-08,Lithuania,NA,Vilnius,World University Powerlifting Cup,Yes,2021
Mirjam Reino,F,SBD,Raw,21.5,20-23,19-23,Open,70.45,76,105,110,-120,NA,110,65,70,-72.5,NA,70,130,140,150,NA,150,330,2,332.52,326.86,288.08,67.59,Yes,Estonia,NA,IPF,IPF,2021-07-08,Lithuania,NA,Vilnius,World University Powerlifting Cup,Yes,2021
Lucie Peterová,F,SBD,Raw,20.5,20-23,19-23,Open,67.2,69,135,140,142.5,NA,142.5,62.5,-65,-65,NA,62.5,140,145,150,NA,150,355,3,367.45,363.48,320.67,74.66,Yes,Czechia,NA,IPF,IPF,2021-07-08,Lithuania,NA,Vilnius,World University Powerlifting Cup,Yes,2021
Roman Kocúr,M,SBD,Raw,25,24-34,24-39,Open,72.8,74,185,195,-205,NA,195,117.5,125,130,NA,130,205,220,-230,NA,220,545,4,398.64,396.65,383.75,80.69,Yes,Czechia,NA,IPF,IPF,2021-07-08,Lithuania,NA,Vilnius,World University Powerlifting Cup,Yes,2021
David Stankovič,M,SBD,Raw,20.5,20-23,19-23,Open,114.15,120,225,235,242.5,NA,242.5,140,147.5,-152.5,NA,147.5,255,270,-275,NA,270,660,5,385.63,384.26,367.72,78.44,Yes,NA,NA,IPF,IPF,2021-07-08,Lithuania,NA,Vilnius,World University Powerlifting Cup,Yes,2021
Veronika Pasičná,F,SBD,Raw,21.5,20-23,19-23,Open,56.5,57,120,125,130,NA,130,60,-65,-65,NA,60,140,147.5,152.5,NA,152.5,342.5,2,394.68,400.19,353.92,80.87,Yes,Czechia,NA,IPF,IPF,2021-07-08,Lithuania,NA,Vilnius,World University Powerlifting Cup,Yes,2021
Dominika Jansová,F,SBD,Raw,19.5,20-23,19-23,Open,61.05,63,-130,130,135,NA,135,85,87.5,-90,NA,87.5,165,175,-182.5,NA,175,397.5,2,435.88,437.27,386.27,88.79,Yes,Czechia,NA,IPF,IPF,2021-07-08,Lithuania,NA,Vilnius,World University Powerlifting Cup,Yes,2021
Artem Usov,M,SBD,Raw,20.5,20-23,19-23,Open,131.35,120+,270,282.5,292.5,NA,292.5,175,185,-192.5,NA,185,270,280,-290,NA,280,757.5,1,422.84,427.66,408.27,84.74,Yes,Czechia,NA,IPF,IPF,2021-07-08,Lithuania,NA,Vilnius,World University Powerlifting Cup,Yes,2021
Jakub Šigut,M,SBD,Raw,21.5,20-23,19-23,Open,117.35,120,260,275,-285,NA,275,142.5,147.5,152.5,NA,152.5,302.5,317.5,-335,NA,317.5,745,2,431.1,430.63,412.48,87.46,Yes,Czechia,NA,IPF,IPF,2021-07-08,Lithuania,NA,Vilnius,World University Powerlifting Cup,Yes,2021
Klára Zmeškalová,F,SBD,Raw,23.5,24-34,24-39,Open,71.9,76,-155,160,165,NA,165,82.5,85,-87.5,NA,85,177.5,185,-190,NA,185,435,1,433.42,424.97,374.35,88.15,Yes,Czechia,NA,IPF,IPF,2021-07-08,Lithuania,NA,Vilnius,World University Powerlifting Cup,Yes,2021
Filip Porteš,M,SBD,Raw,21,20-23,19-23,Open,117.3,120,250,265,277.5,NA,277.5,155,-165,-165,NA,155,265,280,292.5,NA,292.5,725,4,419.59,419.11,401.44,85.12,Yes,Czechia,NA,IPF,IPF,2021-07-08,Lithuania,NA,Vilnius,World University Powerlifting Cup,Yes,2021
Klaudijus Malevskis,M,SBD,Raw,24.5,24-34,24-39,Open,95.3,105,225,235,-242.5,NA,235,170,177.5,-180,NA,177.5,230,242.5,-247.5,NA,242.5,655,4,411.96,406.85,389.06,84.68,Yes,Lithuania,NA,IPF,IPF,2021-07-08,Lithuania,NA,Vilnius,World University Powerlifting Cup,Yes,2021
Hossein Talebi,M,SBD,Raw,22.5,20-23,19-23,Open,92.1,93,255,267.5,-272.5,NA,267.5,150,160,165,NA,165,275,287.5,-292.5,NA,287.5,720,1,460.26,454.41,435.09,94.64,Yes,Iran,NA,IPF,IPF,2021-07-08,Lithuania,NA,Vilnius,World University Powerlifting Cup,Yes,2021
Farid Salehi,M,SBD,Raw,22.5,20-23,19-23,Open,82.9,83,215,-230,-230,NA,215,165,175,185,NA,185,230,242.5,265,NA,265,665,2,449.24,444.2,427.32,92.11,Yes,Iran,NA,IPF,IPF,2021-07-08,Lithuania,NA,Vilnius,World University Powerlifting Cup,Yes,2021
Elliot Schorp,M,SBD,Raw,21,20-23,19-23,Open,92.2,93,222.5,235,-240,NA,235,155,162.5,NA,NA,162.5,260,277.5,295,NA,295,692.5,2,442.45,436.82,418.23,90.98,Yes,France,NA,IPF,IPF,2021-07-08,Lithuania,NA,Vilnius,World University Powerlifting Cup,Yes,2021
María Martínez Mejías,F,SBD,Raw,20.5,20-23,19-23,Open,67.1,69,127.5,135,140,NA,140,70,75,-77.5,NA,75,152.5,162.5,-167.5,NA,162.5,377.5,1,391.07,386.93,341.37,79.46,Yes,NA,NA,IPF,IPF,2021-07-08,Lithuania,NA,Vilnius,World University Powerlifting Cup,Yes,2021
Brooke Conley,F,SBD,Raw,19,18-19,19-23,Open,85.13,84+,127.5,135,-142.5,NA,135,65,-70,-70,NA,65,137.5,145,150,NA,150,350,5,320.03,310.07,270.81,65.76,Yes,USA,NA,IPF,IPF,2017-07-10,South Africa,NA,Potchefstroom,World University Powerlifting Cup,Yes,2017
Heidi Lewis,F,SBD,Raw,19.5,20-23,19-23,Open,86,84+,140,152.5,162.5,NA,162.5,77.5,85,-87.5,NA,85,175,187.5,202.5,NA,202.5,450,1,409.52,396.73,346.22,84.22,Yes,USA,NA,IPF,IPF,2017-07-10,South Africa,NA,Potchefstroom,World University Powerlifting Cup,Yes,2017
Dani Jones,F,SBD,Raw,22.5,20-23,19-23,Open,79.4,84,127.5,135,140,NA,140,67.5,70,72.5,NA,72.5,150,157.5,162.5,NA,162.5,375,3,354.68,344.58,302.32,72.48,Yes,USA,NA,IPF,IPF,2017-07-10,South Africa,NA,Potchefstroom,World University Powerlifting Cup,Yes,2017
Louise Blair,F,SBD,Raw,22.5,20-23,19-23,Open,66.4,72,82.5,90,-95,NA,90,47.5,50,-52.5,NA,50,112.5,120,125,NA,125,265,10,276.21,273.69,241.5,56.12,Yes,NA,NA,IPF,IPF,2017-07-10,South Africa,NA,Potchefstroom,World University Powerlifting Cup,Yes,2017
Corbin Mauro,F,SBD,Raw,22.5,20-23,19-23,Open,71.4,72,112.5,122.5,-127.5,NA,122.5,60,65,-70,NA,65,125,135,-142.5,NA,135,322.5,6,322.56,316.54,278.89,65.59,Yes,USA,NA,IPF,IPF,2017-07-10,South Africa,NA,Potchefstroom,World University Powerlifting Cup,Yes,2017
Stina Seppänen,F,SBD,Raw,23.5,24-34,24-39,Open,71.2,72,115,122.5,125,NA,125,77.5,82.5,-85,NA,82.5,115,125,132.5,NA,132.5,340,5,340.59,334.35,294.6,69.25,Yes,Finland,NA,IPF,IPF,2017-07-10,South Africa,NA,Potchefstroom,World University Powerlifting Cup,Yes,2017
MaryCatherine Innace,F,SBD,Raw,21.5,20-23,19-23,Open,71.5,72,112.5,117.5,125,NA,125,85,90,95,NA,95,130,140,147.5,NA,147.5,367.5,2,367.28,360.37,317.49,74.69,Yes,USA,NA,IPF,IPF,2017-07-10,South Africa,NA,Potchefstroom,World University Powerlifting Cup,Yes,2017
Allison Mandell,F,SBD,Raw,23.5,24-34,24-39,Open,60.89,63,85,92.5,97.5,NA,97.5,70,75,77.5,NA,77.5,105,115,-130,NA,115,290,5,318.52,319.66,282.38,64.89,Yes,USA,NA,IPF,IPF,2017-07-10,South Africa,NA,Potchefstroom,World University Powerlifting Cup,Yes,2017
Katie Malas,F,SBD,Raw,19.5,20-23,19-23,Open,55.65,57,80,85,-87.5,NA,85,-47.5,47.5,50,NA,50,95,102.5,107.5,NA,107.5,242.5,1,282.26,286.73,253.66,57.93,Yes,USA,NA,IPF,IPF,2017-07-10,South Africa,NA,Potchefstroom,World University Powerlifting Cup,Yes,2017
Priyanka Malhotra,F,SBD,Raw,19.5,20-23,19-23,Open,45.5,47,70,75,80,NA,80,32.5,37.5,-40,NA,37.5,85,92.5,100,NA,100,217.5,3,292.03,299.33,267.56,62.31,Yes,USA,NA,IPF,IPF,2017-07-10,South Africa,NA,Potchefstroom,World University Powerlifting Cup,Yes,2017
Dean Salmon,M,SBD,Raw,23.5,24-34,24-39,Open,97.55,105,205,220,-230,NA,220,172.5,180,-182.5,NA,180,240,-255,NA,NA,240,640,4,398.26,393.5,376.03,81.81,Yes,NA,NA,IPF,IPF,2017-07-10,South Africa,NA,Potchefstroom,World University Powerlifting Cup,Yes,2017
Arya Ammen,M,SBD,Raw,21.5,20-23,19-23,Open,75.55,83,147.5,155,165,NA,165,87.5,92.5,-97.5,NA,92.5,200,212.5,-225,NA,212.5,470,12,335.62,333.21,321.86,68.26,Yes,NA,NA,IPF,IPF,2017-07-10,South Africa,NA,Potchefstroom,World University Powerlifting Cup,Yes,2017
Roel van Etten,M,SBD,Raw,24.5,24-34,24-39,Open,82.3,83,180,190,195,NA,195,107.5,112.5,-115,NA,112.5,200,217.5,225,NA,225,532.5,9,361.21,357.25,343.78,74.03,Yes,NA,NA,IPF,IPF,2017-07-10,South Africa,NA,Potchefstroom,World University Powerlifting Cup,Yes,2017
Dariusz Konopelski,M,SBD,Raw,24.5,24-34,24-39,Open,81.7,83,235,237.5,-250,NA,237.5,145,-150,-150,NA,145,230,240,-247.5,NA,240,622.5,4,424.03,419.48,403.8,86.86,Yes,Poland,NA,IPF,IPF,2017-07-10,South Africa,NA,Potchefstroom,World University Powerlifting Cup,Yes,2017
Jay Dove,M,SBD,Raw,22.5,20-23,19-23,Open,82.75,83,240,252.5,260,NA,260,155,160,-165,NA,160,250,-262.5,-262.5,NA,250,670,2,453.08,448.03,431.03,92.89,Yes,USA,NA,IPF,IPF,2017-07-10,South Africa,NA,Potchefstroom,World University Powerlifting Cup,Yes,2017
Francis Ferriols,M,SBD,Raw,22.5,20-23,19-23,Open,82.35,83,207.5,220,230,NA,230,157.5,167.5,170,NA,170,280,-300,300,NA,300,700,1,474.66,469.45,451.74,97.28,Yes,Australia,NA,IPF,IPF,2017-07-10,South Africa,NA,Potchefstroom,World University Powerlifting Cup,Yes,2017
Dinadil Mustaf,M,SBD,Raw,25.5,24-34,24-39,Open,73.2,74,185,195,-202.5,NA,195,110,117.5,-120,NA,117.5,225,-232.5,-232.5,NA,225,537.5,5,391.74,389.65,376.88,79.36,Yes,NA,NA,IPF,IPF,2017-07-10,South Africa,NA,Potchefstroom,World University Powerlifting Cup,Yes,2017
Andrei Khomiakov,M,SBD,Raw,20.5,20-23,19-23,Open,65.95,66,150,160,165,NA,165,115,122.5,127.5,NA,127.5,190,200,-207.5,NA,200,492.5,4,386.1,386.95,376.02,76.8,Yes,NA,NA,IPF,IPF,2017-07-10,South Africa,NA,Potchefstroom,World University Powerlifting Cup,Yes,2017
Tyler Coleman,M,SBD,Raw,19.5,20-23,19-23,Open,58.9,59,160,167.5,172.5,NA,172.5,97.5,102.5,107.5,NA,107.5,185,192.5,-200,NA,192.5,472.5,1,404.97,409.91,400.7,78.26,Yes,USA,NA,IPF,IPF,2017-07-10,South Africa,NA,Potchefstroom,World University Powerlifting Cup,Yes,2017
Emily Ho,F,SBD,Raw,21.5,20-23,19-23,Open,45.95,47,112.5,120,-122.5,NA,120,55,60,-65,NA,60,115,-120,-127.5,NA,115,295,1,393.17,403.19,360.09,83.66,Yes,USA,NA,IPF,IPF,2017-07-10,South Africa,NA,Potchefstroom,World University Powerlifting Cup,Yes,2017
Haakon Borstad,M,SBD,Raw,21.5,20-23,19-23,Open,140.1,120+,260,270,-275,NA,270,140,145,150,NA,150,275,290,-297.5,NA,290,710,2,389.02,396.71,377.06,77.37,Yes,USA,NA,IPF,IPF,2017-07-10,South Africa,NA,Potchefstroom,World University Powerlifting Cup,Yes,2017
Steven Kearney,M,SBD,Raw,22.5,20-23,19-23,Open,120.4,120+,232.5,247.5,252.5,NA,252.5,177.5,182.5,-190,NA,182.5,245,255,-267.5,NA,255,690,3,395.83,396.39,379.85,80.09,Yes,USA,NA,IPF,IPF,2017-07-10,South Africa,NA,Potchefstroom,World University Powerlifting Cup,Yes,2017
Kevin Hejnas,M,SBD,Raw,22.5,20-23,19-23,Open,97.95,105,207.5,217.5,-227.5,NA,217.5,140,147.5,155,NA,155,255,-265,-270,NA,255,627.5,5,389.77,385.15,368.01,80.06,Yes,USA,NA,IPF,IPF,2017-07-10,South Africa,NA,Potchefstroom,World University Powerlifting Cup,Yes,2017
Ville Vikman,M,SBD,Raw,23.5,24-34,24-39,Open,92.65,93,215,225,235,NA,235,175,182.5,185,NA,185,240,257.5,-270,NA,257.5,677.5,2,431.84,426.36,408.13,88.79,Yes,Finland,NA,IPF,IPF,2017-07-10,South Africa,NA,Potchefstroom,World University Powerlifting Cup,Yes,2017
Jeremy Rodriguez #4,M,SBD,Raw,20.5,20-23,19-23,Open,73,74,167.5,180,185,NA,185,92.5,100,-102.5,NA,100,220,230,237.5,NA,237.5,522.5,6,381.49,379.52,367.13,77.25,Yes,USA,NA,IPF,IPF,2017-07-10,South Africa,NA,Potchefstroom,World University Powerlifting Cup,Yes,2017
Elfranco Holder,M,SBD,Raw,23.5,24-34,24-39,Open,90.15,93,-190,205,-215,NA,205,170,180,182.5,NA,182.5,250,260,270,NA,270,657.5,3,424.78,419.39,401.91,87.34,Yes,South Africa,NA,IPF,IPF,2017-07-10,South Africa,NA,Potchefstroom,World University Powerlifting Cup,Yes,2017
Jesse McEwen,M,SBD,Raw,26.5,24-34,24-39,Open,104,105,252.5,-270,270,NA,270,170,180,187.5,NA,187.5,255,270,-285,NA,270,727.5,2,440.46,436.2,416.51,90.22,Yes,Australia,NA,IPF,IPF,2017-07-10,South Africa,NA,Potchefstroom,World University Powerlifting Cup,Yes,2017
Gavin Dillon,M,SBD,Raw,25.5,24-34,24-39,Open,80.1,83,190,202.5,212.5,NA,212.5,127.5,135,140,NA,140,230,240,247.5,NA,247.5,600,6,413.42,409.3,394.35,84.57,Yes,Ireland,NA,IPF,IPF,2017-07-10,South Africa,NA,Potchefstroom,World University Powerlifting Cup,Yes,2017
Aleksandr Usynin,M,SBD,Raw,22,20-23,19-23,Open,91.95,93,250,265,270,NA,270,170,180,NA,NA,180,250,260,-280,NA,260,710,1,454.23,448.45,429.41,93.4,Yes,Russia,NA,IPF,IPF,2017-07-10,South Africa,NA,Potchefstroom,World University Powerlifting Cup,Yes,2017
Rafael Santi,M,SBD,Raw,21.5,20-23,19-23,Open,58.7,59,-110,-115,-115,NA,NA,97.5,-105,105,NA,105,-130,130,-162.5,NA,130,NA,DQ,NA,NA,NA,NA,Yes,Brazil,NA,IPF,IPF,2017-07-10,South Africa,NA,Potchefstroom,World University Powerlifting Cup,Yes,2017
Oksana Semenukha,F,SBD,Raw,21,20-23,19-23,Open,84.35,84+,120,130,140,NA,140,65,72.5,75,NA,75,132.5,142.5,145,NA,145,360,3,330.6,320.36,279.99,67.88,Yes,Russia,NA,IPF,IPF,2017-07-10,South Africa,NA,Potchefstroom,World University Powerlifting Cup,Yes,2017
Aleksandr Kapturov,M,SBD,Raw,22,20-23,19-23,Open,73.2,74,225,235,242.5,NA,242.5,125,130,-132.5,NA,130,235,250,257.5,NA,257.5,630,1,459.15,456.7,441.74,93.01,Yes,Russia,NA,IPF,IPF,2017-07-10,South Africa,NA,Potchefstroom,World University Powerlifting Cup,Yes,2017
Dominique van Deursen,F,SBD,Raw,21.5,20-23,19-23,Open,81.6,84,132.5,140,145,NA,145,62.5,67.5,70,NA,70,157.5,165,172.5,NA,172.5,387.5,2,361.57,350.76,307.25,74.04,Yes,Netherlands,NA,IPF,IPF,2017-07-10,South Africa,NA,Potchefstroom,World University Powerlifting Cup,Yes,2017
Salla Koskinen,F,SBD,Raw,23.5,24-34,24-39,Open,71.15,72,137.5,145,150,NA,150,75,80,82.5,NA,82.5,160,170,-177.5,NA,170,402.5,1,403.35,396,348.93,82.01,Yes,Finland,NA,IPF,IPF,2017-07-10,South Africa,NA,Potchefstroom,World University Powerlifting Cup,Yes,2017
Lauri Tamminen,M,SBD,Raw,24.5,24-34,24-39,Open,83,83,215,225,230,NA,230,145,150,-152.5,NA,150,-230,235,247.5,NA,247.5,627.5,3,423.62,418.86,402.91,86.86,Yes,Finland,NA,IPF,IPF,2017-07-10,South Africa,NA,Potchefstroom,World University Powerlifting Cup,Yes,2017
Akseli Lintulaakso,M,SBD,Raw,24.5,24-34,24-39,Open,72.6,74,212.5,220,222.5,NA,222.5,130,135,-137.5,NA,135,215,220,-222.5,NA,220,577.5,3,423.19,421.15,407.5,85.63,Yes,Finland,NA,IPF,IPF,2017-07-10,South Africa,NA,Potchefstroom,World University Powerlifting Cup,Yes,2017
David Yeung,M,SBD,Raw,27.5,24-34,24-39,Open,84.6,93,-215,215,-230,NA,215,155,162.5,167.5,NA,167.5,240,-255,-255,NA,240,622.5,5,415.81,410.92,394.93,85.35,Yes,NA,NA,IPF,IPF,2017-07-10,South Africa,NA,Potchefstroom,World University Powerlifting Cup,Yes,2017
Lezaan Jordaan,F,SBD,Raw,21.5,20-23,19-23,Open,83.2,84,140,-150,150,NA,150,70,77.5,80,NA,80,165,180,-192.5,NA,180,410,1,378.99,367.38,321.4,77.72,Yes,South Africa,NA,IPF,IPF,2017-07-10,South Africa,NA,Potchefstroom,World University Powerlifting Cup,Yes,2017
Rouxchelle Roux,F,SBD,Raw,18.5,18-19,19-23,Open,51.6,52,100,105,107.5,NA,107.5,50,-55,55,NA,55,110,120,-130,NA,120,282.5,1,346.2,354.28,314.13,71.81,Yes,South Africa,NA,IPF,IPF,2017-07-10,South Africa,NA,Potchefstroom,World University Powerlifting Cup,Yes,2017
Francois Maritz,M,SBD,Raw,23.5,24-34,24-39,Open,110.25,120,285,295,305,NA,305,185,192.5,-197.5,NA,192.5,-285,295,302.5,NA,302.5,800,1,473.41,470.47,449.68,96.58,Yes,South Africa,NA,IPF,IPF,2017-07-10,South Africa,NA,Potchefstroom,World University Powerlifting Cup,Yes,2017
Charles Jester,M,SBD,Raw,24.5,24-34,24-39,Open,76.5,83,160,170,-172.5,NA,170,120,130,135,NA,135,175,190,-200,NA,190,495,11,350.71,347.96,335.93,71.43,Yes,NA,NA,IPF,IPF,2017-07-10,South Africa,NA,Potchefstroom,World University Powerlifting Cup,Yes,2017
Annina Jansson,F,SBD,Raw,20.5,20-23,19-23,Open,72.05,84,100,107.5,115,NA,115,57.5,60,62.5,NA,62.5,127.5,-135,135,NA,135,312.5,5,311.01,304.87,268.54,63.26,Yes,Scotland,NA,IPF,IPF,2017-07-10,South Africa,NA,Potchefstroom,World University Powerlifting Cup,Yes,2017
Kevin Yong,M,SBD,Raw,21.5,20-23,19-23,Open,102.1,105,142.5,152.5,-160,NA,152.5,112.5,117.5,122.5,NA,122.5,207.5,212.5,217.5,NA,217.5,492.5,10,300.47,297.32,283.9,61.61,Yes,NA,NA,IPF,IPF,2017-07-10,South Africa,NA,Potchefstroom,World University Powerlifting Cup,Yes,2017
Donald Man,M,SBD,Raw,20.5,20-23,19-23,Open,115.6,120,180,190,200,NA,200,110,117.5,-120,NA,117.5,210,225,-230,NA,225,542.5,3,315.56,314.79,301.38,64.11,Yes,NA,NA,IPF,IPF,2017-07-10,South Africa,NA,Potchefstroom,World University Powerlifting Cup,Yes,2017
Hector van Smirren,M,SBD,Raw,20,20-23,19-23,Open,101.3,105,172.5,182.5,192.5,NA,192.5,120,-125,125,NA,125,207.5,225,-230,NA,225,542.5,9,332.07,328.49,313.69,68.12,Yes,England,NA,IPF,IPF,2017-07-10,South Africa,NA,Potchefstroom,World University Powerlifting Cup,Yes,2017
Mark Faulkner,M,SBD,Raw,20.5,20-23,19-23,Open,105.7,120,195,205,215,NA,215,135,140,-142.5,NA,140,240,252.5,-257.5,NA,252.5,607.5,2,365.41,362.18,345.86,74.77,Yes,England,NA,IPF,IPF,2017-07-10,South Africa,NA,Potchefstroom,World University Powerlifting Cup,Yes,2017
Louis Keightley-Smith,M,SBD,Raw,23,20-23,19-23,Open,97.45,105,202.5,212.5,225,NA,225,137.5,145,150,NA,150,210,227.5,-240,NA,227.5,602.5,8,375.1,370.61,354.16,77.06,Yes,England,NA,IPF,IPF,2017-07-10,South Africa,NA,Potchefstroom,World University Powerlifting Cup,Yes,2017
Lewis Wilkinson #2,M,SBD,Raw,23.5,24-34,24-39,Open,78.45,83,142.5,150,-157.5,NA,150,85,87.5,-90,NA,87.5,190,200,-207.5,NA,200,437.5,13,305.22,302.45,291.67,62.32,Yes,NA,NA,IPF,IPF,2017-07-10,South Africa,NA,Potchefstroom,World University Powerlifting Cup,Yes,2017
Theo Warren,M,SBD,Raw,20.5,20-23,19-23,Open,81.15,83,-160,160,170,NA,170,115,120,122.5,NA,122.5,190,205,212.5,NA,212.5,505,10,345.33,341.71,329.04,70.71,Yes,England,NA,IPF,IPF,2017-07-10,South Africa,NA,Potchefstroom,World University Powerlifting Cup,Yes,2017
Thomas Verbeek,M,SBD,Raw,21.5,20-23,19-23,Open,82.7,83,185,195,202.5,NA,202.5,117.5,122.5,127.5,NA,127.5,195,215,-230,NA,215,545,8,368.67,364.57,350.75,75.58,Yes,NA,NA,IPF,IPF,2017-07-10,South Africa,NA,Potchefstroom,World University Powerlifting Cup,Yes,2017
Simon Chan,M,SBD,Raw,23,20-23,19-23,Open,83.65,93,192.5,200,210,NA,210,135,142.5,145,NA,145,215,230,240,NA,240,595,7,399.93,395.34,380.16,82.04,Yes,NA,NA,IPF,IPF,2017-07-10,South Africa,NA,Potchefstroom,World University Powerlifting Cup,Yes,2017
Zain Malik,M,SBD,Raw,19.5,20-23,19-23,Open,71.5,74,145,155,165,NA,165,95,100,105,NA,105,205,-217.5,217.5,NA,217.5,487.5,7,360.91,359.53,348.11,72.86,Yes,NA,NA,IPF,IPF,2017-07-10,South Africa,NA,Potchefstroom,World University Powerlifting Cup,Yes,2017
Afzol Ali,M,SBD,Raw,20,20-23,19-23,Open,63.25,66,130,137.5,142.5,NA,142.5,92.5,97.5,-100,NA,97.5,170,180,185,NA,185,425,5,343.92,345.89,336.81,67.76,Yes,England,NA,IPF,IPF,2017-07-10,South Africa,NA,Potchefstroom,World University Powerlifting Cup,Yes,2017
Aneek Shah,M,SBD,Raw,20.5,20-23,19-23,Open,64.95,66,160,165,170,NA,170,100,102.5,-105,NA,102.5,200,212.5,220,NA,220,492.5,3,390.54,391.89,381.1,77.43,Yes,NA,NA,IPF,IPF,2017-07-10,South Africa,NA,Potchefstroom,World University Powerlifting Cup,Yes,2017
Stacey Anne Gould,F,SBD,Raw,26.5,24-34,24-39,Open,92.7,84+,70,77.5,85,NA,85,40,-47.5,-47.5,NA,40,90,-100,-100,NA,90,215,6,189.23,183.61,159.12,39.21,Yes,NA,NA,IPF,IPF,2017-07-10,South Africa,NA,Potchefstroom,World University Powerlifting Cup,Yes,2017
Niamh Walshe,F,SBD,Raw,21.5,20-23,19-23,Open,62.15,63,77.5,85,90,NA,90,45,47.5,-50,NA,47.5,95,105,110,NA,110,247.5,8,268.41,268.56,237.19,54.63,Yes,England,NA,IPF,IPF,2017-07-10,South Africa,NA,Potchefstroom,World University Powerlifting Cup,Yes,2017
Madeline Corman,F,SBD,Raw,22.5,20-23,19-23,Open,67.5,72,87.5,92.5,97.5,NA,97.5,50,55,-57.5,NA,55,110,120,125,NA,125,277.5,9,286.49,283.22,249.84,58.21,Yes,USA,NA,IPF,IPF,2017-07-10,South Africa,NA,Potchefstroom,World University Powerlifting Cup,Yes,2017
Megan McEveley,F,SBD,Raw,19.5,20-23,19-23,Open,66.1,72,100,105,110,NA,110,50,-55,55,NA,55,-117.5,117.5,-125,NA,117.5,282.5,8,295.23,292.73,258.32,59.99,Yes,England,NA,IPF,IPF,2017-07-10,South Africa,NA,Potchefstroom,World University Powerlifting Cup,Yes,2017
Elis Harrington,F,SBD,Raw,19.5,20-23,19-23,Open,60.85,63,85,90,95,NA,95,45,47.5,-50,NA,47.5,115,-120,-120,NA,115,257.5,7,282.94,283.98,250.87,57.65,Yes,England,NA,IPF,IPF,2017-07-10,South Africa,NA,Potchefstroom,World University Powerlifting Cup,Yes,2017
Dominique Harris #1,F,SBD,Raw,20.5,20-23,19-23,Open,55.95,57,77.5,82.5,-85,NA,82.5,40,-42.5,-42.5,NA,40,110,117.5,-122.5,NA,117.5,240,2,278.35,282.58,249.96,57.1,Yes,NA,NA,IPF,IPF,2017-07-10,South Africa,NA,Potchefstroom,World University Powerlifting Cup,Yes,2017
Arisera Tongchaitanawutti,F,SBD,Raw,24.5,24-34,24-39,Open,46.2,47,82.5,87.5,92.5,NA,92.5,40,42.5,45,NA,45,87.5,92.5,-100,NA,92.5,230,2,305.3,313.15,279.54,64.86,Yes,England,NA,IPF,IPF,2017-07-10,South Africa,NA,Potchefstroom,World University Powerlifting Cup,Yes,2017
Lauren Miller,F,SBD,Raw,20.5,20-23,19-23,Open,51.15,52,75,80,85,NA,85,42.5,45,-47.5,NA,45,97.5,105,107.5,NA,107.5,237.5,2,292.84,299.86,265.97,60.83,Yes,NA,NA,IPF,IPF,2017-07-10,South Africa,NA,Potchefstroom,World University Powerlifting Cup,Yes,2017
Zoë Clark,F,SBD,Raw,21.5,20-23,19-23,Open,68.8,72,100,107.5,-110,NA,107.5,60,65,-70,NA,65,115,125,-127.5,NA,125,297.5,7,303.8,299.55,264.15,61.73,Yes,England,NA,IPF,IPF,2017-07-10,South Africa,NA,Potchefstroom,World University Powerlifting Cup,Yes,2017
Amy Lai,F,SBD,Raw,24.5,24-34,24-39,Open,59.85,63,90,95,100,NA,100,55,57.5,60,NA,60,90,100,107.5,NA,107.5,267.5,6,297.01,298.81,264.02,60.57,Yes,NA,NA,IPF,IPF,2017-07-10,South Africa,NA,Potchefstroom,World University Powerlifting Cup,Yes,2017
Sarah French,F,SBD,Raw,24.5,24-34,24-39,Open,61.25,63,107.5,115,117.5,NA,117.5,62.5,65,-67.5,NA,65,112.5,117.5,122.5,NA,122.5,305,3,333.77,334.67,295.62,67.98,Yes,NA,NA,IPF,IPF,2017-07-10,South Africa,NA,Potchefstroom,World University Powerlifting Cup,Yes,2017
Paul Sweeney,M,SBD,Raw,27.5,24-34,24-39,Open,94.3,105,180,190,-200,NA,190,140,145,-147.5,NA,145,245,260,267.5,NA,267.5,602.5,7,380.82,376.04,359.72,78.29,Yes,USA,NA,IPF,IPF,2017-07-10,South Africa,NA,Potchefstroom,World University Powerlifting Cup,Yes,2017
Matthew Noble,M,SBD,Raw,25.5,24-34,24-39,Open,90.6,93,200,210,215,NA,215,150,-155,-155,NA,150,225,-232.5,-235,NA,225,590,8,380.23,375.39,359.67,78.18,Yes,NA,NA,IPF,IPF,2017-07-10,South Africa,NA,Potchefstroom,World University Powerlifting Cup,Yes,2017
Jack West,M,SBD,Raw,21.5,20-23,19-23,Open,93.1,105,160,-175,-175,NA,160,125,132.5,140,NA,140,175,NA,NA,NA,175,475,11,302.06,298.24,285.43,62.11,Yes,NA,NA,IPF,IPF,2017-07-10,South Africa,NA,Potchefstroom,World University Powerlifting Cup,Yes,2017
Aaron Wade,M,SBD,Raw,20.5,20-23,19-23,Open,91.95,93,210,220,-225,NA,220,125,130,137.5,NA,137.5,255,265,270,NA,270,627.5,4,401.45,396.34,379.51,82.55,Yes,England,NA,IPF,IPF,2017-07-10,South Africa,NA,Potchefstroom,World University Powerlifting Cup,Yes,2017
Anil Lad,M,SBD,Raw,21.5,20-23,19-23,Open,73.9,74,182.5,192.5,200,NA,200,120,125,127.5,NA,127.5,210,-220,225,NA,225,552.5,4,400.17,397.8,384.62,81.17,Yes,England,NA,IPF,IPF,2017-07-10,South Africa,NA,Potchefstroom,World University Powerlifting Cup,Yes,2017
Antonio Shinebourne,M,SBD,Raw,23.5,24-34,24-39,Open,92.2,93,222.5,232.5,235,NA,235,127.5,132.5,137.5,NA,137.5,235,-247.5,-255,NA,235,607.5,6,388.14,383.21,366.89,79.81,Yes,England,NA,IPF,IPF,2017-07-10,South Africa,NA,Potchefstroom,World University Powerlifting Cup,Yes,2017
Billal Sohail,M,SBD,Raw,20.5,20-23,19-23,Open,80.1,83,205,215,225,NA,225,112.5,120,122.5,NA,122.5,230,245,-255,NA,245,592.5,7,408.26,404.18,389.42,83.51,Yes,England,NA,IPF,IPF,2017-07-10,South Africa,NA,Potchefstroom,World University Powerlifting Cup,Yes,2017
Jun Jie Ng,M,SBD,Raw,23,20-23,19-23,Open,58.7,59,155,-162.5,162.5,NA,162.5,92.5,97.5,-100,NA,97.5,70,-130,130,NA,130,390,3,335.22,339.42,331.85,64.71,Yes,NA,NA,IPF,IPF,2017-07-10,South Africa,NA,Potchefstroom,World University Powerlifting Cup,Yes,2017
Mohib Miah,M,SBD,Raw,22.5,20-23,19-23,Open,58.35,59,135,142.5,-150,NA,142.5,92.5,97.5,100,NA,100,175,182.5,-185,NA,182.5,425,2,367.15,371.95,363.79,70.74,Yes,England,NA,IPF,IPF,2017-07-10,South Africa,NA,Potchefstroom,World University Powerlifting Cup,Yes,2017
Molly Tweedle,F,SBD,Raw,21.5,20-23,19-23,Open,70.25,72,120,127.5,132.5,NA,132.5,65,70,-72.5,NA,70,125,135,140,NA,140,342.5,4,345.66,339.9,299.59,70.26,Yes,Scotland,NA,IPF,IPF,2017-07-10,South Africa,NA,Potchefstroom,World University Powerlifting Cup,Yes,2017
Suzanne Goulder,F,SBD,Raw,21,20-23,19-23,Open,61.65,63,112.5,117.5,120,NA,120,67.5,70,72.5,NA,72.5,132.5,140,145,NA,145,337.5,1,367.84,368.49,325.47,74.89,Yes,England,NA,IPF,IPF,2017-07-10,South Africa,NA,Potchefstroom,World University Powerlifting Cup,Yes,2017
Nina Lepaus,F,SBD,Raw,23.5,24-34,24-39,Open,70.3,72,107.5,115,-120,NA,115,62.5,65,67.5,NA,67.5,145,155,162.5,NA,162.5,345,3,348.05,342.21,301.63,70.75,Yes,Scotland,NA,IPF,IPF,2017-07-10,South Africa,NA,Potchefstroom,World University Powerlifting Cup,Yes,2017
Jennifer Newton #1,F,SBD,Raw,21.5,20-23,19-23,Open,59.95,63,97.5,102.5,-107.5,NA,102.5,57.5,60,-62.5,NA,60,130,140,-142.5,NA,140,302.5,4,335.51,337.47,298.18,68.42,Yes,Scotland,NA,IPF,IPF,2017-07-10,South Africa,NA,Potchefstroom,World University Powerlifting Cup,Yes,2017
Eve Fordyce,F,SBD,Raw,21.5,20-23,19-23,Open,72.05,84,110,117.5,-125,NA,117.5,65,70,72.5,NA,72.5,160,170,172.5,NA,172.5,362.5,4,360.77,353.65,311.51,73.38,Yes,Scotland,NA,IPF,IPF,2017-07-10,South Africa,NA,Potchefstroom,World University Powerlifting Cup,Yes,2017
Rakan El Mourad,M,SBD,Raw,18.5,18-19,19-23,Open,73.3,74,-187.5,187.5,192.5,NA,192.5,135,140,145,NA,145,235,242.5,-247.5,NA,242.5,580,2,422.33,420.04,406.26,85.57,Yes,Lebanon,NA,IPF,IPF,2017-07-10,South Africa,NA,Potchefstroom,World University Powerlifting Cup,Yes,2017
Dhanushka Kodikara,M,SBD,Raw,24.5,24-34,24-39,Open,99.4,105,225,237.5,252.5,NA,252.5,125,132.5,-142.5,NA,132.5,225,237.5,-250,NA,237.5,622.5,6,384.16,379.77,362.76,78.87,Yes,Sri Lanka,NA,IPF,IPF,2017-07-10,South Africa,NA,Potchefstroom,World University Powerlifting Cup,Yes,2017
Kevin Lam,M,SBD,Raw,22.5,20-23,19-23,Open,65.65,66,160,167.5,175,NA,175,122.5,127.5,-130,NA,127.5,185,195,205,NA,205,507.5,2,399.21,400.24,389.01,79.33,Yes,NA,NA,IPF,IPF,2017-07-10,South Africa,NA,Potchefstroom,World University Powerlifting Cup,Yes,2017
Victor Liu,M,SBD,Raw,18.5,18-19,19-23,Open,82.6,83,215,225,230,NA,230,120,125,127.5,NA,127.5,247.5,260,-270,NA,260,617.5,5,418,413.37,397.72,85.69,Yes,Australia,NA,IPF,IPF,2017-07-10,South Africa,NA,Potchefstroom,World University Powerlifting Cup,Yes,2017
Grzegorz Szklarz,M,SBD,Raw,27.5,24-34,24-39,Open,142.6,120+,270,285,295,NA,295,205,215,220,NA,220,285,305,315,NA,315,830,1,452.53,462.55,439.04,89.82,Yes,Poland,NA,IPF,IPF,2017-07-10,South Africa,NA,Potchefstroom,World University Powerlifting Cup,Yes,2017
Daniel Misencik,M,SBD,Raw,22.5,20-23,19-23,Open,104.35,105,285,300,-317.5,NA,300,145,152.5,157.5,NA,157.5,270,285,300,NA,300,757.5,1,458,453.64,433.17,93.8,Yes,USA,NA,IPF,IPF,2017-07-10,South Africa,NA,Potchefstroom,World University Powerlifting Cup,Yes,2017
Marcel Vorster,M,SBD,Raw,23,20-23,19-23,Open,65.55,66,180,190,200,NA,200,120,127.5,130,NA,130,175,185,195,NA,195,525,1,413.45,414.56,402.96,82.14,Yes,South Africa,NA,IPF,IPF,2017-07-10,South Africa,NA,Potchefstroom,World University Powerlifting Cup,Yes,2017
Kay-Lee Steyn,F,SBD,Raw,22,20-23,19-23,Open,105.05,84+,-140,140,145,NA,145,55,57.5,-60,NA,57.5,145,150,-160,NA,150,352.5,4,295.29,289.63,247.2,62.08,Yes,South Africa,NA,IPF,IPF,2017-07-10,South Africa,NA,Potchefstroom,World University Powerlifting Cup,Yes,2017
Megan Brook-Sofianos,F,SBD,Raw,24.5,24-34,24-39,Open,105.1,84+,140,150,-155,NA,150,72.5,77.5,-80,NA,77.5,140,152.5,157.5,NA,157.5,385,2,322.46,316.29,269.95,67.8,Yes,South Africa,NA,IPF,IPF,2017-07-10,South Africa,NA,Potchefstroom,World University Powerlifting Cup,Yes,2017
Rinus Bezuidenhout,M,SBD,Raw,22,20-23,19-23,Open,104.15,105,260,272.5,280,NA,280,-137.5,137.5,-147.5,NA,137.5,-285,285,-315,NA,285,NA,DD,NA,NA,NA,NA,Yes,South Africa,NA,IPF,IPF,2017-07-10,South Africa,NA,Potchefstroom,World University Powerlifting Cup,Yes,2017
Terence Bosman,M,SBD,Raw,20.5,20-23,19-23,Open,103.15,105,230,240,245,NA,245,135,142.5,150,NA,150,270,280,-285,NA,280,675,3,410.06,405.94,387.61,84.03,Yes,South Africa,NA,IPF,IPF,2017-07-10,South Africa,NA,Potchefstroom,World University Powerlifting Cup,Yes,2017
Megan Leighton,F,SBD,Raw,20.5,20-23,19-23,Open,58.75,63,110,115,-120,NA,115,62.5,65,-67.5,NA,65,130,137.5,142.5,NA,142.5,322.5,2,362.32,365.48,323.02,73.99,Yes,South Africa,NA,IPF,IPF,2017-07-10,South Africa,NA,Potchefstroom,World University Powerlifting Cup,Yes,2017
Tracey Kelly,F,SBD,Raw,27,24-34,24-39,Open,111.09,84+,125,127.5,130,NA,130,57.5,60,62.5,NA,62.5,135,142.5,150,NA,150,NA,DQ,NA,NA,NA,NA,Yes,Ireland,NA,IPF,IPF,2018-07-09,Czechia,NA,Pilsen,3rd World University Powerlifting Cup,Yes,2018
Tamara Jetten,F,SBD,Raw,24.5,24-34,24-39,Open,77.91,84,95,102.5,107.5,NA,107.5,55,57.5,-60,NA,57.5,125,135,140,NA,140,305,9,291.25,283.33,248.82,59.45,Yes,Netherlands,NA,IPF,IPF,2018-07-09,Czechia,NA,Pilsen,3rd World University Powerlifting Cup,Yes,2018
Evie Bus,F,SBD,Raw,22.5,20-23,19-23,Open,81.25,84,125,130,-132.5,NA,130,62.5,67.5,-70,NA,67.5,130,140,147.5,NA,147.5,345,7,322.59,313.01,274.25,66.03,Yes,Netherlands,NA,IPF,IPF,2018-07-09,Czechia,NA,Pilsen,3rd World University Powerlifting Cup,Yes,2018
Freya Hammer,F,SBD,Raw,22.5,20-23,19-23,Open,78.77,84,130,135,137.5,NA,137.5,80,82.5,-85,NA,82.5,142.5,150,-160,NA,150,370,4,351.35,341.53,299.77,71.77,Yes,Ireland,NA,IPF,IPF,2018-07-09,Czechia,NA,Pilsen,3rd World University Powerlifting Cup,Yes,2018
Bronwen Adlington,F,SBD,Raw,21,20-23,19-23,Open,74.61,84,130,-135,135,NA,135,-80,85,90,NA,90,145,152.5,160,NA,160,385,3,376.02,367.2,323.07,76.58,Yes,Scotland,NA,IPF,IPF,2018-07-09,Czechia,NA,Pilsen,3rd World University Powerlifting Cup,Yes,2018
Janna de Vos,F,SBD,Raw,23.5,24-34,24-39,Open,71.41,72,112.5,117.5,-122.5,NA,117.5,52.5,55,-57.5,NA,55,122.5,127.5,135,NA,135,307.5,13,307.53,301.79,265.89,62.53,Yes,Netherlands,NA,IPF,IPF,2018-07-09,Czechia,NA,Pilsen,3rd World University Powerlifting Cup,Yes,2018
Kathleen Malas,F,SBD,Raw,20.5,20-23,19-23,Open,67.41,72,102.5,107.5,110,NA,110,65,-70,70,NA,70,115,125,135,NA,135,315,12,325.45,321.8,283.88,66.13,Yes,USA,NA,IPF,IPF,2018-07-09,Czechia,NA,Pilsen,3rd World University Powerlifting Cup,Yes,2018
Angelika Kaliszewska,F,SBD,Raw,24.5,24-34,24-39,Open,61.71,63,115,120,-125,NA,120,65,67.5,-70,NA,67.5,135,140,-142.5,NA,140,327.5,9,356.73,357.31,315.59,72.63,Yes,Poland,NA,IPF,IPF,2018-07-09,Czechia,NA,Pilsen,3rd World University Powerlifting Cup,Yes,2018
Christiane Hazzard,F,SBD,Raw,18.5,18-19,19-23,Open,61.4,63,127.5,135,140,NA,140,87.5,92.5,95,NA,95,140,150,155,NA,155,390,2,426.14,427.14,377.29,86.78,Yes,USA,NA,IPF,IPF,2018-07-09,Czechia,NA,Pilsen,3rd World University Powerlifting Cup,Yes,2018
Katie Keltos,F,SBD,Raw,21.5,20-23,19-23,Open,56.3,57,87.5,92.5,97.5,NA,97.5,62.5,-67.5,-67.5,NA,62.5,100,107.5,115,NA,115,275,14,317.63,322.21,284.98,65.11,Yes,USA,NA,IPF,IPF,2018-07-09,Czechia,NA,Pilsen,3rd World University Powerlifting Cup,Yes,2018
Isha Maini,F,SBD,Raw,24,24-34,24-39,Open,55.97,57,90,95,-100,NA,95,60,65,70,NA,70,120,125,-130,NA,125,290,10,336.26,341.36,301.95,68.97,Yes,Scotland,NA,IPF,IPF,2018-07-09,Czechia,NA,Pilsen,3rd World University Powerlifting Cup,Yes,2018
Yulia Hodneva,F,SBD,Raw,20.5,20-23,19-23,Open,56.28,57,105,112.5,117.5,NA,117.5,62.5,67.5,-70,NA,67.5,127.5,137.5,147.5,NA,147.5,332.5,5,384.14,389.69,344.67,78.75,Yes,Russia,NA,IPF,IPF,2018-07-09,Czechia,NA,Pilsen,3rd World University Powerlifting Cup,Yes,2018
Chen Jie Yi Wu,F,SBD,Raw,24.5,24-34,24-39,Open,48.84,52,-75,75,80,NA,80,42.5,45,-47.5,NA,45,95,102.5,107.5,NA,107.5,232.5,6,296.27,304,270.28,62.11,Yes,Netherlands,NA,IPF,IPF,2018-07-09,Czechia,NA,Pilsen,3rd World University Powerlifting Cup,Yes,2018
Olivia Lin,F,SBD,Raw,22.5,20-23,19-23,Open,51.14,52,85,90,-92.5,NA,90,45,50,-52.5,NA,50,95,102.5,112.5,NA,112.5,252.5,5,311.38,318.84,282.82,64.69,Yes,Singapore,NA,IPF,IPF,2018-07-09,Czechia,NA,Pilsen,3rd World University Powerlifting Cup,Yes,2018
Skiera Rockey,F,SBD,Raw,20.5,20-23,19-23,Open,44.82,47,65,70,-75,NA,70,27.5,32.5,-35,NA,32.5,87.5,97.5,105,NA,105,207.5,4,281.8,288.55,258.31,60.39,Yes,USA,NA,IPF,IPF,2018-07-09,Czechia,NA,Pilsen,3rd World University Powerlifting Cup,Yes,2018
Gerald Goie,M,SBD,Raw,23.5,24-34,24-39,Open,101,105,202.5,215,225,NA,225,130,137.5,145,NA,145,245,-262.5,-277.5,NA,245,615,14,376.93,372.82,356.03,77.33,Yes,Singapore,NA,IPF,IPF,2018-07-09,Czechia,NA,Pilsen,3rd World University Powerlifting Cup,Yes,2018
Kamil Filipiak,M,SBD,Raw,24.5,24-34,24-39,Open,103.42,105,255,272.5,280,NA,280,152.5,162.5,170,NA,170,272.5,287.5,-302.5,NA,287.5,737.5,3,447.54,443.1,423.09,91.7,Yes,Poland,NA,IPF,IPF,2018-07-09,Czechia,NA,Pilsen,3rd World University Powerlifting Cup,Yes,2018
Mart Siemerink,M,SBD,Raw,20.5,20-23,19-23,Open,88.17,93,115,122.5,-127.5,NA,122.5,-77.5,77.5,80,NA,80,145,155,160,NA,160,362.5,29,236.87,233.9,224.37,48.68,Yes,Netherlands,NA,IPF,IPF,2018-07-09,Czechia,NA,Pilsen,3rd World University Powerlifting Cup,Yes,2018
James Rutledge,M,SBD,Raw,22,20-23,19-23,Open,91.64,93,160,170,175,NA,175,130,135,137.5,NA,137.5,120,135,150,NA,150,462.5,28,296.38,292.61,280.22,60.94,Yes,Ireland,NA,IPF,IPF,2018-07-09,Czechia,NA,Pilsen,3rd World University Powerlifting Cup,Yes,2018
Andrzej Popowski,M,SBD,Raw,21.5,20-23,19-23,Open,90.43,93,160,167.5,172.5,NA,172.5,150,160,-167.5,NA,160,195,202.5,-210,NA,202.5,535,26,345.1,340.72,326.48,70.96,Yes,Poland,NA,IPF,IPF,2018-07-09,Czechia,NA,Pilsen,3rd World University Powerlifting Cup,Yes,2018
Rok Kar,M,SBD,Raw,24.5,24-34,24-39,Open,91.33,93,200,210,215,NA,215,122.5,-132.5,-132.5,NA,122.5,240,257.5,-265,NA,257.5,595,16,381.93,377.06,361.15,78.53,Yes,Slovenia,NA,IPF,IPF,2018-07-09,Czechia,NA,Pilsen,3rd World University Powerlifting Cup,Yes,2018
Patryk Bartnicki,M,SBD,Raw,23.5,24-34,24-39,Open,91.16,93,220,-232.5,-240,NA,220,115,122.5,127.5,NA,127.5,225,250,-265,NA,250,597.5,15,383.88,379,363.03,78.93,Yes,Poland,NA,IPF,IPF,2018-07-09,Czechia,NA,Pilsen,3rd World University Powerlifting Cup,Yes,2018
Auke Piers,M,SBD,Raw,24.5,24-34,24-39,Open,90.29,93,190,200,-205,NA,200,147.5,152.5,-155,NA,152.5,240,-245,245,NA,245,597.5,14,385.72,380.82,364.93,79.31,Yes,Netherlands,NA,IPF,IPF,2018-07-09,Czechia,NA,Pilsen,3rd World University Powerlifting Cup,Yes,2018
Nezhad Mohsen Salari,M,SBD,Raw,23.5,24-34,24-39,Open,91.67,93,210,225,235,NA,235,140,150,-152.5,NA,150,230,240,247.5,NA,247.5,632.5,11,405.25,400.1,383.16,83.33,Yes,Iran,NA,IPF,IPF,2018-07-09,Czechia,NA,Pilsen,3rd World University Powerlifting Cup,Yes,2018
Christopher Broussard,M,SBD,Raw,21.5,20-23,19-23,Open,92.23,93,230,235,-240,NA,235,142.5,152.5,-160,NA,152.5,230,247.5,255,NA,255,642.5,8,410.44,405.22,387.97,84.39,Yes,USA,NA,IPF,IPF,2018-07-09,Czechia,NA,Pilsen,3rd World University Powerlifting Cup,Yes,2018
Daniel Zink-Jepson,M,SBD,Raw,20.5,20-23,19-23,Open,81.79,83,187.5,197.5,205,NA,205,120,125,127.5,NA,127.5,197.5,210,-215,NA,210,542.5,19,369.3,365.32,351.65,75.66,Yes,UK,NA,IPF,IPF,2018-07-09,Czechia,NA,Pilsen,3rd World University Powerlifting Cup,Yes,2018
Max Wouters,M,SBD,Raw,21.5,20-23,19-23,Open,82.79,83,-190,190,205,NA,205,135,142.5,-150,NA,142.5,200,210,220,NA,220,567.5,15,383.66,379.38,364.98,78.66,Yes,Netherlands,NA,IPF,IPF,2018-07-09,Czechia,NA,Pilsen,3rd World University Powerlifting Cup,Yes,2018
Josua Schilling,M,SBD,Raw,24.5,24-34,24-39,Open,82.32,83,195,207.5,212.5,NA,212.5,140,145,150,NA,150,220,230,240,NA,240,602.5,11,408.64,404.15,388.91,83.75,Yes,Ireland,NA,IPF,IPF,2018-07-09,Czechia,NA,Pilsen,3rd World University Powerlifting Cup,Yes,2018
Jared Naquin,M,SBD,Raw,23.5,24-34,24-39,Open,82.56,83,210,225,235,NA,235,165,172.5,-177.5,NA,172.5,255,-260,260,NA,260,667.5,4,451.97,446.97,430.06,92.65,Yes,USA,NA,IPF,IPF,2018-07-09,Czechia,NA,Pilsen,3rd World University Powerlifting Cup,Yes,2018
Mohammad Raeisi,M,SBD,Raw,21,20-23,19-23,Open,82.21,83,260,270,277.5,NA,277.5,132.5,140,147.5,NA,147.5,270,285,292.5,NA,292.5,NA,DD,NA,NA,NA,NA,Yes,Iran,NA,IPF,IPF,2018-07-09,Czechia,NA,Pilsen,3rd World University Powerlifting Cup,Yes,2018
Jakub Tomala,M,SBD,Raw,21.5,20-23,19-23,Open,72.78,74,160,170,-177.5,NA,170,90,95,-100,NA,95,180,-187.5,-190,NA,180,445,15,325.56,323.94,313.4,65.9,Yes,Poland,NA,IPF,IPF,2018-07-09,Czechia,NA,Pilsen,3rd World University Powerlifting Cup,Yes,2018
Brent Claassen,M,SBD,Raw,19.5,20-23,19-23,Open,72.55,74,132.5,140,145,NA,145,85,90,95,NA,95,195,205,-215,NA,205,445,14,326.24,324.68,314.17,66.01,Yes,Netherlands,NA,IPF,IPF,2018-07-09,Czechia,NA,Pilsen,3rd World University Powerlifting Cup,Yes,2018
Pak Kin Hau,M,SBD,Raw,21.5,20-23,19-23,Open,69.38,74,170,180,187.5,NA,187.5,102.5,110,115,NA,115,180,190,197.5,NA,197.5,500,12,377.91,377.27,365.76,75.92,Yes,Hong Kong,NA,IPF,IPF,2018-07-09,Czechia,NA,Pilsen,3rd World University Powerlifting Cup,Yes,2018
Wiktor Ciachera,M,SBD,Raw,21,20-23,19-23,Open,73.73,74,175,187.5,195,NA,195,112.5,117.5,-120,NA,117.5,210,225,-240,NA,225,537.5,9,389.89,387.64,374.82,79.06,Yes,Poland,NA,IPF,IPF,2018-07-09,Czechia,NA,Pilsen,3rd World University Powerlifting Cup,Yes,2018
William Jiang,M,SBD,Raw,22.5,20-23,19-23,Open,73.14,74,190,197.5,-202.5,NA,197.5,127.5,132.5,-135,NA,132.5,-210,220,230,NA,230,560,8,408.35,406.2,392.91,82.71,Yes,Singapore,NA,IPF,IPF,2018-07-09,Czechia,NA,Pilsen,3rd World University Powerlifting Cup,Yes,2018
Martin Tan,M,SBD,Raw,24.5,24-34,24-39,Open,73.77,74,175,185,192.5,NA,192.5,132.5,140,-145,NA,140,200,212.5,230,NA,230,562.5,7,407.88,405.51,392.1,82.71,Yes,Netherlands,NA,IPF,IPF,2018-07-09,Czechia,NA,Pilsen,3rd World University Powerlifting Cup,Yes,2018
Navid Yazdani,M,SBD,Raw,23.5,24-34,24-39,Open,73.58,74,-180,180,187.5,NA,187.5,145,152.5,155,NA,155,250,-255,-257.5,NA,250,592.5,5,430.36,427.92,413.82,87.24,Yes,Iran,NA,IPF,IPF,2018-07-09,Czechia,NA,Pilsen,3rd World University Powerlifting Cup,Yes,2018
Wei Cong Ang,M,SBD,Raw,25,24-34,24-39,Open,65.19,66,160,172.5,-180,NA,172.5,100,107.5,-110,NA,107.5,175,185,190,NA,190,470,12,371.67,372.83,362.5,73.75,Yes,Singapore,NA,IPF,IPF,2018-07-09,Czechia,NA,Pilsen,3rd World University Powerlifting Cup,Yes,2018
Roland Whitney,M,SBD,Raw,20.5,20-23,19-23,Open,63.6,66,180,187.5,-192.5,NA,187.5,132.5,137.5,142.5,NA,142.5,-197.5,197.5,-215,NA,197.5,527.5,4,425.05,427.28,415.94,83.86,Yes,USA,NA,IPF,IPF,2018-07-09,Czechia,NA,Pilsen,3rd World University Powerlifting Cup,Yes,2018
Samuel Smith #2,M,SBD,Raw,23,20-23,19-23,Open,58.79,59,110,115,-117.5,NA,115,62.5,65,67.5,NA,67.5,132.5,140,142.5,NA,142.5,325,4,278.99,282.44,276.13,53.88,Yes,Ireland,NA,IPF,IPF,2018-07-09,Czechia,NA,Pilsen,3rd World University Powerlifting Cup,Yes,2018
Heidi Lewis,F,SBD,Raw,20.5,20-23,19-23,Open,92.92,84+,162.5,172.5,182.5,NA,182.5,85,92.5,95,NA,95,175,187.5,-205,NA,187.5,465,1,408.86,396.75,343.76,84.74,Yes,USA,NA,IPF,IPF,2018-07-09,Czechia,NA,Pilsen,3rd World University Powerlifting Cup,Yes,2018
Stina Seppänen,F,SBD,Raw,24.5,24-34,24-39,Open,70.8,72,110,117.5,122.5,NA,122.5,80,85,90,NA,90,117.5,125,-130,NA,125,337.5,11,339.14,333.16,293.59,68.95,Yes,Finland,NA,IPF,IPF,2018-07-09,Czechia,NA,Pilsen,3rd World University Powerlifting Cup,Yes,2018
Aivaras Žilys,M,SBD,Raw,24.5,24-34,24-39,Open,89.97,93,200,207.5,212.5,NA,212.5,150,-157.5,-157.5,NA,150,210,-217.5,217.5,NA,217.5,580,20,375.09,370.33,354.93,77.12,Yes,Lithuania,NA,IPF,IPF,2018-07-09,Czechia,NA,Pilsen,3rd World University Powerlifting Cup,Yes,2018
Hajnalka Baranyi,F,SBD,Raw,23.5,24-34,24-39,Open,71.26,72,115,122.5,125,NA,125,55,62.5,-65,NA,62.5,140,147.5,152.5,NA,152.5,340,10,340.43,334.16,294.43,69.22,Yes,Hungary,NA,IPF,IPF,2018-07-09,Czechia,NA,Pilsen,3rd World University Powerlifting Cup,Yes,2018
Balázs Nagy,M,SBD,Raw,22.5,20-23,19-23,Open,81.9,83,177.5,-187.5,-187.5,NA,177.5,-120,125,130,NA,130,200,212.5,222.5,NA,222.5,530,21,360.51,356.62,343.25,73.86,Yes,Hungary,NA,IPF,IPF,2018-07-09,Czechia,NA,Pilsen,3rd World University Powerlifting Cup,Yes,2018
Romana Tea Kirinić,F,SBD,Raw,24.5,24-34,24-39,Open,61.62,63,132.5,137.5,-140,NA,137.5,70,75,77.5,NA,77.5,157.5,165,170,NA,170,385,3,419.74,420.51,371.42,85.46,Yes,Croatia,NA,IPF,IPF,2018-07-09,Czechia,NA,Pilsen,3rd World University Powerlifting Cup,Yes,2018
Bruno Škevin,M,SBD,Raw,21.5,20-23,19-23,Open,103.5,105,245,260,-267.5,NA,260,132.5,140,-142.5,NA,140,270,285,-295,NA,285,685,8,415.55,411.44,392.86,85.14,Yes,Croatia,NA,IPF,IPF,2018-07-09,Czechia,NA,Pilsen,3rd World University Powerlifting Cup,Yes,2018
János Guti,M,SBD,Raw,23,20-23,24-39,Open,91.62,93,200,210,215,NA,215,105,115,-122.5,NA,115,230,245,-260,NA,245,575,21,368.51,363.82,348.42,75.77,Yes,Hungary,NA,IPF,IPF,2018-07-09,Czechia,NA,Pilsen,3rd World University Powerlifting Cup,Yes,2018
Ekaterina Biryukova,F,SBD,Raw,22.5,20-23,19-23,Open,56.43,57,-120,120,-127.5,NA,120,52.5,57.5,60,NA,60,120,125,-127.5,NA,125,305,8,351.75,356.72,315.48,72.09,Yes,Russia,NA,IPF,IPF,2018-07-09,Czechia,NA,Pilsen,3rd World University Powerlifting Cup,Yes,2018
Alena Mults,F,SBD,Raw,24.5,24-34,24-39,Open,71.3,72,127.5,-135,135,NA,135,70,72.5,-75,NA,72.5,160,-170,-175,NA,160,367.5,7,367.85,361.05,318.11,74.8,Yes,Russia,NA,IPF,IPF,2018-07-09,Czechia,NA,Pilsen,3rd World University Powerlifting Cup,Yes,2018
Aleksandr Usynin,M,SBD,Raw,23,20-23,24-39,Open,92.55,93,270,280,-285,NA,280,180,192.5,-197.5,NA,192.5,270,282.5,-292.5,NA,282.5,755,1,481.5,475.38,455.08,99,Yes,Russia,NA,IPF,IPF,2018-07-09,Czechia,NA,Pilsen,3rd World University Powerlifting Cup,Yes,2018
Anastasia Petrova,F,SBD,Raw,19.5,20-23,19-23,Open,46.88,47,70,80,82.5,NA,82.5,42.5,47.5,50,NA,50,70,75,-80,NA,75,207.5,5,272.46,279.58,249.28,57.67,Yes,Russia,NA,IPF,IPF,2018-07-09,Czechia,NA,Pilsen,3rd World University Powerlifting Cup,Yes,2018
Innès Allouache,F,SBD,Raw,18.5,18-19,19-23,Open,82.29,84,135,142.5,145,NA,145,67.5,70,-72.5,NA,70,167.5,175,-185,NA,175,390,2,362.42,351.46,307.69,74.26,Yes,France,NA,IPF,IPF,2018-07-09,Czechia,NA,Pilsen,3rd World University Powerlifting Cup,Yes,2018
Maxime Girard,M,SBD,Raw,24,24-34,24-39,Open,81.64,83,207.5,215,225,NA,225,127.5,135,-140,NA,135,245,255,-267.5,NA,255,615,9,419.09,414.61,399.13,85.85,Yes,France,NA,IPF,IPF,2018-07-09,Czechia,NA,Pilsen,3rd World University Powerlifting Cup,Yes,2018
Arnaud Haaf,M,SBD,Raw,20,20-23,19-23,Open,64.89,66,165,170,175,NA,175,112.5,117.5,120,NA,120,180,-190,-190,NA,180,475,11,376.93,378.26,367.86,74.71,Yes,France,NA,IPF,IPF,2018-07-09,Czechia,NA,Pilsen,3rd World University Powerlifting Cup,Yes,2018
Charlotte Peyraud,F,SBD,Raw,24,24-34,24-39,Open,59,63,97.5,102.5,107.5,NA,107.5,85,87.5,90,NA,90,130,137.5,145,NA,145,342.5,6,383.75,386.87,341.9,78.34,Yes,France,NA,IPF,IPF,2018-07-09,Czechia,NA,Pilsen,3rd World University Powerlifting Cup,Yes,2018
Constantinos Sulopulos,M,SBD,Raw,25,24-34,24-39,Open,92.25,93,225,237.5,242.5,NA,242.5,165,172.5,175,NA,175,270,280,285,NA,285,702.5,3,448.72,443.02,424.15,92.27,Yes,Peru,NA,IPF,IPF,2018-07-09,Czechia,NA,Pilsen,3rd World University Powerlifting Cup,Yes,2018
Jan Duma,M,SBD,Raw,20.5,20-23,19-23,Open,90.91,93,210,220,230,NA,230,125,130,-135,NA,130,260,272.5,-277.5,NA,272.5,632.5,10,406.92,401.75,384.87,83.67,Yes,Poland,NA,IPF,IPF,2018-07-09,Czechia,NA,Pilsen,3rd World University Powerlifting Cup,Yes,2018
Li Hu,M,SBD,Raw,18.5,18-19,19-23,Open,82.65,83,205,-210,-210,NA,205,100,105,-107.5,NA,105,225,237.5,240,NA,240,550,16,372.18,368.05,354.11,76.3,Yes,Netherlands,NA,IPF,IPF,2018-07-09,Czechia,NA,Pilsen,3rd World University Powerlifting Cup,Yes,2018
Sofyann Ait Naceur,M,SBD,Raw,22.5,20-23,19-23,Open,91,93,210,222.5,-227.5,NA,222.5,137.5,142.5,145,NA,145,250,260,-265,NA,260,627.5,12,403.51,398.37,381.62,82.97,Yes,France,NA,IPF,IPF,2018-07-09,Czechia,NA,Pilsen,3rd World University Powerlifting Cup,Yes,2018
Ieva Balukonytė,F,SBD,Raw,23.5,24-34,24-39,Open,62.01,63,90,-97.5,-97.5,NA,90,55,60,-62.5,NA,60,115,122.5,127.5,NA,127.5,277.5,12,301.36,301.63,266.4,61.34,Yes,Lithuania,NA,IPF,IPF,2018-07-09,Czechia,NA,Pilsen,3rd World University Powerlifting Cup,Yes,2018
Chere Duffy,F,SBD,Raw,21.5,20-23,19-23,Open,56.53,57,87.5,92.5,95,NA,95,52.5,55,57.5,NA,57.5,120,127.5,132.5,NA,132.5,285,11,328.3,332.87,294.38,67.27,Yes,Ireland,NA,IPF,IPF,2018-07-09,Czechia,NA,Pilsen,3rd World University Powerlifting Cup,Yes,2018
Alena Zubova,F,SBD,Raw,20.5,20-23,19-23,Open,56.12,57,135,-145,-145,NA,135,70,75,77.5,NA,77.5,142.5,147.5,150,NA,150,362.5,1,419.59,425.8,376.62,86.04,Yes,Russia,NA,IPF,IPF,2018-07-09,Czechia,NA,Pilsen,3rd World University Powerlifting Cup,Yes,2018
Dominik Filo,M,SBD,Raw,23.5,24-34,24-39,Open,90.95,93,240,250,255,NA,255,145,152.5,157.5,NA,157.5,250,265,-287.5,NA,265,677.5,6,435.78,430.23,412.15,89.6,Yes,Slovakia,NA,IPF,IPF,2018-07-09,Czechia,NA,Pilsen,3rd World University Powerlifting Cup,Yes,2018
Balázs Bíró,M,SBD,Raw,21,20-23,19-23,Open,90.48,93,-205,210,217.5,NA,217.5,-162.5,170,172.5,NA,172.5,220,232.5,245,NA,245,635,9,409.5,404.29,387.38,84.2,Yes,Hungary,NA,IPF,IPF,2018-07-09,Czechia,NA,Pilsen,3rd World University Powerlifting Cup,Yes,2018
Vid Leskovar,M,SBD,Raw,22,20-23,19-23,Open,89.78,93,245,260,267.5,NA,267.5,142.5,150,-152.5,NA,150,290,305,-327.5,NA,305,722.5,2,467.75,461.82,442.65,96.17,Yes,Slovenia,NA,IPF,IPF,2018-07-09,Czechia,NA,Pilsen,3rd World University Powerlifting Cup,Yes,2018
Michał Jasak,M,SBD,Raw,20.5,20-23,19-23,Open,65.37,66,170,177.5,-182.5,NA,177.5,112.5,117.5,-122.5,NA,117.5,205,212.5,217.5,NA,217.5,512.5,6,404.44,405.62,394.32,80.3,Yes,Poland,NA,IPF,IPF,2018-07-09,Czechia,NA,Pilsen,3rd World University Powerlifting Cup,Yes,2018
Anna Niemczyk,F,SBD,Raw,21.5,20-23,19-23,Open,75.57,84,130,-140,140,NA,140,55,60,-65,NA,60,145,155,162.5,NA,162.5,362.5,5,351.66,342.99,301.62,71.66,Yes,Poland,NA,IPF,IPF,2018-07-09,Czechia,NA,Pilsen,3rd World University Powerlifting Cup,Yes,2018
Jacqueline Klaver,F,SBD,Raw,21.5,20-23,19-23,Open,69.84,72,137.5,145,-150,NA,145,57.5,60,62.5,NA,62.5,157.5,167.5,-175,NA,167.5,375,6,379.71,373.66,329.39,77.17,Yes,Netherlands,NA,IPF,IPF,2018-07-09,Czechia,NA,Pilsen,3rd World University Powerlifting Cup,Yes,2018
Marika Zandecka,F,SBD,Raw,22.5,20-23,19-23,Open,56.16,57,125,-132.5,-132.5,NA,125,70,-72.5,-72.5,NA,70,142.5,152.5,-160,NA,152.5,347.5,3,402.03,407.96,360.83,82.43,Yes,Poland,NA,IPF,IPF,2018-07-09,Czechia,NA,Pilsen,3rd World University Powerlifting Cup,Yes,2018
Julia Dru,F,SBD,Raw,20.5,20-23,19-23,Open,51.59,52,107.5,112.5,-115,NA,112.5,55,57.5,-60,NA,57.5,147.5,152.5,-155,NA,152.5,322.5,2,395.27,404.5,358.67,81.99,Yes,France,NA,IPF,IPF,2018-07-09,Czechia,NA,Pilsen,3rd World University Powerlifting Cup,Yes,2018
Paulina Szymanel,F,SBD,Raw,22.5,20-23,19-23,Open,46.14,47,95,97.5,-105,NA,97.5,60,65,67.5,NA,67.5,117.5,-125,125,NA,125,290,2,385.32,395.2,352.83,81.89,Yes,Poland,NA,IPF,IPF,2018-07-09,Czechia,NA,Pilsen,3rd World University Powerlifting Cup,Yes,2018
Zoltán Seres,M,SBD,Raw,22.5,20-23,19-23,Open,127.68,120+,265,282.5,292.5,NA,292.5,195,207.5,215,NA,215,290,315,-332.5,NA,315,822.5,1,463.08,466.75,446.31,93.1,Yes,Hungary,NA,IPF,IPF,2018-07-09,Czechia,NA,Pilsen,3rd World University Powerlifting Cup,Yes,2018
Theodor Dima,M,SBD,Raw,21.5,20-23,19-23,Open,82.03,83,230,245,257.5,NA,257.5,125,135,140,NA,140,240,260,-270,NA,260,657.5,6,446.83,441.98,425.38,91.56,Yes,Romania,NA,IPF,IPF,2018-07-09,Czechia,NA,Pilsen,3rd World University Powerlifting Cup,Yes,2018
Pavel Agarkov,M,SBD,Raw,22.5,20-23,19-23,Open,80.91,83,240,-247.5,252.5,NA,252.5,152.5,-155,155,NA,155,270,-285,-285,NA,270,677.5,2,464.09,459.27,442.3,95,Yes,Russia,NA,IPF,IPF,2018-07-09,Czechia,NA,Pilsen,3rd World University Powerlifting Cup,Yes,2018
Sebastian Sądej,M,SBD,Raw,21.5,20-23,19-23,Open,73.36,74,-205,-205,-205,NA,NA,140,-145,145,NA,145,220,-230,NA,NA,220,NA,DQ,NA,NA,NA,NA,Yes,Poland,NA,IPF,IPF,2018-07-09,Czechia,NA,Pilsen,3rd World University Powerlifting Cup,Yes,2018
Ádám Veres,M,SBD,Raw,21.5,20-23,19-23,Open,65.48,66,170,180,185,NA,185,127.5,135,140,NA,140,190,205,220,NA,220,545,3,429.54,430.74,418.71,85.31,Yes,Hungary,NA,IPF,IPF,2018-07-09,Czechia,NA,Pilsen,3rd World University Powerlifting Cup,Yes,2018
Dawid Natorski,M,SBD,Raw,22.5,20-23,19-23,Open,65.55,66,185,195,200,NA,200,127.5,135,-140,NA,135,227.5,235,-247.5,NA,235,570,1,448.89,450.1,437.5,89.18,Yes,Poland,NA,IPF,IPF,2018-07-09,Czechia,NA,Pilsen,3rd World University Powerlifting Cup,Yes,2018
Corentin Clément,M,SBD,Raw,18,18-19,14-18,Open,104.61,105,280,292.5,-295,NA,292.5,180,-187.5,-187.5,NA,180,310,322.5,-337.5,NA,322.5,795,1,480.18,475.68,454.22,98.32,Yes,France,NA,IPF,IPF,2018-07-09,Czechia,NA,Pilsen,3rd World University Powerlifting Cup,Yes,2018
Oxana Semenukha,F,SBD,Raw,22.5,20-23,19-23,Open,85.01,84+,135,-145,145,NA,145,80,85,92.5,NA,92.5,135,145,-152.5,NA,145,382.5,2,349.98,339.09,296.19,71.9,Yes,Russia,NA,IPF,IPF,2018-07-09,Czechia,NA,Pilsen,3rd World University Powerlifting Cup,Yes,2018
Sara Hegediš,F,SBD,Raw,20.5,20-23,19-23,Open,46.92,47,70,77.5,80,NA,80,35,37.5,-40,NA,37.5,105,110,-115,NA,110,227.5,3,298.53,306.34,273.12,63.17,Yes,Croatia,NA,IPF,IPF,2018-07-09,Czechia,NA,Pilsen,3rd World University Powerlifting Cup,Yes,2018
Tetyana Shchavinska,F,SBD,Raw,21.5,20-23,19-23,Open,46.62,47,100,105,110,NA,110,80,82.5,-85,NA,82.5,130,137.5,140,NA,140,332.5,1,438.39,449.79,401.22,92.92,Yes,Ukraine,NA,IPF,IPF,2018-07-09,Czechia,NA,Pilsen,3rd World University Powerlifting Cup,Yes,2018
Vadym Yarzhemskyi,M,SBD,Raw,18.5,18-19,19-23,Open,72.77,74,212.5,220,-225,NA,220,162.5,-167.5,-167.5,NA,162.5,230,-240,-242.5,NA,230,612.5,3,448.14,445.91,431.41,90.71,Yes,Ukraine,NA,IPF,IPF,2018-07-09,Czechia,NA,Pilsen,3rd World University Powerlifting Cup,Yes,2018
Dan Turus,M,SBD,Raw,21.5,20-23,19-23,Open,114.82,120,220,232.5,-235,NA,232.5,125,130,-135,NA,130,180,195,202.5,NA,202.5,565,5,329.43,328.43,314.36,66.97,Yes,Romania,NA,IPF,IPF,2018-07-09,Czechia,NA,Pilsen,3rd World University Powerlifting Cup,Yes,2018
Tuomas Puhakka,M,SBD,Raw,22.5,20-23,19-23,Open,103.41,105,210,230,235,NA,235,150,-160,-160,NA,150,245,267.5,272.5,NA,272.5,657.5,10,399.01,395.05,377.21,81.76,Yes,Finland,NA,IPF,IPF,2018-07-09,Czechia,NA,Pilsen,3rd World University Powerlifting Cup,Yes,2018
Alexander Grigoryev,M,SBD,Raw,18.5,18-19,19-23,Open,65.39,66,175,185,-192.5,NA,185,132.5,137.5,-142.5,NA,137.5,175,-185,-185,NA,175,497.5,8,392.51,393.64,382.68,77.93,Yes,Russia,NA,IPF,IPF,2018-07-09,Czechia,NA,Pilsen,3rd World University Powerlifting Cup,Yes,2018
Dawid Zaniewski,M,SBD,Raw,22.5,20-23,19-23,Open,105.94,120,-242.5,245,252.5,NA,252.5,167.5,175,180,NA,180,255,267.5,280,NA,280,712.5,1,428.18,424.44,405.34,87.6,Yes,Poland,NA,IPF,IPF,2018-07-09,Czechia,NA,Pilsen,3rd World University Powerlifting Cup,Yes,2018
Daria Ławniczak,F,SBD,Raw,23,20-23,19-23,Open,75.22,84,120,-130,-132.5,NA,120,85,90,92.5,NA,92.5,135,-142.5,-142.5,NA,135,347.5,6,337.93,329.74,290.03,68.85,Yes,Poland,NA,IPF,IPF,2018-07-09,Czechia,NA,Pilsen,3rd World University Powerlifting Cup,Yes,2018
Daniel Ordean,M,SBD,Raw,23,20-23,19-23,Open,139.65,120+,225,250,-267.5,NA,250,145,-157.5,-157.5,NA,145,225,-240,250,NA,250,645,2,353.72,360.57,342.79,70.38,Yes,Romania,NA,IPF,IPF,2018-07-09,Czechia,NA,Pilsen,3rd World University Powerlifting Cup,Yes,2018
Victoria Pollastri,F,SBD,Raw,24,24-34,24-39,Open,56.8,57,117.5,125,127.5,NA,127.5,70,-75,75,NA,75,140,145,-150,NA,145,347.5,4,399.05,404.35,357.56,81.73,Yes,France,NA,IPF,IPF,2018-07-09,Czechia,NA,Pilsen,3rd World University Powerlifting Cup,Yes,2018
Matic Hren,M,SBD,Raw,23.5,24-34,24-39,Open,104.8,105,235,247.5,252.5,NA,252.5,162.5,170,-177.5,NA,170,270,285,-302.5,NA,285,707.5,4,427.02,423.05,403.97,87.43,Yes,Slovenia,NA,IPF,IPF,2018-07-09,Czechia,NA,Pilsen,3rd World University Powerlifting Cup,Yes,2018
Alexander Kapturov,M,SBD,Raw,22.5,20-23,19-23,Open,73.58,74,225,235,242.5,NA,242.5,125,130,135,NA,135,240,247.5,252.5,NA,252.5,630,1,457.59,455.01,440.01,92.76,Yes,Russia,NA,IPF,IPF,2018-07-09,Czechia,NA,Pilsen,3rd World University Powerlifting Cup,Yes,2018
Fabbio Hu,M,SBD,Raw,24.5,24-34,24-39,Open,65.6,66,170,177.5,-182.5,NA,177.5,115,120,-122.5,NA,120,190,197.5,-202.5,NA,197.5,495,9,389.6,390.63,379.68,77.41,Yes,Netherlands,NA,IPF,IPF,2018-07-09,Czechia,NA,Pilsen,3rd World University Powerlifting Cup,Yes,2018
Hanna Seppä,F,SBD,Raw,24.5,24-34,24-39,Open,56.7,57,115,120,125,NA,125,67.5,-72.5,72.5,NA,72.5,152.5,157.5,160,NA,160,357.5,2,411,416.56,368.37,84.19,Yes,Finland,NA,IPF,IPF,2018-07-09,Czechia,NA,Pilsen,3rd World University Powerlifting Cup,Yes,2018
Antti Kemppainen,M,SBD,Raw,23.5,24-34,24-39,Open,102.84,105,245,260,-265,NA,260,-160,160,-167.5,NA,160,255,265,-275,NA,265,685,7,416.65,412.41,393.79,85.4,Yes,Finland,NA,IPF,IPF,2018-07-09,Czechia,NA,Pilsen,3rd World University Powerlifting Cup,Yes,2018
Joey Ma,M,SBD,Raw,24.5,24-34,24-39,Open,82.75,83,245,255,-260,NA,255,137.5,145,150,NA,150,280,-300,-315,NA,280,685,1,463.22,458.06,440.68,94.97,Yes,Netherlands,NA,IPF,IPF,2018-07-09,Czechia,NA,Pilsen,3rd World University Powerlifting Cup,Yes,2018
Daniel Ilczyszyn,M,SBD,Raw,23.5,24-34,24-39,Open,81.28,83,240,250,255,NA,255,162.5,-170,-170,NA,162.5,260,-270,-270,NA,260,677.5,3,462.86,457.98,440.97,94.78,Yes,Poland,NA,IPF,IPF,2018-07-09,Czechia,NA,Pilsen,3rd World University Powerlifting Cup,Yes,2018
Ivo Liepinš,M,SBD,Raw,24.5,24-34,24-39,Open,72.16,74,190,195,197.5,NA,197.5,-110,112.5,117.5,NA,117.5,260,270,277.5,NA,277.5,592.5,4,435.94,434.01,420.05,88.13,Yes,Latvia,NA,IPF,IPF,2018-07-09,Czechia,NA,Pilsen,3rd World University Powerlifting Cup,Yes,2018
Tatiana Didenko,F,SBD,Raw,20.5,20-23,19-23,Open,83.85,84,145,-152.5,152.5,NA,152.5,85,-90,90,NA,90,145,152.5,157.5,NA,157.5,400,1,368.37,357.02,312.16,75.59,Yes,Russia,NA,IPF,IPF,2018-07-09,Czechia,NA,Pilsen,3rd World University Powerlifting Cup,Yes,2018
Gheorghe Moise,M,SBD,Raw,23,20-23,19-23,Open,64.44,66,180,192.5,-195,NA,192.5,110,120,125,NA,125,180,187.5,190,NA,190,507.5,7,404.85,406.51,395.47,80.12,Yes,Romania,NA,IPF,IPF,2018-07-09,Czechia,NA,Pilsen,3rd World University Powerlifting Cup,Yes,2018
Sergey Chizhikov,M,SBD,Raw,20.5,20-23,19-23,Open,65.15,66,210,217.5,222.5,NA,222.5,112.5,117.5,122.5,NA,122.5,210,217.5,-225,NA,217.5,562.5,2,445.02,446.44,434.08,88.29,Yes,Russia,NA,IPF,IPF,2018-07-09,Czechia,NA,Pilsen,3rd World University Powerlifting Cup,Yes,2018
Dávid Kulcsár,M,SBD,Raw,21.5,20-23,19-23,Open,95.25,105,240,260,272.5,NA,272.5,190,197.5,-202.5,NA,197.5,290,322.5,-327.5,NA,322.5,792.5,2,498.56,492.37,470.85,102.48,Yes,Hungary,NA,IPF,IPF,2018-07-09,Czechia,NA,Pilsen,3rd World University Powerlifting Cup,Yes,2018
Patryk Zaniewski,M,SBD,Raw,19.5,20-23,19-23,Open,92.95,93,227.5,235,242.5,NA,242.5,157.5,165,172.5,NA,172.5,257.5,265,-275,NA,265,680,5,432.76,427.28,408.96,88.98,Yes,Poland,NA,IPF,IPF,2018-07-09,Czechia,NA,Pilsen,3rd World University Powerlifting Cup,Yes,2018
Laurentiu Avram,M,SBD,Raw,22.5,20-23,19-23,Open,79.38,83,165,177.5,185,NA,185,130,135,-140,NA,135,200,212.5,220,NA,220,540,20,374.08,370.48,357.09,76.46,Yes,Romania,NA,IPF,IPF,2018-07-09,Czechia,NA,Pilsen,3rd World University Powerlifting Cup,Yes,2018
Katja Babič,F,SBD,Raw,24.5,24-34,24-39,Open,51.85,52,127.5,135,-140,NA,135,67.5,72.5,-75,NA,72.5,-150,150,-155,NA,150,357.5,1,436.63,446.67,395.98,90.5,Yes,Slovenia,NA,IPF,IPF,2018-07-09,Czechia,NA,Pilsen,3rd World University Powerlifting Cup,Yes,2018
Max Dooley #1,M,SBD,Raw,23.5,24-34,24-39,Open,91.44,93,207.5,-215,-215,NA,207.5,115,120,125,NA,125,235,247.5,255,NA,255,587.5,18,376.89,372.09,356.37,77.5,Yes,England,NA,IPF,IPF,2018-07-09,Czechia,NA,Pilsen,3rd World University Powerlifting Cup,Yes,2018
Adrián Mikel,M,SBD,Raw,23.5,24-34,24-39,Open,82.69,83,200,207.5,212.5,NA,212.5,135,145,-150,NA,145,240,255,-260,NA,255,612.5,10,414.36,409.75,394.22,84.95,Yes,Slovakia,NA,IPF,IPF,2018-07-09,Czechia,NA,Pilsen,3rd World University Powerlifting Cup,Yes,2018
Martin Hait,M,SBD,Raw,23.5,24-34,24-39,Open,70.52,74,165,175,-182.5,NA,175,105,112.5,-117.5,NA,112.5,185,197.5,215,NA,215,502.5,11,375.53,374.45,362.77,75.65,Yes,Czechia,NA,IPF,IPF,2018-07-09,Czechia,NA,Pilsen,3rd World University Powerlifting Cup,Yes,2018
Josef Krubner,M,SBD,Raw,19.5,20-23,19-23,Open,91.59,93,185,195,202.5,NA,202.5,115,125,132.5,NA,132.5,190,205,-217.5,NA,205,540,25,346.14,341.73,327.27,71.17,Yes,Czechia,NA,IPF,IPF,2018-07-09,Czechia,NA,Pilsen,3rd World University Powerlifting Cup,Yes,2018
Blanka Pilátová,F,SBD,Raw,21.5,20-23,19-23,Open,53.5,57,95,100,105,NA,105,50,55,-57.5,NA,55,110,120,-125,NA,120,280,12,334.67,341.44,302.36,69.03,Yes,Czechia,NA,IPF,IPF,2018-07-09,Czechia,NA,Pilsen,3rd World University Powerlifting Cup,Yes,2018
Josef Pilský,M,SBD,Raw,20.5,20-23,19-23,Open,65.79,66,150,157.5,165,NA,165,110,115,-120,NA,115,185,197.5,-207.5,NA,197.5,477.5,10,375.02,375.92,365.34,74.56,Yes,Czechia,NA,IPF,IPF,2018-07-09,Czechia,NA,Pilsen,3rd World University Powerlifting Cup,Yes,2018
Klára Zmeškalová,F,SBD,Raw,20.5,20-23,19-23,Open,68.09,72,135,142.5,145,NA,145,67.5,70,72.5,NA,72.5,155,167.5,172.5,NA,172.5,390,2,400.62,395.58,348.9,81.4,Yes,Czechia,NA,IPF,IPF,2018-07-09,Czechia,NA,Pilsen,3rd World University Powerlifting Cup,Yes,2018
Jiří Váchal,M,SBD,Raw,23.5,24-34,24-39,Open,92.47,93,235,247.5,255,NA,255,137.5,145,150,NA,150,262.5,277.5,287.5,NA,287.5,692.5,4,441.82,436.21,417.59,90.85,Yes,Czechia,NA,IPF,IPF,2018-07-09,Czechia,NA,Pilsen,3rd World University Powerlifting Cup,Yes,2018
Štěpánka Židová,F,SBD,Raw,23.5,24-34,24-39,Open,62.46,63,130,140,145,NA,145,80,85,-90,NA,85,150,157.5,162.5,NA,162.5,392.5,1,424.37,424.29,374.7,86.35,Yes,Czechia,NA,IPF,IPF,2018-07-09,Czechia,NA,Pilsen,3rd World University Powerlifting Cup,Yes,2018
Kateřina Šípková,F,SBD,Raw,21.5,20-23,19-23,Open,70.79,72,95,100,-102.5,NA,100,55,60,62.5,NA,62.5,120,127.5,-132.5,NA,127.5,290,14,291.43,286.3,252.3,59.25,Yes,Czechia,NA,IPF,IPF,2018-07-09,Czechia,NA,Pilsen,3rd World University Powerlifting Cup,Yes,2018
Ekaterina Antošová,F,SBD,Raw,22.5,20-23,19-23,Open,55.5,57,85,92.5,-100,NA,92.5,75,-77.5,-77.5,NA,75,95,105,112.5,NA,112.5,280,13,326.49,331.77,293.52,67.03,Yes,Czechia,NA,IPF,IPF,2018-07-09,Czechia,NA,Pilsen,3rd World University Powerlifting Cup,Yes,2018
Vít Okrouhlý,M,SBD,Raw,23.5,24-34,24-39,Open,101.73,105,235,-245,-247.5,NA,235,150,157.5,-165,NA,157.5,285,300,-310,NA,300,692.5,6,423.13,418.63,399.76,86.78,Yes,Czechia,NA,IPF,IPF,2018-07-09,Czechia,NA,Pilsen,3rd World University Powerlifting Cup,Yes,2018
Martin Švercl,M,SBD,Raw,23.5,24-34,24-39,Open,103.73,105,210,222.5,230,NA,230,147.5,155,160,NA,160,235,255,265,NA,265,655,11,396.99,393.1,375.35,81.33,Yes,Czechia,NA,IPF,IPF,2018-07-09,Czechia,NA,Pilsen,3rd World University Powerlifting Cup,Yes,2018
Jolana Moravcová,F,SBD,Raw,23.5,24-34,24-39,Open,70.55,72,132.5,140,-142.5,NA,140,-62.5,62.5,67.5,NA,67.5,150,160,170,NA,170,377.5,4,380.08,373.54,329.21,77.27,Yes,Czechia,NA,IPF,IPF,2018-07-09,Czechia,NA,Pilsen,3rd World University Powerlifting Cup,Yes,2018
Radomil Vašík,M,SBD,Raw,23.5,24-34,24-39,Open,81.15,83,227.5,237.5,245,NA,245,130,135,-137.5,NA,135,255,-270,275,NA,275,655,7,447.9,443.21,426.77,91.71,Yes,Czechia,NA,IPF,IPF,2018-07-09,Czechia,NA,Pilsen,3rd World University Powerlifting Cup,Yes,2018
Ladislav Přibilík,M,SBD,Raw,24.5,24-34,24-39,Open,78.48,83,192.5,202.5,210,NA,210,120,-130,-130,NA,120,235,245,-252.5,NA,245,575,14,401.05,397.4,383.23,81.9,Yes,Czechia,NA,IPF,IPF,2018-07-09,Czechia,NA,Pilsen,3rd World University Powerlifting Cup,Yes,2018
Martin Ürban,M,SBD,Raw,22.5,20-23,19-23,Open,92.17,93,220,230,240,NA,240,140,150,-152.5,NA,150,255,-270,-270,NA,255,645,7,412.17,406.93,389.61,84.75,Yes,Czechia,NA,IPF,IPF,2018-07-09,Czechia,NA,Pilsen,3rd World University Powerlifting Cup,Yes,2018
Rebecca Stace,F,SBD,Raw,24,24-34,24-39,Open,60.93,63,112.5,117.5,-122.5,NA,117.5,62.5,67.5,-72.5,NA,67.5,147.5,157.5,160,NA,160,345,5,378.77,380.09,335.77,77.17,Yes,Scotland,NA,IPF,IPF,2018-07-09,Czechia,NA,Pilsen,3rd World University Powerlifting Cup,Yes,2018
Tom Hutchinson,M,SBD,Raw,21.5,20-23,19-23,Open,82.99,83,205,217.5,222.5,NA,222.5,122.5,130,135,NA,135,245,260,270,NA,270,627.5,8,423.65,418.89,402.94,86.87,Yes,UK,NA,IPF,IPF,2018-07-09,Czechia,NA,Pilsen,3rd World University Powerlifting Cup,Yes,2018
Sam Edgar,F,SBD,Raw,18,18-19,14-18,Open,82.38,84,117.5,127.5,132.5,NA,132.5,50,55,NA,NA,55,140,150,155,NA,155,342.5,8,318.11,308.47,270.04,65.18,Yes,Scotland,NA,IPF,IPF,2018-07-09,Czechia,NA,Pilsen,3rd World University Powerlifting Cup,Yes,2018
Michelle Shen #1,F,SBD,Raw,20.5,20-23,19-23,Open,62.88,63,97.5,105,110,NA,110,37.5,40,NA,NA,40,105,112.5,120,NA,120,270,13,290.73,290.39,256.42,59.14,Yes,UK,NA,IPF,IPF,2018-07-09,Czechia,NA,Pilsen,3rd World University Powerlifting Cup,Yes,2018
Ella Morgan,F,SBD,Raw,19.5,20-23,19-23,Open,61.54,63,95,105,115,NA,115,50,55,-57.5,NA,55,115,127.5,140,NA,140,310,11,338.25,338.93,299.37,68.87,Yes,England,NA,IPF,IPF,2018-07-09,Czechia,NA,Pilsen,3rd World University Powerlifting Cup,Yes,2018
Emma Glennon,F,SBD,Raw,24.5,24-34,24-39,Open,56.87,57,-75,-75,75,NA,75,40,42.5,45,NA,45,25,NA,NA,NA,25,145,16,166.37,168.56,149.05,34.07,Yes,UK,NA,IPF,IPF,2018-07-09,Czechia,NA,Pilsen,3rd World University Powerlifting Cup,Yes,2018
Eleanor Bouttell,F,SBD,Raw,21.5,20-23,19-23,Open,56.45,57,117.5,-122.5,-122.5,NA,117.5,55,-57.5,-57.5,NA,55,115,120,-132.5,NA,120,292.5,9,337.26,342,302.47,69.11,Yes,Scotland,NA,IPF,IPF,2018-07-09,Czechia,NA,Pilsen,3rd World University Powerlifting Cup,Yes,2018
Amrita Panesar,F,SBD,Raw,19.5,20-23,19-23,Open,48.69,52,77.5,82.5,87.5,NA,87.5,42.5,47.5,50,NA,50,95,105,115,NA,115,252.5,4,322.47,330.9,294.26,67.64,Yes,England,NA,IPF,IPF,2018-07-09,Czechia,NA,Pilsen,3rd World University Powerlifting Cup,Yes,2018
Ka Chun Wan,M,SBD,Raw,21,20-23,19-23,Open,90.38,93,190,200,205,NA,205,110,115,117.5,NA,117.5,215,227.5,235,NA,235,557.5,23,359.72,355.15,340.31,73.96,Yes,England,NA,IPF,IPF,2018-07-09,Czechia,NA,Pilsen,3rd World University Powerlifting Cup,Yes,2018
Corey Whistler,M,SBD,Raw,22.5,20-23,19-23,Open,85.75,93,150,160,170,NA,170,105,110,-115,NA,110,200,212.5,-220,NA,212.5,492.5,27,326.57,322.63,309.89,67.07,Yes,UK,NA,IPF,IPF,2018-07-09,Czechia,NA,Pilsen,3rd World University Powerlifting Cup,Yes,2018
Adam Rochussen,M,SBD,Raw,20.5,20-23,19-23,Open,94.4,105,160,170,175,NA,175,115,120,125,NA,125,215,230,245,NA,245,545,16,344.3,339.99,325.22,70.78,Yes,England,NA,IPF,IPF,2018-07-09,Czechia,NA,Pilsen,3rd World University Powerlifting Cup,Yes,2018
Jack Tulloch,M,SBD,Raw,21,20-23,19-23,Open,87.24,93,190,200,-207.5,NA,200,120,127.5,-132.5,NA,127.5,230,240,-247.5,NA,240,567.5,22,372.87,368.26,353.43,76.62,Yes,UK,NA,IPF,IPF,2018-07-09,Czechia,NA,Pilsen,3rd World University Powerlifting Cup,Yes,2018
Jack Lungu,M,SBD,Raw,18.5,18-19,19-23,Open,87.9,93,200,207.5,-217.5,NA,207.5,120,127.5,132.5,NA,132.5,247.5,260,267.5,NA,267.5,607.5,13,397.59,392.62,376.68,81.71,Yes,UK,NA,IPF,IPF,2018-07-09,Czechia,NA,Pilsen,3rd World University Powerlifting Cup,Yes,2018
Ibrahim Dridi,M,SBD,Raw,18.5,18-19,19-23,Open,78.07,83,180,190,-195,NA,190,90,95,97.5,NA,97.5,230,237.5,-242.5,NA,237.5,525,23,367.34,364.09,351.19,74.98,Yes,England,NA,IPF,IPF,2018-07-09,Czechia,NA,Pilsen,3rd World University Powerlifting Cup,Yes,2018
Daniel Clarke #1,M,SBD,Raw,21.5,20-23,19-23,Open,80.55,83,200,-212.5,215,NA,215,122.5,130,132.5,NA,132.5,215,227.5,235,NA,235,582.5,13,400.05,395.97,381.41,81.87,Yes,UK,NA,IPF,IPF,2018-07-09,Czechia,NA,Pilsen,3rd World University Powerlifting Cup,Yes,2018
Henry Trunley,M,SBD,Raw,21.5,20-23,19-23,Open,83.24,93,190,202.5,207.5,NA,207.5,140,147.5,-152.5,NA,147.5,215,227.5,235,NA,235,590,17,397.66,393.15,378.14,81.55,Yes,UK,NA,IPF,IPF,2018-07-09,Czechia,NA,Pilsen,3rd World University Powerlifting Cup,Yes,2018
Angus Coyne-Grell,M,SBD,Raw,20.5,20-23,19-23,Open,72.56,74,167.5,170,182.5,NA,182.5,102.5,110,115,NA,115,-215,227.5,237.5,NA,237.5,535,10,392.19,390.31,377.67,79.35,Yes,England,NA,IPF,IPF,2018-07-09,Czechia,NA,Pilsen,3rd World University Powerlifting Cup,Yes,2018
Raghul Parthipan,M,SBD,Raw,20.5,20-23,19-23,Open,65.64,66,185,-195,-195,NA,185,122.5,127.5,-130,NA,127.5,195,210,-220,NA,210,522.5,5,411.06,412.12,400.56,81.69,Yes,England,NA,IPF,IPF,2018-07-09,Czechia,NA,Pilsen,3rd World University Powerlifting Cup,Yes,2018
Mitch Weiner,M,SBD,Raw,24.5,24-34,24-39,Open,57.88,59,140,147.5,-152.5,NA,147.5,90,95,97.5,NA,97.5,180,187.5,190,NA,190,435,2,378.37,383.62,375.38,72.72,Yes,England,NA,IPF,IPF,2018-07-09,Czechia,NA,Pilsen,3rd World University Powerlifting Cup,Yes,2018
Jack Dunkley,M,SBD,Raw,22.5,20-23,19-23,Open,112.85,120,225,232.5,240,NA,240,155,162.5,-165,NA,162.5,265,275,-282.5,NA,275,677.5,2,397.49,395.71,378.52,80.93,Yes,England,NA,IPF,IPF,2018-07-09,Czechia,NA,Pilsen,3rd World University Powerlifting Cup,Yes,2018
Jack Clayton,M,SBD,Raw,23.5,24-34,24-39,Open,101.27,105,225,235,245,NA,245,165,-175,175,NA,175,270,280,-290,NA,280,700,5,428.53,423.9,404.81,87.9,Yes,England,NA,IPF,IPF,2018-07-09,Czechia,NA,Pilsen,3rd World University Powerlifting Cup,Yes,2018
Damien Schofield,M,SBD,Raw,23.5,24-34,24-39,Open,82.09,83,190,200,-210,NA,200,115,120,-122.5,NA,120,210,220,227.5,NA,227.5,547.5,17,371.92,367.87,354.05,76.21,Yes,England,NA,IPF,IPF,2018-07-09,Czechia,NA,Pilsen,3rd World University Powerlifting Cup,Yes,2018
Leah Mears,F,SBD,Raw,20,20-23,19-23,Open,76.11,84,107.5,115,120,NA,120,42.5,50,52.5,NA,52.5,112.5,122.5,130,NA,130,302.5,10,292.37,284.97,250.52,59.6,Yes,Scotland,NA,IPF,IPF,2018-07-09,Czechia,NA,Pilsen,3rd World University Powerlifting Cup,Yes,2018
Rachel Steedman,F,SBD,Raw,22.5,20-23,19-23,Open,70.01,72,117.5,125,130,NA,130,70,75,77.5,NA,77.5,130,137.5,142.5,NA,142.5,350,9,353.91,348.16,306.9,71.93,Yes,UK,NA,IPF,IPF,2018-07-09,Czechia,NA,Pilsen,3rd World University Powerlifting Cup,Yes,2018
Ida Petersson,F,SBD,Raw,22.5,20-23,19-23,Open,61.32,63,105,110,-115,NA,110,65,70,75,NA,75,142.5,150,-155,NA,150,335,7,366.34,367.27,324.41,74.61,Yes,Scotland,NA,IPF,IPF,2018-07-09,Czechia,NA,Pilsen,3rd World University Powerlifting Cup,Yes,2018
Robin Bermudez,M,SBD,Raw,22.5,20-23,19-23,Open,57.43,59,135,145,155,NA,155,90,95,100,NA,100,-175,175,-192.5,NA,175,430,3,376.53,382.03,374,72.19,Yes,England,NA,IPF,IPF,2018-07-09,Czechia,NA,Pilsen,3rd World University Powerlifting Cup,Yes,2018
Bianca Mourik,F,SBD,Raw,21.5,20-23,19-23,Open,56.49,57,110,115,-120,NA,115,55,60,-62.5,NA,60,110,120,132.5,NA,132.5,307.5,7,354.39,359.34,317.8,72.62,Yes,Scotland,NA,IPF,IPF,2018-07-09,Czechia,NA,Pilsen,3rd World University Powerlifting Cup,Yes,2018
Maris Vasenius,F,SBD,Raw,21.5,20-23,19-23,Open,50.91,52,100,-107.5,-107.5,NA,100,60,65,70,NA,70,110,122.5,130,NA,130,300,3,371.13,380.13,337.25,77.16,Yes,Scotland,NA,IPF,IPF,2018-07-09,Czechia,NA,Pilsen,3rd World University Powerlifting Cup,Yes,2018
Mark Faulkner,M,SBD,Raw,21.5,20-23,19-23,Open,115.28,120,210,220,227.5,NA,227.5,152.5,160,165,NA,165,242.5,257.5,-270,NA,257.5,650,3,378.46,377.44,361.32,76.91,Yes,England,NA,IPF,IPF,2018-07-09,Czechia,NA,Pilsen,3rd World University Powerlifting Cup,Yes,2018
Dan O'Leary,M,SBD,Raw,21.5,20-23,19-23,Open,99.24,105,240,250,-260,NA,250,150,160,-162.5,NA,160,260,272.5,-275,NA,272.5,682.5,9,421.49,416.64,397.99,86.53,Yes,England,NA,IPF,IPF,2018-07-09,Czechia,NA,Pilsen,3rd World University Powerlifting Cup,Yes,2018
Rowan Ella,M,SBD,Raw,19.5,20-23,19-23,Open,87.15,93,202.5,212.5,-217.5,NA,212.5,120,125,-130,NA,125,205,-217.5,217.5,NA,217.5,555,24,364.86,360.35,345.86,74.97,Yes,England,NA,IPF,IPF,2018-07-09,Czechia,NA,Pilsen,3rd World University Powerlifting Cup,Yes,2018
Louis Keightley-Smith,M,SBD,Raw,24,24-34,24-39,Open,103.8,105,225,237.5,-242.5,NA,237.5,150,155,160,NA,160,230,242.5,255,NA,255,652.5,12,395.36,391.5,373.83,80.99,Yes,England,NA,IPF,IPF,2018-07-09,Czechia,NA,Pilsen,3rd World University Powerlifting Cup,Yes,2018
Steven Smithies,M,SBD,Raw,21.5,20-23,19-23,Open,82.6,83,165,175,185,NA,185,125,130,135,NA,135,200,210,-220,NA,210,530,22,358.77,354.79,341.36,73.55,Yes,UK,NA,IPF,IPF,2018-07-09,Czechia,NA,Pilsen,3rd World University Powerlifting Cup,Yes,2018
Elliot Sutcliffe,M,SBD,Raw,20.5,20-23,19-23,Open,90.37,93,195,205,215,NA,215,127.5,135,140,NA,140,210,227.5,-235,NA,227.5,582.5,19,375.87,371.09,355.59,77.28,Yes,England,NA,IPF,IPF,2018-07-09,Czechia,NA,Pilsen,3rd World University Powerlifting Cup,Yes,2018
Hugo Beaumont,M,SBD,Raw,23.5,24-34,24-39,Open,72.57,74,200,210,217.5,NA,217.5,135,142.5,-147.5,NA,142.5,242.5,255,-270,NA,255,615,2,450.79,448.63,434.09,91.21,Yes,England,NA,IPF,IPF,2018-07-09,Czechia,NA,Pilsen,3rd World University Powerlifting Cup,Yes,2018
Aymen Al Hassan,M,SBD,Raw,21.5,20-23,19-23,Open,81.03,83,195,205,215,NA,215,142.5,150,155,NA,155,-272.5,272.5,292.5,NA,292.5,662.5,5,453.42,448.69,432.08,92.83,Yes,England,NA,IPF,IPF,2018-07-09,Czechia,NA,Pilsen,3rd World University Powerlifting Cup,Yes,2018
Raihan Mohammed,M,SBD,Raw,22.5,20-23,19-23,Open,77.4,83,185,195,200,NA,200,107.5,112.5,117.5,NA,117.5,215,225,-232.5,NA,225,542.5,18,381.59,378.37,365.1,77.82,Yes,England,NA,IPF,IPF,2018-07-09,Czechia,NA,Pilsen,3rd World University Powerlifting Cup,Yes,2018
Ella-Louise Handley,F,SBD,Raw,21.5,20-23,19-23,Open,62.11,63,115,122.5,-130,NA,122.5,70,75,77.5,NA,77.5,140,150,-155,NA,150,350,4,379.72,379.97,335.58,77.29,Yes,UK,NA,IPF,IPF,2018-07-09,Czechia,NA,Pilsen,3rd World University Powerlifting Cup,Yes,2018
Lucy Hart,F,SBD,Raw,23,20-23,19-23,Open,59.43,63,115,122.5,-127.5,NA,122.5,55,60,-62.5,NA,60,130,142.5,147.5,NA,147.5,330,8,368.04,370.65,327.53,75.09,Yes,England,NA,IPF,IPF,2018-07-09,Czechia,NA,Pilsen,3rd World University Powerlifting Cup,Yes,2018
Alice Francis-Freeman,F,SBD,Raw,18.5,18-19,19-23,Open,69.87,72,147.5,155,-162.5,NA,155,85,90,92.5,NA,92.5,155,165,-170,NA,165,412.5,1,417.58,410.9,362.22,84.87,Yes,Scotland,NA,IPF,IPF,2018-07-09,Czechia,NA,Pilsen,3rd World University Powerlifting Cup,Yes,2018
Marcus Hatton,M,SBD,Raw,22.5,20-23,19-23,Open,73.83,74,160,167.5,NA,NA,167.5,-105,105,110,NA,110,185,195,205,NA,205,482.5,13,349.68,347.64,336.13,70.92,Yes,England,NA,IPF,IPF,2018-07-09,Czechia,NA,Pilsen,3rd World University Powerlifting Cup,Yes,2018
Suzanne Goulder,F,SBD,Raw,22,20-23,19-23,Open,67.43,72,125,-132.5,135,NA,135,75,80,82.5,NA,82.5,152.5,165,170,NA,170,387.5,3,400.29,395.79,349.14,81.33,Yes,England,NA,IPF,IPF,2018-07-09,Czechia,NA,Pilsen,3rd World University Powerlifting Cup,Yes,2018
Nina Lepaus,F,SBD,Raw,24.5,24-34,24-39,Open,68.27,72,112.5,120,122.5,NA,122.5,67.5,70,72.5,NA,72.5,155,162.5,167.5,NA,167.5,362.5,8,371.81,367,323.67,75.55,Yes,Scotland,NA,IPF,IPF,2018-07-09,Czechia,NA,Pilsen,3rd World University Powerlifting Cup,Yes,2018
Jennifer Newton #1,F,SBD,Raw,22.5,20-23,19-23,Open,60.86,63,102.5,107.5,112.5,NA,112.5,55,60,62.5,NA,62.5,132.5,-142.5,142.5,NA,142.5,317.5,10,348.83,350.11,309.28,71.07,Yes,Scotland,NA,IPF,IPF,2018-07-09,Czechia,NA,Pilsen,3rd World University Powerlifting Cup,Yes,2018
Eve Fordyce,F,SBD,Raw,22.5,20-23,19-23,Open,68.33,72,115,120,125,NA,125,65,67.5,70,NA,70,172.5,180,-187.5,NA,180,375,5,384.44,379.41,334.62,78.12,Yes,Scotland,NA,IPF,IPF,2018-07-09,Czechia,NA,Pilsen,3rd World University Powerlifting Cup,Yes,2018
Klaudijus Malevskis,M,SBD,Raw,21.5,20-23,19-23,Open,82.49,83,190,197.5,202.5,NA,202.5,162.5,170,-175,NA,170,210,230,-250,NA,230,602.5,12,408.16,403.65,388.39,83.66,Yes,Lithuania,NA,IPF,IPF,2018-07-09,Czechia,NA,Pilsen,3rd World University Powerlifting Cup,Yes,2018
Kieran Richardson,M,SBD,Raw,20.5,20-23,19-23,Open,93.52,105,215,227.5,-232.5,NA,227.5,140,147.5,152.5,NA,152.5,235,250,262.5,NA,262.5,642.5,13,407.7,402.55,385.2,83.82,Yes,England,NA,IPF,IPF,2018-07-09,Czechia,NA,Pilsen,3rd World University Powerlifting Cup,Yes,2018
Qarin Lokman,M,SBD,Raw,23,20-23,19-23,Open,72.08,74,200,207.5,-210,NA,207.5,117.5,125,127.5,NA,127.5,240,-255,-257.5,NA,240,575,6,423.38,421.54,408,85.58,Yes,UK,NA,IPF,IPF,2018-07-09,Czechia,NA,Pilsen,3rd World University Powerlifting Cup,Yes,2018
Ho Yee Luk,F,SBD,Raw,23,20-23,19-23,Open,56.07,57,80,85,90,NA,90,40,42.5,45,NA,45,110,120,-125,NA,120,255,15,295.33,299.74,265.13,60.57,Yes,Hong Kong,NA,IPF,IPF,2018-07-09,Czechia,NA,Pilsen,3rd World University Powerlifting Cup,Yes,2018
Mohammad Abbasabadi,M,SBD,Raw,20.5,20-23,19-23,Open,118.65,120,-222.5,222.5,-230,NA,222.5,130,140,147.5,NA,147.5,230,-245,-260,NA,230,600,4,345.89,345.88,331.39,70.09,Yes,Iran,NA,IPF,IPF,2018-07-09,Czechia,NA,Pilsen,3rd World University Powerlifting Cup,Yes,2018
Maximilian Smith,M,SBD,Raw,24.5,24-34,24-39,Open,96.94,105,220,230,-237.5,NA,230,120,127.5,-130,NA,127.5,240,255,-257.5,NA,255,612.5,15,382.23,377.6,360.9,78.53,Yes,England,NA,IPF,IPF,2018-07-09,Czechia,NA,Pilsen,3rd World University Powerlifting Cup,Yes,2018
Aleen Tan,F,SBD,Raw,21.5,20-23,19-23,Open,56.15,57,92.5,100,102.5,NA,102.5,60,65,67.5,NA,67.5,135,145,-152.5,NA,145,315,6,364.48,369.85,327.13,74.73,Yes,Australia,NA,IPF,IPF,2018-07-09,Czechia,NA,Pilsen,3rd World University Powerlifting Cup,Yes,2018
Julius Lim,M,SBD,Raw,22,20-23,19-23,Open,58.78,59,165,-175,-175,NA,165,102.5,110,115,NA,115,182.5,195,-200,NA,195,475,1,407.81,412.87,403.64,78.76,Yes,Australia,NA,IPF,IPF,2018-07-09,Czechia,NA,Pilsen,3rd World University Powerlifting Cup,Yes,2018
Jake Hebert,M,SBD,Raw,19.5,20-23,19-23,Open,65.57,66,160,167.5,-172.5,NA,167.5,90,97.5,102.5,NA,102.5,167.5,177.5,182.5,NA,182.5,452.5,13,356.27,357.22,347.22,70.78,Yes,USA,NA,IPF,IPF,2018-07-09,Czechia,NA,Pilsen,3rd World University Powerlifting Cup,Yes,2018
Frankie Wallker,F,SBD,Raw,21.5,20-23,19-23,Open,91.86,84+,120,125,130,NA,130,52.5,55,-57.5,NA,55,152.5,165,-172.5,NA,165,350,8,309.26,299.94,260.19,64.02,Yes,NA,NA,IPF,IPF,2019-07-22,Estonia,NA,Tartu,University Powerlifting Cup,Yes,2019
Katarzyna Pietkiewicz,F,SBD,Raw,23.5,24-34,24-39,Open,85.53,84+,125,132.5,137.5,NA,137.5,65,70,-75,NA,70,140,-150,155,NA,155,362.5,6,330.74,320.42,279.75,67.98,Yes,Poland,NA,IPF,IPF,2019-07-22,Estonia,NA,Tartu,University Powerlifting Cup,Yes,2019
Lephina D'Souza,F,SBD,Raw,20,20-23,19-23,Open,102.77,84+,-175,175,-187.5,NA,175,70,77.5,82.5,NA,82.5,170,180,185,NA,185,442.5,2,373.69,365.62,312.99,78.36,Yes,NA,NA,IPF,IPF,2019-07-22,Estonia,NA,Tartu,University Powerlifting Cup,Yes,2019
Tamara Thomas,F,SBD,Raw,20.5,20-23,19-23,Open,72.83,84,127.5,137.5,-142.5,NA,137.5,80,82.5,-85,NA,82.5,130,137.5,-150,NA,137.5,357.5,10,353.71,346.31,304.94,71.97,Yes,USA,NA,IPF,IPF,2019-07-22,Estonia,NA,Tartu,University Powerlifting Cup,Yes,2019
Madison Rivero,F,SBD,Raw,19.5,20-23,19-23,Open,83.05,84,120,127.5,132.5,NA,132.5,75,77.5,-80,NA,77.5,140,147.5,155,NA,155,365,8,337.68,327.36,286.42,69.24,Yes,USA,NA,IPF,IPF,2019-07-22,Estonia,NA,Tartu,University Powerlifting Cup,Yes,2019
Bronwyn Adlington,F,SBD,Raw,21.5,20-23,19-23,Open,81.2,84,140,150,-152.5,NA,150,90,-97.5,97.5,NA,97.5,147.5,160,-170,NA,160,407.5,2,381.15,369.84,324.06,78.02,Yes,NA,NA,IPF,IPF,2019-07-22,Estonia,NA,Tartu,University Powerlifting Cup,Yes,2019
Aswathi Chandrababu,F,SBD,Raw,19.5,20-23,19-23,Open,71.05,72,-110,110,-120,NA,110,52.5,60,-65,NA,60,137.5,142.5,-147.5,NA,142.5,312.5,21,313.41,307.74,271.17,63.72,Yes,NA,NA,IPF,IPF,2019-07-22,Estonia,NA,Tartu,University Powerlifting Cup,Yes,2019
Katy Malas,F,SBD,Raw,21.5,20-23,19-23,Open,69,72,110,115,-120,NA,115,70,72.5,75,NA,75,125,135,142.5,NA,142.5,332.5,19,338.98,334.11,294.61,68.89,Yes,NA,NA,IPF,IPF,2019-07-22,Estonia,NA,Tartu,University Powerlifting Cup,Yes,2019
Cassie Sferra,F,SBD,Raw,20.5,20-23,19-23,Open,72,72,120,127.5,135,NA,135,57.5,62.5,65,NA,65,127.5,135,142.5,NA,142.5,342.5,17,340.99,334.29,294.46,69.35,Yes,USA,NA,IPF,IPF,2019-07-22,Estonia,NA,Tartu,University Powerlifting Cup,Yes,2019
Madhuri Rathee,F,SBD,Raw,24.5,24-34,24-39,Open,71.07,72,125,-140,-140,NA,125,60,65,-67.5,NA,65,155,165,-180,NA,165,355,14,355.98,349.53,307.99,72.38,Yes,NA,NA,IPF,IPF,2019-07-22,Estonia,NA,Tartu,University Powerlifting Cup,Yes,2019
Jennifer Norton,F,SBD,Raw,21.5,20-23,19-23,Open,68.05,72,127.5,135,-140,NA,135,75,80,82.5,NA,82.5,132.5,137.5,-140,NA,137.5,355,13,364.79,360.23,317.72,74.12,Yes,USA,NA,IPF,IPF,2019-07-22,Estonia,NA,Tartu,University Powerlifting Cup,Yes,2019
Alicja Klińska,F,SBD,Raw,23.5,24-34,24-39,Open,70.64,72,122.5,130,137.5,NA,137.5,62.5,67.5,-72.5,NA,67.5,162.5,167.5,172.5,NA,172.5,377.5,10,379.81,373.22,328.91,77.21,Yes,NA,NA,IPF,IPF,2019-07-22,Estonia,NA,Tartu,University Powerlifting Cup,Yes,2019
Samantha Jayes,F,SBD,Raw,19.5,20-23,19-23,Open,72,72,145,155,-160,NA,155,75,80,82.5,NA,82.5,165,177.5,-192.5,NA,177.5,415,6,413.17,405.06,356.79,84.04,Yes,USA,NA,IPF,IPF,2019-07-22,Estonia,NA,Tartu,University Powerlifting Cup,Yes,2019
Kelsey Garonzik,F,SBD,Raw,21.5,20-23,19-23,Open,69.48,72,140,147.5,-152.5,NA,147.5,92.5,97.5,102.5,NA,102.5,155,162.5,170,NA,170,420,4,426.51,420,370.28,86.68,Yes,USA,NA,IPF,IPF,2019-07-22,Estonia,NA,Tartu,University Powerlifting Cup,Yes,2019
Riya T C,F,SBD,Raw,25,24-34,24-39,Open,61.51,63,130,145,155,NA,155,NA,NA,NA,NA,NA,NA,NA,NA,NA,NA,NA,DQ,NA,NA,NA,NA,Yes,NA,NA,IPF,IPF,2019-07-22,Estonia,NA,Tartu,University Powerlifting Cup,Yes,2019
Kirsty Mccahill,F,SBD,Raw,21,20-23,19-23,Open,61.06,63,75,80,82.5,NA,82.5,42.5,45,47.5,NA,47.5,117.5,122.5,-127.5,NA,122.5,252.5,18,276.85,277.73,245.33,56.39,Yes,Scotland,NA,IPF,IPF,2019-07-22,Estonia,NA,Tartu,University Powerlifting Cup,Yes,2019
Anne Grundlehner,F,SBD,Raw,21.5,20-23,19-23,Open,57.05,63,75,80,-82.5,NA,80,55,57.5,60,NA,60,107.5,112.5,117.5,NA,117.5,257.5,16,294.85,298.6,264.03,60.36,Yes,NA,NA,IPF,IPF,2019-07-22,Estonia,NA,Tartu,University Powerlifting Cup,Yes,2019
Rosie Geller-Stevens,F,SBD,Raw,22,20-23,19-23,Open,60.61,63,-105,105,107.5,NA,107.5,50,52.5,55,NA,55,120,125,-130,NA,125,287.5,12,316.69,318.03,280.96,64.54,Yes,Scotland,NA,IPF,IPF,2019-07-22,Estonia,NA,Tartu,University Powerlifting Cup,Yes,2019
Sarah Hertzler,F,SBD,Raw,21.5,20-23,19-23,Open,62.08,63,-112.5,115,-120,NA,115,55,60,-62.5,NA,60,130,137.5,142.5,NA,142.5,317.5,9,344.57,344.82,304.53,70.13,Yes,USA,NA,IPF,IPF,2019-07-22,Estonia,NA,Tartu,University Powerlifting Cup,Yes,2019
Abigail Maxon-Stabile,F,SBD,Raw,19.5,20-23,19-23,Open,55.94,57,-97.5,102.5,107.5,NA,107.5,47.5,52.5,55,NA,55,110,-117.5,117.5,NA,117.5,280,19,324.78,329.73,291.66,66.62,Yes,NA,NA,IPF,IPF,2019-07-22,Estonia,NA,Tartu,University Powerlifting Cup,Yes,2019
Izzy Brown,F,SBD,Raw,21.5,20-23,19-23,Open,55.88,57,95,102.5,105,NA,105,50,55,57.5,NA,57.5,102.5,110,117.5,NA,117.5,280,18,325.01,330,291.91,66.68,Yes,NA,NA,IPF,IPF,2019-07-22,Estonia,NA,Tartu,University Powerlifting Cup,Yes,2019
Bethany Stirling,F,SBD,Raw,21.5,20-23,19-23,Open,56.43,57,95,-100,100,NA,100,52.5,55,-57.5,NA,55,125,135,-142.5,NA,135,290,17,334.45,339.18,299.97,68.54,Yes,NA,NA,IPF,IPF,2019-07-22,Estonia,NA,Tartu,University Powerlifting Cup,Yes,2019
Aistė Kveselytė,F,SBD,Raw,23.5,24-34,24-39,Open,56.52,57,110,115,120,NA,120,72.5,75,-80,NA,75,110,-115,-117.5,NA,110,305,13,351.38,356.27,315.08,72,Yes,Lithuania,NA,IPF,IPF,2019-07-22,Estonia,NA,Tartu,University Powerlifting Cup,Yes,2019
Neenu Varghese,F,SBD,Raw,24,24-34,24-39,Open,56.57,57,100,115,-120,NA,115,47.5,55,-57.5,NA,55,130,142.5,147.5,NA,147.5,317.5,10,365.57,370.62,327.76,74.9,Yes,NA,NA,IPF,IPF,2019-07-22,Estonia,NA,Tartu,University Powerlifting Cup,Yes,2019
Agata Przybylska,F,SBD,Raw,21.5,20-23,19-23,Open,56.48,57,115,120,-125,NA,120,60,65,67.5,NA,67.5,140,-155,160,NA,160,347.5,6,400.53,406.14,359.19,82.08,Yes,NA,NA,IPF,IPF,2019-07-22,Estonia,NA,Tartu,University Powerlifting Cup,Yes,2019
Milu Emmanuel,F,SBD,Raw,23.5,24-34,24-39,Open,50.37,52,70,-77.5,82.5,NA,82.5,35,40,-42.5,NA,40,115,-125,-125,NA,115,237.5,9,296.03,303.4,269.3,61.67,Yes,NA,NA,IPF,IPF,2019-07-22,Estonia,NA,Tartu,University Powerlifting Cup,Yes,2019
Iuliia Malyshenko,F,SBD,Raw,21.5,20-23,19-23,Open,51.47,52,100,105,-107.5,NA,105,55,60,62.5,NA,62.5,100,110,-125,NA,110,277.5,5,340.67,348.68,309.2,70.69,Yes,NA,NA,IPF,IPF,2019-07-22,Estonia,NA,Tartu,University Powerlifting Cup,Yes,2019
Marianne van de Wouw,F,SBD,Raw,21.5,20-23,19-23,Open,50.7,52,102.5,-107.5,-107.5,NA,102.5,47.5,50,-52.5,NA,50,122.5,130,132.5,NA,132.5,285,4,353.6,362.27,321.46,73.57,Yes,NA,NA,IPF,IPF,2019-07-22,Estonia,NA,Tartu,University Powerlifting Cup,Yes,2019
Jamie Schlier,F,SBD,Raw,20.5,20-23,19-23,Open,50.79,52,105,112.5,-115,NA,112.5,47.5,-50,-50,NA,47.5,122.5,130,132.5,NA,132.5,292.5,3,362.46,371.3,329.45,75.39,Yes,USA,NA,IPF,IPF,2019-07-22,Estonia,NA,Tartu,University Powerlifting Cup,Yes,2019
Anitta Joseph,F,SBD,Raw,22,20-23,19-23,Open,45.8,47,110,117.5,127.5,NA,127.5,57.5,65,-67.5,NA,65,127.5,137.5,142.5,NA,142.5,335,1,447.58,458.92,409.97,95.32,Yes,NA,NA,IPF,IPF,2019-07-22,Estonia,NA,Tartu,University Powerlifting Cup,Yes,2019
Chun Wan Ka,M,SBD,Raw,21.5,20-23,19-23,Open,97.06,105,202.5,215,225,NA,225,125,130,135,NA,135,237.5,250,260,NA,260,620,11,386.69,382.02,365.11,79.45,Yes,NA,NA,IPF,IPF,2019-07-22,Estonia,NA,Tartu,University Powerlifting Cup,Yes,2019
Marcin Bogacki,M,SBD,Raw,24.5,24-34,24-39,Open,102.47,105,250,265,-272.5,NA,265,170,180,-185,NA,180,260,-275,280,NA,280,725,2,441.64,437.08,417.35,90.54,Yes,Poland,NA,IPF,IPF,2019-07-22,Estonia,NA,Tartu,University Powerlifting Cup,Yes,2019
Nikhil Bachhawat,M,SBD,Raw,21.5,20-23,19-23,Open,91.25,93,172.5,182.5,187.5,NA,187.5,117.5,-125,-125,NA,117.5,235,245,-250,NA,245,550,25,353.19,348.7,334,72.62,Yes,USA,NA,IPF,IPF,2019-07-22,Estonia,NA,Tartu,University Powerlifting Cup,Yes,2019
Lauchlan Mitchell,M,SBD,Raw,20.5,20-23,19-23,Open,91.16,93,195,205,-215,NA,205,142.5,147.5,-150,NA,147.5,235,250,252.5,NA,252.5,605,19,388.7,383.75,367.59,79.92,Yes,Scotland,NA,IPF,IPF,2019-07-22,Estonia,NA,Tartu,University Powerlifting Cup,Yes,2019
Akash Binu,M,SBD,Raw,21.5,20-23,19-23,Open,92.98,93,232.5,245,-255,NA,245,132.5,-140,140,NA,140,262.5,275,-295,NA,275,660,8,419.97,414.65,396.86,86.35,Yes,NA,NA,IPF,IPF,2019-07-22,Estonia,NA,Tartu,University Powerlifting Cup,Yes,2019
Matthew Weisburg,M,SBD,Raw,19.5,20-23,19-23,Open,92.01,93,265,272.5,280,NA,280,150,157.5,162.5,NA,162.5,290,307.5,-317.5,NA,307.5,750,2,479.67,473.57,453.45,98.63,Yes,NA,NA,IPF,IPF,2019-07-22,Estonia,NA,Tartu,University Powerlifting Cup,Yes,2019
Sviatoslav Tataryn,M,SBD,Raw,21.5,20-23,19-23,Open,80.27,83,-240,240,-245,NA,240,160,170,-172.5,NA,170,-270,-270,-285,NA,NA,NA,DQ,NA,NA,NA,NA,Yes,NA,NA,IPF,IPF,2019-07-22,Estonia,NA,Tartu,University Powerlifting Cup,Yes,2019
Sergei Kirakosian,M,SBD,Raw,19.5,20-23,19-23,Open,75.7,83,170,-180,180,NA,180,135,142.5,-150,NA,142.5,-210,210,215,NA,215,537.5,14,383.35,380.55,367.56,77.99,Yes,NA,NA,IPF,IPF,2019-07-22,Estonia,NA,Tartu,University Powerlifting Cup,Yes,2019
Devin Nielsen,M,SBD,Raw,19.5,20-23,19-23,Open,82.61,83,180,185,195,NA,195,115,122.5,-127.5,NA,122.5,225,-237.5,-237.5,NA,225,542.5,13,367.21,363.13,349.39,75.28,Yes,USA,NA,IPF,IPF,2019-07-22,Estonia,NA,Tartu,University Powerlifting Cup,Yes,2019
Sean Fenlon,M,SBD,Raw,22.5,20-23,19-23,Open,81.2,83,220,-227.5,227.5,NA,227.5,112.5,120,122.5,NA,122.5,227.5,245,250,NA,250,600,8,410.15,405.84,390.78,83.98,Yes,NA,NA,IPF,IPF,2019-07-22,Estonia,NA,Tartu,University Powerlifting Cup,Yes,2019
Shane Nutt,M,SBD,Raw,18.5,18-19,19-23,Open,82.2,83,227.5,245,250,NA,250,145,-150,152.5,NA,152.5,-287.5,287.5,-305,NA,287.5,690,5,468.37,463.25,445.81,95.98,Yes,USA,NA,IPF,IPF,2019-07-22,Estonia,NA,Tartu,University Powerlifting Cup,Yes,2019
Egor Khlebushev,M,SBD,Raw,21.5,20-23,19-23,Open,82.87,83,235,242.5,247.5,NA,247.5,177.5,185,190,NA,190,255,265,270,NA,270,707.5,2,478.05,472.7,454.73,98.01,Yes,NA,NA,IPF,IPF,2019-07-22,Estonia,NA,Tartu,University Powerlifting Cup,Yes,2019
Davin Hong,M,SBD,Raw,22.5,20-23,19-23,Open,73.48,74,65,112.5,125,NA,125,82.5,90,-95,NA,90,160,-185,-210,NA,160,375,12,272.62,271.1,262.18,55.26,Yes,NA,NA,IPF,IPF,2019-07-22,Estonia,NA,Tartu,University Powerlifting Cup,Yes,2019
Rory McNeil,M,SBD,Raw,22,20-23,19-23,Open,72.71,74,165,-175,175,NA,175,105,110,-115,NA,110,180,190,195,NA,195,480,11,351.39,349.66,338.3,71.12,Yes,Scotland,NA,IPF,IPF,2019-07-22,Estonia,NA,Tartu,University Powerlifting Cup,Yes,2019
Benjamin Cooney,M,SBD,Raw,20.5,20-23,19-23,Open,72.05,74,-215,215,-227.5,NA,215,127.5,132.5,135,NA,135,227.5,240,-250,NA,240,590,4,434.54,432.67,418.78,87.83,Yes,USA,NA,IPF,IPF,2019-07-22,Estonia,NA,Tartu,University Powerlifting Cup,Yes,2019
Victor Ang,M,SBD,Raw,22.5,20-23,19-23,Open,65.86,66,155,162.5,-167.5,NA,162.5,87.5,95,100,NA,100,167.5,175,180,NA,180,442.5,11,347.26,348.06,338.24,69.06,Yes,Singapore,NA,IPF,IPF,2019-07-22,Estonia,NA,Tartu,University Powerlifting Cup,Yes,2019
Solomon Ashgar,M,SBD,Raw,21.5,20-23,19-23,Open,62.09,66,150,-157.5,157.5,NA,157.5,100,107.5,-115,NA,107.5,175,185,195,NA,195,460,10,377.69,380.46,370.83,74.07,Yes,NA,NA,IPF,IPF,2019-07-22,Estonia,NA,Tartu,University Powerlifting Cup,Yes,2019
Bibin Joy,M,SBD,Raw,23,20-23,19-23,Open,65,66,190,-205,-205,NA,190,115,-117.5,122.5,NA,122.5,215,225,230,NA,230,542.5,5,429.94,431.4,419.5,85.25,Yes,NA,NA,IPF,IPF,2019-07-22,Estonia,NA,Tartu,University Powerlifting Cup,Yes,2019
Freya Hammer,F,SBD,Raw,23.5,24-34,24-39,Open,83.05,84,137.5,147.5,155,NA,155,80,85,-87.5,NA,85,140,152.5,-157.5,NA,152.5,392.5,5,363.13,352.03,308,74.46,Yes,Ireland,NA,IPF,IPF,2019-07-22,Estonia,NA,Tartu,University Powerlifting Cup,Yes,2019
Christiane Hazzard,F,SBD,Raw,19.5,20-23,19-23,Open,61.36,63,135,142.5,150,NA,150,95,102.5,105,NA,105,152.5,165,-172.5,NA,165,420,1,459.1,460.23,406.52,93.5,Yes,USA,NA,IPF,IPF,2019-07-22,Estonia,NA,Tartu,University Powerlifting Cup,Yes,2019
Gerald Goie,M,SBD,Raw,24.5,24-34,24-39,Open,103.17,105,220,235,-240,NA,235,145,152.5,157.5,NA,157.5,265,280,295,NA,295,687.5,4,417.62,413.42,394.76,85.58,Yes,Singapore,NA,IPF,IPF,2019-07-22,Estonia,NA,Tartu,University Powerlifting Cup,Yes,2019
Stephanie Hewitt,F,SBD,Raw,23.5,24-34,24-39,Open,69.23,72,-105,105,112.5,NA,112.5,70,75,77.5,NA,77.5,140,150,155,NA,155,345,15,351.06,345.86,304.95,71.34,Yes,Ireland,NA,IPF,IPF,2019-07-22,Estonia,NA,Tartu,University Powerlifting Cup,Yes,2019
Brooke Conley,F,SBD,Raw,21,20-23,19-23,Open,97,84+,160,167.5,-170,NA,167.5,75,80,-85,NA,80,155,165,-170,NA,165,412.5,4,356.28,346.69,298.94,74.2,Yes,USA,NA,IPF,IPF,2019-07-22,Estonia,NA,Tartu,University Powerlifting Cup,Yes,2019
Heidi Lewis,F,SBD,Raw,21.5,20-23,19-23,Open,96.37,84+,177.5,185,190,NA,190,95,102.5,107.5,NA,107.5,197.5,212.5,227.5,NA,227.5,525,1,454.65,442.19,381.58,94.61,Yes,USA,NA,IPF,IPF,2019-07-22,Estonia,NA,Tartu,University Powerlifting Cup,Yes,2019
Alexandra Chavez,F,SBD,Raw,19.5,20-23,19-23,Open,71.28,72,145,152.5,-157.5,NA,152.5,75,82.5,87.5,NA,87.5,155,165,-175,NA,165,405,7,405.45,397.97,350.64,82.44,Yes,USA,NA,IPF,IPF,2019-07-22,Estonia,NA,Tartu,University Powerlifting Cup,Yes,2019
Austin Perkins #1,M,SBD,Raw,19.5,20-23,19-23,Open,72.63,74,260,270,275,NA,275,145,155,-165,NA,155,270,287.5,307.5,NA,307.5,737.5,1,540.28,537.67,520.23,109.33,Yes,USA,NA,IPF,IPF,2019-07-22,Estonia,NA,Tartu,University Powerlifting Cup,Yes,2019
Jodel Patino,F,SBD,Raw,21.5,20-23,19-23,Open,56.38,57,-125,-125,125,NA,125,70,77.5,80,NA,80,155,165,177.5,NA,177.5,382.5,3,441.39,447.67,395.93,90.47,Yes,USA,NA,IPF,IPF,2019-07-22,Estonia,NA,Tartu,University Powerlifting Cup,Yes,2019
Henry Diers,M,SBD,Raw,19.5,20-23,19-23,Open,65.73,66,205,212.5,217.5,NA,217.5,125,130,132.5,NA,132.5,215,-227.5,-237.5,NA,215,565,4,444.04,445.14,432.63,88.27,Yes,USA,NA,IPF,IPF,2019-07-22,Estonia,NA,Tartu,University Powerlifting Cup,Yes,2019
Dániel Ónodi,M,SBD,Raw,21.5,20-23,19-23,Open,90.21,93,-190,197.5,-205,NA,197.5,130,137.5,142.5,NA,142.5,210,220,227.5,NA,227.5,567.5,24,366.52,361.86,346.77,75.36,Yes,NA,NA,IPF,IPF,2019-07-22,Estonia,NA,Tartu,University Powerlifting Cup,Yes,2019
Hajnalka Baranyi,F,SBD,Raw,24.5,24-34,24-39,Open,76.69,84,110,120,125,NA,125,57.5,62.5,65,NA,65,135,150,-157.5,NA,150,340,11,327.31,318.82,280.19,66.75,Yes,Hungary,NA,IPF,IPF,2019-07-22,Estonia,NA,Tartu,University Powerlifting Cup,Yes,2019
János Guti,M,SBD,Raw,24,24-34,24-39,Open,100.02,105,200,212.5,220,NA,220,120,127.5,132.5,NA,132.5,-250,250,265,NA,265,617.5,13,380.05,375.77,358.9,78,Yes,Hungary,NA,IPF,IPF,2019-07-22,Estonia,NA,Tartu,University Powerlifting Cup,Yes,2019
Artak Kazaryan,M,SBD,Raw,19,18-19,19-23,Open,103.7,105,210,225,232.5,NA,232.5,135,142.5,147.5,NA,147.5,215,225,235,NA,235,615,14,372.79,369.13,352.47,76.37,Yes,Russia,NA,IPF,IPF,2019-07-22,Estonia,NA,Tartu,University Powerlifting Cup,Yes,2019
Aleksandr Nadeshkin,M,SBD,Raw,19.5,20-23,19-23,Open,145.5,120+,205,-215,NA,NA,205,180,185,195,NA,195,175,200,NA,NA,200,600,3,325.33,333.41,315.94,64.43,Yes,Russia,NA,IPF,IPF,2019-07-22,Estonia,NA,Tartu,University Powerlifting Cup,Yes,2019
Dmitriy Borkov,M,SBD,Raw,21.5,20-23,19-23,Open,81.8,83,185,195,205,NA,205,125,132.5,137.5,NA,137.5,210,220,230,NA,230,572.5,10,389.69,385.5,371.07,79.84,Yes,NA,NA,IPF,IPF,2019-07-22,Estonia,NA,Tartu,University Powerlifting Cup,Yes,2019
Aleksandr Usynin,M,SBD,Raw,24,24-34,24-39,Open,92.98,93,265,275,285,NA,285,180,190,195,NA,195,-270,270,280,NA,280,760,1,483.6,477.47,457,99.43,Yes,Russia,NA,IPF,IPF,2019-07-22,Estonia,NA,Tartu,University Powerlifting Cup,Yes,2019
Pavel Tikhonov,M,SBD,Raw,21.5,20-23,19-23,Open,112.91,120,230,240,250,NA,250,152.5,162.5,167.5,NA,167.5,230,240,245,NA,245,662.5,5,388.61,386.89,370.09,79.12,Yes,Russia,NA,IPF,IPF,2019-07-22,Estonia,NA,Tartu,University Powerlifting Cup,Yes,2019
Andrey Andreev,M,SBD,Raw,24.5,24-34,24-39,Open,72.71,74,160,170,-175,NA,170,127.5,132.5,NA,NA,132.5,200,-210,210,NA,210,512.5,10,375.18,373.33,361.21,75.93,Yes,Russia,NA,IPF,IPF,2019-07-22,Estonia,NA,Tartu,University Powerlifting Cup,Yes,2019
Innès Allouache,F,SBD,Raw,19.5,20-23,19-23,Open,82.31,84,160,-170,172.5,NA,172.5,75,80,85,NA,85,180,190,-200,NA,190,447.5,1,415.8,403.22,353.01,85.2,Yes,France,NA,IPF,IPF,2019-07-22,Estonia,NA,Tartu,University Powerlifting Cup,Yes,2019
Krzysztof Stangret,M,SBD,Raw,21,20-23,19-23,Open,104.43,105,230,-240,240,NA,240,-150,150,-155,NA,150,250,267.5,-275,NA,267.5,657.5,7,397.41,393.65,375.88,81.38,Yes,Poland,NA,IPF,IPF,2019-07-22,Estonia,NA,Tartu,University Powerlifting Cup,Yes,2019
Jan Duma,M,SBD,Raw,21.5,20-23,19-23,Open,91.81,93,225,235,-242.5,NA,235,-130,130,-135,NA,130,255,265,-270,NA,265,630,15,403.35,398.22,381.33,82.94,Yes,Poland,NA,IPF,IPF,2019-07-22,Estonia,NA,Tartu,University Powerlifting Cup,Yes,2019
Elke de Leeuw,F,SBD,Raw,19.5,20-23,19-23,Open,70.67,72,112.5,117.5,122.5,NA,122.5,52.5,57.5,60,NA,60,132.5,140,145,NA,145,327.5,20,329.43,323.69,285.26,66.97,Yes,Netherlands,NA,IPF,IPF,2019-07-22,Estonia,NA,Tartu,University Powerlifting Cup,Yes,2019
Yuliya Khodneva,F,SBD,Raw,21.5,20-23,19-23,Open,56.89,57,120,127.5,-130,NA,127.5,70,72.5,-75,NA,72.5,130,140,-147.5,NA,140,340,7,390.03,395.13,349.4,79.87,Yes,Russia,NA,IPF,IPF,2019-07-22,Estonia,NA,Tartu,University Powerlifting Cup,Yes,2019
Marina Ovsiannikova,F,SBD,Raw,19.5,20-23,19-23,Open,46.74,47,90,95,-100,NA,95,60,62.5,-65,NA,62.5,-112.5,112.5,-122.5,NA,112.5,270,4,355.31,364.57,325.13,75.26,Yes,Russia,NA,IPF,IPF,2019-07-22,Estonia,NA,Tartu,University Powerlifting Cup,Yes,2019
Mateusz Bagiński,M,SBD,Raw,21.5,20-23,19-23,Open,91.61,93,200,210,217.5,NA,217.5,122.5,130,-132.5,NA,130,272.5,282.5,-295,NA,282.5,630,14,403.78,398.64,381.77,83.03,Yes,Poland,NA,IPF,IPF,2019-07-22,Estonia,NA,Tartu,University Powerlifting Cup,Yes,2019
Richard Schoonhoven,M,SBD,Raw,23.5,24-34,24-39,Open,91.97,93,192.5,200,205,NA,205,135,142.5,147.5,NA,147.5,242.5,255,265,NA,265,617.5,16,395.01,389.99,373.42,81.22,Yes,Netherlands,NA,IPF,IPF,2019-07-22,Estonia,NA,Tartu,University Powerlifting Cup,Yes,2019
Sofyann Ait Naceur,M,SBD,Raw,23.5,24-34,24-39,Open,91.8,93,222.5,232.5,240,NA,240,150,157.5,160,NA,160,265,280,-285,NA,280,680,6,435.39,429.85,411.62,89.52,Yes,France,NA,IPF,IPF,2019-07-22,Estonia,NA,Tartu,University Powerlifting Cup,Yes,2019
Kamil Linstedt,M,SBD,Raw,23.5,24-34,24-39,Open,64.93,66,-210,210,-215,NA,210,-110,-110,110,NA,110,-210,-210,210,NA,210,530,6,420.38,421.84,410.22,83.34,Yes,Poland,NA,IPF,IPF,2019-07-22,Estonia,NA,Tartu,University Powerlifting Cup,Yes,2019
Vladimir Plekhov,M,SBD,Raw,21.5,20-23,19-23,Open,58.8,59,125,135,140,NA,140,95,100,-105,NA,100,160,170,175,NA,175,415,2,356.2,360.6,352.53,68.8,Yes,Russia,NA,IPF,IPF,2019-07-22,Estonia,NA,Tartu,University Powerlifting Cup,Yes,2019
Agata Kaliciak,F,SBD,Raw,21.5,20-23,19-23,Open,87.1,84+,130,140,147.5,NA,147.5,67.5,72.5,75,NA,75,150,165,170,NA,170,392.5,5,355.11,344.01,299.9,73.12,Yes,Poland,NA,IPF,IPF,2019-07-22,Estonia,NA,Tartu,University Powerlifting Cup,Yes,2019
Alena Zubova,F,SBD,Raw,21.5,20-23,19-23,Open,56.84,57,-150,150,155,NA,155,75,-80,80,NA,80,152.5,160,165,NA,165,400,1,459.12,465.18,411.35,94.02,Yes,Russia,NA,IPF,IPF,2019-07-22,Estonia,NA,Tartu,University Powerlifting Cup,Yes,2019
Dominik Filo,M,SBD,Raw,24.5,24-34,24-39,Open,91.59,93,250,257.5,262.5,NA,262.5,155,165,-167.5,NA,165,260,282.5,-292.5,NA,282.5,710,4,455.11,449.31,430.3,93.58,Yes,Slovakia,NA,IPF,IPF,2019-07-22,Estonia,NA,Tartu,University Powerlifting Cup,Yes,2019
Balázs Bíró,M,SBD,Raw,22,20-23,19-23,Open,93,93,225,240,250,NA,250,170,180,190,NA,190,250,270,280,NA,280,720,3,458.1,452.3,432.9,94.19,Yes,Hungary,NA,IPF,IPF,2019-07-22,Estonia,NA,Tartu,University Powerlifting Cup,Yes,2019
Otto Fält,M,SBD,Raw,22.5,20-23,19-23,Open,82.69,83,240,250,257.5,NA,257.5,145,150,155,NA,155,270,282.5,-290,NA,282.5,695,4,470.18,464.95,447.32,96.39,Yes,Finland,NA,IPF,IPF,2019-07-22,Estonia,NA,Tartu,University Powerlifting Cup,Yes,2019
Paul Rembauville,M,SBD,Raw,22,20-23,19-23,Open,72.94,74,220,230,235,NA,235,120,125,130,NA,130,260,272.5,-275,NA,272.5,637.5,3,465.71,463.33,448.22,94.3,Yes,France,NA,IPF,IPF,2019-07-22,Estonia,NA,Tartu,University Powerlifting Cup,Yes,2019
Anthony Costarigot,M,SBD,Raw,20.5,20-23,19-23,Open,73.55,74,202.5,-207.5,NA,NA,202.5,157.5,165,167.5,NA,167.5,105,205,-270,NA,205,575,7,417.76,415.41,401.72,84.68,Yes,France,NA,IPF,IPF,2019-07-22,Estonia,NA,Tartu,University Powerlifting Cup,Yes,2019
Anna Niemczyk,F,SBD,Raw,22.5,20-23,19-23,Open,80.18,84,145,-152.5,155,NA,155,57.5,62.5,-65,NA,62.5,155,165,170,NA,170,387.5,6,364.71,354.12,310.52,74.58,Yes,Poland,NA,IPF,IPF,2019-07-22,Estonia,NA,Tartu,University Powerlifting Cup,Yes,2019
Oksana Semenukha,F,SBD,Raw,23,20-23,24-39,Open,86.82,84+,140,150,-155,NA,150,95,-102.5,102.5,NA,102.5,155,162.5,167.5,NA,167.5,420,3,380.55,368.65,321.47,78.33,Yes,Russia,NA,IPF,IPF,2019-07-22,Estonia,NA,Tartu,University Powerlifting Cup,Yes,2019
Marika Zandecka,F,SBD,Raw,23.5,24-34,24-39,Open,62.73,63,137.5,145,-150,NA,145,72.5,77.5,-80,NA,77.5,162.5,172.5,-180,NA,172.5,395,2,425.94,425.6,375.83,86.66,Yes,Poland,NA,IPF,IPF,2019-07-22,Estonia,NA,Tartu,University Powerlifting Cup,Yes,2019
Julia Dru,F,SBD,Raw,21.5,20-23,19-23,Open,51.9,52,110,-115,115,NA,115,55,60,-62.5,NA,60,-152.5,152.5,-155,NA,152.5,327.5,2,399.72,408.88,362.46,82.83,Yes,France,NA,IPF,IPF,2019-07-22,Estonia,NA,Tartu,University Powerlifting Cup,Yes,2019
Mariia Zabelina,F,SBD,Raw,21.5,20-23,19-23,Open,46.95,47,107.5,112.5,-115,NA,112.5,60,65,67.5,NA,67.5,135,145,-157.5,NA,145,325,2,426.27,437.43,389.97,90.19,Yes,Russia,NA,IPF,IPF,2019-07-22,Estonia,NA,Tartu,University Powerlifting Cup,Yes,2019
Paulina Szymanel,F,SBD,Raw,23.5,24-34,24-39,Open,49.36,52,102.5,107.5,112.5,NA,112.5,67.5,72.5,-75,NA,72.5,130,137.5,142.5,NA,142.5,327.5,1,414.16,424.83,377.49,86.62,Yes,Poland,NA,IPF,IPF,2019-07-22,Estonia,NA,Tartu,University Powerlifting Cup,Yes,2019
Ekaterina Nazarova,F,SBD,Raw,18.5,18-19,19-23,Open,56.86,57,130,-140,140,NA,140,80,85,-90,NA,85,137.5,145,-150,NA,145,370,4,424.59,430.17,380.39,86.95,Yes,Russia,NA,IPF,IPF,2019-07-22,Estonia,NA,Tartu,University Powerlifting Cup,Yes,2019
Mikita Stsepaniuk,M,SBD,Raw,22.5,20-23,19-23,Open,82.8,83,245,257.5,265,NA,265,150,160,165,NA,165,260,275,287.5,NA,287.5,717.5,1,485.03,479.62,461.41,99.44,Yes,Belarus,NA,IPF,IPF,2019-07-22,Estonia,NA,Tartu,University Powerlifting Cup,Yes,2019
Sebastian Sądej,M,SBD,Raw,22.5,20-23,19-23,Open,73.31,74,-210,-210,210,NA,210,140,145,-150,NA,145,235,-245,-245,NA,235,590,5,429.57,427.24,413.22,87.04,Yes,Poland,NA,IPF,IPF,2019-07-22,Estonia,NA,Tartu,University Powerlifting Cup,Yes,2019
Ádám Veres,M,SBD,Raw,22.5,20-23,19-23,Open,65.6,66,202.5,-210,-210,NA,202.5,135,140,145,NA,145,210,225,-240,NA,225,572.5,2,450.6,451.78,439.13,89.53,Yes,Hungary,NA,IPF,IPF,2019-07-22,Estonia,NA,Tartu,University Powerlifting Cup,Yes,2019
Tuomas Puhakka,M,SBD,Raw,23.5,24-34,24-39,Open,104.7,105,210,230,237.5,NA,237.5,155,160,-162.5,NA,160,247.5,265,267.5,NA,267.5,665,6,401.52,397.77,379.83,82.21,Yes,Finland,NA,IPF,IPF,2019-07-22,Estonia,NA,Tartu,University Powerlifting Cup,Yes,2019
Viktoryia Bardouskaya,F,SBD,Raw,23.5,24-34,24-39,Open,68.36,72,155,162.5,167.5,NA,167.5,90,-95,95,NA,95,175,185,-192.5,NA,185,447.5,2,458.65,452.63,399.19,93.2,Yes,Belarus,NA,IPF,IPF,2019-07-22,Estonia,NA,Tartu,University Powerlifting Cup,Yes,2019
Daria Ławniczak,F,SBD,Raw,24,24-34,24-39,Open,80.81,84,-125,125,135,NA,135,92.5,97.5,-100,NA,97.5,150,160,-167.5,NA,160,392.5,4,367.99,357.15,313.04,75.3,Yes,Poland,NA,IPF,IPF,2019-07-22,Estonia,NA,Tartu,University Powerlifting Cup,Yes,2019
Daniel Ordean,M,SBD,Raw,24,24-34,24-39,Open,142.76,120+,230,245,252.5,NA,252.5,157.5,165,-172.5,NA,165,230,245,-252.5,NA,245,662.5,2,361.09,369.15,350.35,71.66,Yes,Romania,NA,IPF,IPF,2019-07-22,Estonia,NA,Tartu,University Powerlifting Cup,Yes,2019
Victoria Pollastri,F,SBD,Raw,25,24-34,24-39,Open,56.92,57,120,-127.5,-130,NA,120,70,75,-77.5,NA,75,140,145,-152.5,NA,145,340,8,389.89,394.97,349.25,79.84,Yes,France,NA,IPF,IPF,2019-07-22,Estonia,NA,Tartu,University Powerlifting Cup,Yes,2019
Matic Hren,M,SBD,Raw,24.5,24-34,24-39,Open,116.04,120,242.5,-255,255,NA,255,167.5,175,180,NA,180,267.5,287.5,295,NA,295,730,2,424.06,423.16,405.19,86.12,Yes,Slovenia,NA,IPF,IPF,2019-07-22,Estonia,NA,Tartu,University Powerlifting Cup,Yes,2019
Nicolas Ame,M,SBD,Raw,20.5,20-23,19-23,Open,65.75,66,170,182.5,-185,NA,182.5,110,117.5,125,NA,125,180,187.5,-192.5,NA,187.5,495,8,388.94,389.89,378.93,77.32,Yes,France,NA,IPF,IPF,2019-07-22,Estonia,NA,Tartu,University Powerlifting Cup,Yes,2019
Daniel Ilczyszyn,M,SBD,Raw,24.5,24-34,24-39,Open,82.99,83,245,260,-265,NA,260,162.5,170,-175,NA,170,260,272.5,-277.5,NA,272.5,702.5,3,474.28,468.95,451.1,97.25,Yes,Poland,NA,IPF,IPF,2019-07-22,Estonia,NA,Tartu,University Powerlifting Cup,Yes,2019
Sergey Chizhikov,M,SBD,Raw,21.5,20-23,19-23,Open,65.49,66,215,225,227.5,NA,227.5,-122.5,-127.5,127.5,NA,127.5,210,220,230,NA,230,585,1,461.02,462.29,449.38,91.57,Yes,Russia,NA,IPF,IPF,2019-07-22,Estonia,NA,Tartu,University Powerlifting Cup,Yes,2019
Dávid Kulcsár,M,SBD,Raw,22.5,20-23,19-23,Open,99.21,105,260,280,-292.5,NA,280,195,205,-210,NA,205,300,315,325,NA,325,810,1,500.29,494.54,472.4,102.71,Yes,Hungary,NA,IPF,IPF,2019-07-22,Estonia,NA,Tartu,University Powerlifting Cup,Yes,2019
Jokūbas Stasiulis,M,SBD,Raw,23.5,24-34,24-39,Open,117.94,120,280,290,300,NA,300,195,205,210,NA,210,290,305,-320,NA,305,815,1,470.8,470.5,450.74,95.46,Yes,Lithuania,NA,IPF,IPF,2019-07-22,Estonia,NA,Tartu,University Powerlifting Cup,Yes,2019
Egor Rezepov,M,SBD,Raw,23.5,24-34,24-39,Open,153.09,120+,275,290,300,NA,300,165,175,185,NA,185,310,320,330,NA,330,815,1,435.89,449.64,424.23,85.84,Yes,Russia,NA,IPF,IPF,2019-07-22,Estonia,NA,Tartu,University Powerlifting Cup,Yes,2019
Ianthe van Belzen,F,SBD,Raw,24.5,24-34,24-39,Open,42.7,47,95,100,-102.5,NA,100,60,62.5,65,NA,65,110,115,120,NA,120,285,3,401.76,409.24,368.39,87.48,Yes,Netherlands,NA,IPF,IPF,2019-07-22,Estonia,NA,Tartu,University Powerlifting Cup,Yes,2019
Michal Martin,M,SBD,Raw,24,24-34,24-39,Open,104.08,105,215,227.5,232.5,NA,232.5,132.5,140,-145,NA,140,240,255,-265,NA,255,627.5,10,379.8,376.14,359.16,77.79,Yes,NA,NA,IPF,IPF,2019-07-22,Estonia,NA,Tartu,University Powerlifting Cup,Yes,2019
Robert Salvesen,M,SBD,Raw,20.5,20-23,19-23,Open,80.3,83,185,197.5,207.5,NA,207.5,117.5,125,-130,NA,125,220,235,245,NA,245,577.5,9,397.34,393.33,378.92,81.29,Yes,England,NA,IPF,IPF,2019-07-22,Estonia,NA,Tartu,University Powerlifting Cup,Yes,2019
Kristo Erte,M,SBD,Raw,20.5,20-23,19-23,Open,78.66,83,170,180,190,NA,190,140,147.5,-150,NA,147.5,200,-212.5,-212.5,NA,200,537.5,15,374.38,370.93,357.67,76.46,Yes,NA,NA,IPF,IPF,2019-07-22,Estonia,NA,Tartu,University Powerlifting Cup,Yes,2019
Siim Salin,M,SBD,Raw,23.5,24-34,24-39,Open,103.5,105,255,265,275,NA,275,165,172.5,175,NA,175,-290,310,-325,NA,310,NA,DD,NA,NA,NA,NA,Yes,Estonia,NA,IPF,IPF,2019-07-22,Estonia,NA,Tartu,University Powerlifting Cup,Yes,2019
Helena Veelmaa,F,SBD,Raw,23.5,24-34,24-39,Open,71.04,72,150,160,165,NA,165,85,90,92.5,NA,92.5,155,170,-177.5,NA,170,427.5,3,428.77,421.03,371,87.18,Yes,Estonia,NA,IPF,IPF,2019-07-22,Estonia,NA,Tartu,University Powerlifting Cup,Yes,2019
Liisa Peri,F,SBD,Raw,23.5,24-34,24-39,Open,51.1,52,-90,-90,90,NA,90,45,50,57.5,NA,57.5,105,115,117.5,NA,117.5,265,7,326.97,334.83,297.01,67.94,Yes,Estonia,NA,IPF,IPF,2019-07-22,Estonia,NA,Tartu,University Powerlifting Cup,Yes,2019
Kert Pääbo,M,SBD,Raw,22.5,20-23,19-23,Open,89.11,93,225,235,-240,NA,235,130,137.5,-142.5,NA,137.5,240,257.5,-267.5,NA,257.5,630,13,409.42,404.25,387.6,84.17,Yes,NA,NA,IPF,IPF,2019-07-22,Estonia,NA,Tartu,University Powerlifting Cup,Yes,2019
Agris Reppo,M,SBD,Raw,22.5,20-23,19-23,Open,92.13,93,-200,200,-215,NA,200,145,-155,-155,NA,145,250,-270,NA,NA,250,595,22,380.3,375.46,359.49,78.2,Yes,Estonia,NA,IPF,IPF,2019-07-22,Estonia,NA,Tartu,University Powerlifting Cup,Yes,2019
Katri Karindi,F,SBD,Raw,22.5,20-23,19-23,Open,62.39,63,100,110,115,NA,115,47.5,-52.5,-52.5,NA,47.5,120,130,137.5,NA,137.5,300,11,324.58,324.58,286.64,66.05,Yes,Estonia,NA,IPF,IPF,2019-07-22,Estonia,NA,Tartu,University Powerlifting Cup,Yes,2019
Anna Pilská,F,SBD,Raw,19.5,20-23,19-23,Open,56.94,57,105,-110,-110,NA,105,62.5,-65,-65,NA,62.5,105,110,-112.5,NA,110,277.5,20,318.15,322.28,284.97,65.14,Yes,NA,NA,IPF,IPF,2019-07-22,Estonia,NA,Tartu,University Powerlifting Cup,Yes,2019
Miroslav Krýcha,M,SBD,Raw,21.5,20-23,19-23,Open,90.93,93,175,182.5,-185,NA,182.5,95,100,-105,NA,100,170,180,190,NA,190,472.5,27,303.95,300.09,287.48,62.5,Yes,NA,NA,IPF,IPF,2019-07-22,Estonia,NA,Tartu,University Powerlifting Cup,Yes,2019
Aleš Garčic,M,SBD,Raw,22.5,20-23,19-23,Open,93.18,105,162.5,-172.5,172.5,NA,172.5,90,95,-100,NA,95,210,-220,-220,NA,210,477.5,19,303.53,299.69,286.81,62.41,Yes,NA,NA,IPF,IPF,2019-07-22,Estonia,NA,Tartu,University Powerlifting Cup,Yes,2019
Michaela Kubáňová,F,SBD,Raw,22.5,20-23,19-23,Open,61.81,63,105,-110,-112.5,NA,105,55,57.5,-60,NA,57.5,110,115,-127.5,NA,115,277.5,13,301.97,302.38,267.07,61.47,Yes,Czechia,NA,IPF,IPF,2019-07-22,Estonia,NA,Tartu,University Powerlifting Cup,Yes,2019
Klára Zmeškalová,F,SBD,Raw,21.5,20-23,19-23,Open,69.83,72,147.5,155,160,NA,160,72.5,75,77.5,NA,77.5,170,182.5,-190,NA,182.5,420,5,425.31,418.54,368.96,86.44,Yes,Czechia,NA,IPF,IPF,2019-07-22,Estonia,NA,Tartu,University Powerlifting Cup,Yes,2019
Michaela Filová,F,SBD,Raw,19.5,20-23,19-23,Open,56.27,57,107.5,112.5,-115,NA,112.5,55,60,-62.5,NA,60,110,115,120,NA,120,292.5,14,337.97,342.86,303.25,69.28,Yes,Czechia,NA,IPF,IPF,2019-07-22,Estonia,NA,Tartu,University Powerlifting Cup,Yes,2019
Jiří Váchal,M,SBD,Raw,24.5,24-34,24-39,Open,91.86,93,235,247.5,-252.5,NA,247.5,142.5,150,152.5,NA,152.5,270,290,-295,NA,290,690,5,441.65,436.03,417.53,90.81,Yes,Czechia,NA,IPF,IPF,2019-07-22,Estonia,NA,Tartu,University Powerlifting Cup,Yes,2019
Martin Ürban,M,SBD,Raw,23.5,24-34,24-39,Open,92.01,93,-235,240,-250,NA,240,145,152.5,-155,NA,152.5,257.5,-267.5,-267.5,NA,257.5,650,9,415.71,410.43,392.99,85.48,Yes,Czechia,NA,IPF,IPF,2019-07-22,Estonia,NA,Tartu,University Powerlifting Cup,Yes,2019
Ryan Ho,M,SBD,Raw,24.5,24-34,24-39,Open,90.46,93,187.5,200,207.5,NA,207.5,105,112.5,-120,NA,112.5,212.5,227.5,-232.5,NA,227.5,547.5,26,353.11,348.62,334.04,72.6,Yes,Canada,NA,IPF,IPF,2019-07-22,Estonia,NA,Tartu,University Powerlifting Cup,Yes,2019
Joseph Crilly,M,SBD,Raw,24,24-34,24-39,Open,93.15,105,190,200,210,NA,210,120,125,130,NA,130,-250,260,272.5,NA,272.5,612.5,15,389.4,384.47,367.96,80.07,Yes,Scotland,NA,IPF,IPF,2019-07-22,Estonia,NA,Tartu,University Powerlifting Cup,Yes,2019
Rebecca Stace,F,SBD,Raw,25,24-34,24-39,Open,68.12,72,135,142.5,147.5,NA,147.5,72.5,77.5,80,NA,80,162.5,172.5,-182.5,NA,172.5,400,8,410.79,405.59,357.73,83.47,Yes,Scotland,NA,IPF,IPF,2019-07-22,Estonia,NA,Tartu,University Powerlifting Cup,Yes,2019
Hamish Ballantyne,M,SBD,Raw,21,20-23,19-23,Open,63.3,66,165,175,180,NA,180,120,125,127.5,NA,127.5,195,205,215,NA,215,522.5,7,422.57,424.95,413.78,83.27,Yes,Scotland,NA,IPF,IPF,2019-07-22,Estonia,NA,Tartu,University Powerlifting Cup,Yes,2019
Aimee Jarvie,F,SBD,Raw,19.5,20-23,19-23,Open,55.72,57,110,115,-120,NA,115,52.5,-55,55,NA,55,130,137.5,140,NA,140,310,12,360.52,366.18,323.94,73.99,Yes,Scotland,NA,IPF,IPF,2019-07-22,Estonia,NA,Tartu,University Powerlifting Cup,Yes,2019
Drummond McCulloch,M,SBD,Raw,23,20-23,19-23,Open,92.91,93,215,225,-232.5,NA,225,152.5,160,165,NA,165,225,240,250,NA,250,640,11,407.39,402.23,384.99,83.77,Yes,Scotland,NA,IPF,IPF,2019-07-22,Estonia,NA,Tartu,University Powerlifting Cup,Yes,2019
Rachel Mawer,F,SBD,Raw,21,20-23,19-23,Open,56.75,57,120,-125,125,NA,125,70,75,-80,NA,75,145,-152.5,152.5,NA,152.5,352.5,5,405.02,410.45,362.96,82.96,Yes,Scotland,NA,IPF,IPF,2019-07-22,Estonia,NA,Tartu,University Powerlifting Cup,Yes,2019
Jane Ambler,F,SBD,Raw,18.5,18-19,19-23,Open,72.76,84,77.5,85,90,NA,90,57.5,62.5,-67.5,NA,62.5,100,107.5,-115,NA,107.5,260,13,257.38,252.02,221.92,52.37,Yes,NA,NA,IPF,IPF,2019-07-22,Estonia,NA,Tartu,University Powerlifting Cup,Yes,2019
Amy McCarthy,F,SBD,Raw,23.5,24-34,24-39,Open,81.39,84,110,117.5,125,NA,125,62.5,67.5,72.5,NA,72.5,120,130,140,NA,140,337.5,12,315.32,305.92,268.02,64.55,Yes,England,NA,IPF,IPF,2019-07-22,Estonia,NA,Tartu,University Powerlifting Cup,Yes,2019
Camille Willhite,F,SBD,Raw,19.5,20-23,19-23,Open,70.96,72,102.5,107.5,112.5,NA,112.5,52.5,57.5,-60,NA,57.5,105,112.5,117.5,NA,117.5,287.5,23,288.54,283.37,249.7,58.66,Yes,England,NA,IPF,IPF,2019-07-22,Estonia,NA,Tartu,University Powerlifting Cup,Yes,2019
Augusta Clayton,F,SBD,Raw,19.5,20-23,19-23,Open,62.81,63,97.5,105,-112.5,NA,105,50,55,-57.5,NA,55,97.5,105,110,NA,110,270,15,290.92,290.63,256.64,59.19,Yes,NA,NA,IPF,IPF,2019-07-22,Estonia,NA,Tartu,University Powerlifting Cup,Yes,2019
Emma Richardson,F,SBD,Raw,20.5,20-23,19-23,Open,66.25,72,105,112.5,115,NA,115,52.5,-57.5,-57.5,NA,52.5,135,-142.5,142.5,NA,142.5,310,22,323.54,320.7,282.99,65.74,Yes,NA,NA,IPF,IPF,2019-07-22,Estonia,NA,Tartu,University Powerlifting Cup,Yes,2019
Beatrice Fishwick,F,SBD,Raw,18.5,18-19,19-23,Open,63.76,72,115,125,132.5,NA,132.5,75,80,82.5,NA,82.5,127.5,142.5,155,NA,155,370,11,395.06,393.79,347.67,80.33,Yes,England,NA,IPF,IPF,2019-07-22,Estonia,NA,Tartu,University Powerlifting Cup,Yes,2019
Safiya Chiappa-Forrester,F,SBD,Raw,20.5,20-23,19-23,Open,69.22,72,-142.5,142.5,147.5,NA,147.5,70,75,77.5,NA,77.5,140,150,155,NA,155,380,9,386.71,380.99,335.92,78.59,Yes,NA,NA,IPF,IPF,2019-07-22,Estonia,NA,Tartu,University Powerlifting Cup,Yes,2019
Nicole Ola,F,SBD,Raw,19.5,20-23,19-23,Open,66.99,72,127.5,-135,135,NA,135,75,80,-85,NA,80,142.5,147.5,152.5,NA,152.5,367.5,12,381.07,377.13,332.73,77.43,Yes,England,NA,IPF,IPF,2019-07-22,Estonia,NA,Tartu,University Powerlifting Cup,Yes,2019
Jessica Rigley,F,SBD,Raw,22.5,20-23,19-23,Open,64.09,72,72.5,80,85,NA,85,52.5,55,57.5,NA,57.5,102.5,110,117.5,NA,117.5,260,25,276.75,275.65,243.35,56.27,Yes,England,NA,IPF,IPF,2019-07-22,Estonia,NA,Tartu,University Powerlifting Cup,Yes,2019
Abigail England,F,SBD,Raw,20.5,20-23,19-23,Open,57.46,63,87.5,95,100,NA,100,50,55,60,NA,60,100,107.5,112.5,NA,112.5,272.5,14,310.57,314.22,277.81,63.54,Yes,NA,NA,IPF,IPF,2019-07-22,Estonia,NA,Tartu,University Powerlifting Cup,Yes,2019
Amy Whittaker,F,SBD,Raw,21.5,20-23,19-23,Open,57.97,63,90,97.5,-102.5,NA,97.5,45,50,55,NA,55,95,105,-107.5,NA,105,257.5,17,291.8,294.88,260.67,59.65,Yes,England,NA,IPF,IPF,2019-07-22,Estonia,NA,Tartu,University Powerlifting Cup,Yes,2019
Sophie Smith #1,F,SBD,Raw,19.5,20-23,19-23,Open,61.73,63,105,112.5,-120,NA,112.5,70,75,-77.5,NA,75,142.5,152.5,157.5,NA,157.5,345,7,375.72,376.3,332.37,76.49,Yes,England,NA,IPF,IPF,2019-07-22,Estonia,NA,Tartu,University Powerlifting Cup,Yes,2019
Emily Fellingham,F,SBD,Raw,19.5,20-23,19-23,Open,55.94,57,82.5,87.5,-92.5,NA,87.5,45,50,52.5,NA,52.5,87.5,95,100,NA,100,240,25,278.39,282.62,250,57.11,Yes,England,NA,IPF,IPF,2019-07-22,Estonia,NA,Tartu,University Powerlifting Cup,Yes,2019
Samin Moghimiasl,F,SBD,Raw,21.5,20-23,19-23,Open,56.07,57,95,102.5,-105,NA,102.5,40,45,47.5,NA,47.5,100,110,117.5,NA,117.5,267.5,23,309.81,314.43,278.12,63.53,Yes,England,NA,IPF,IPF,2019-07-22,Estonia,NA,Tartu,University Powerlifting Cup,Yes,2019
Saffron Blacker,F,SBD,Raw,19.5,20-23,19-23,Open,55.15,57,80,85,-90,NA,85,57.5,62.5,65,NA,65,115,122.5,125,NA,125,275,21,322.02,327.47,289.76,66.16,Yes,NA,NA,IPF,IPF,2019-07-22,Estonia,NA,Tartu,University Powerlifting Cup,Yes,2019
Olivia Shiels,F,SBD,Raw,20.5,20-23,19-23,Open,50.73,52,35,40,-45,NA,40,27.5,30,-32.5,NA,30,55,60,67.5,NA,67.5,137.5,12,170.53,174.7,155.02,35.48,Yes,NA,NA,IPF,IPF,2019-07-22,Estonia,NA,Tartu,University Powerlifting Cup,Yes,2019
Francesca Broad,F,SBD,Raw,20.5,20-23,19-23,Open,49.18,52,62.5,67.5,70,NA,70,42.5,-47.5,-47.5,NA,42.5,85,92.5,NA,NA,92.5,205,10,259.93,266.65,236.99,54.41,Yes,NA,NA,IPF,IPF,2019-07-22,Estonia,NA,Tartu,University Powerlifting Cup,Yes,2019
Jessica May #1,F,SBD,Raw,21.5,20-23,19-23,Open,51.57,52,90,95,100,NA,100,47.5,-50,50,NA,50,97.5,100,-102.5,NA,100,250,8,306.49,313.66,278.12,63.58,Yes,NA,NA,IPF,IPF,2019-07-22,Estonia,NA,Tartu,University Powerlifting Cup,Yes,2019
Tamsin Gamble,F,SBD,Raw,22,20-23,19-23,Open,45.76,47,72.5,77.5,82.5,NA,82.5,37.5,42.5,45,NA,45,87.5,95,100,NA,100,227.5,6,304.15,311.84,278.61,64.79,Yes,England,NA,IPF,IPF,2019-07-22,Estonia,NA,Tartu,University Powerlifting Cup,Yes,2019
Gigi Nicolson,F,SBD,Raw,19.5,20-23,19-23,Open,46.38,47,65,70,75,NA,75,40,45,47.5,NA,47.5,107.5,115,-122.5,NA,115,237.5,5,314.34,322.47,287.76,66.72,Yes,England,NA,IPF,IPF,2019-07-22,Estonia,NA,Tartu,University Powerlifting Cup,Yes,2019
Gabriel Kassayie,M,SBD,Raw,21.5,20-23,19-23,Open,101.48,105,195,205,215,NA,215,115,125,-135,NA,125,217.5,230,237.5,NA,237.5,577.5,17,353.23,349.44,333.69,72.45,Yes,England,NA,IPF,IPF,2019-07-22,Estonia,NA,Tartu,University Powerlifting Cup,Yes,2019
Alexander Larionov,M,SBD,Raw,21.5,20-23,19-23,Open,88.5,93,175,180,190,NA,190,135,142.5,150,NA,150,215,232.5,242.5,NA,242.5,582.5,23,379.88,375.11,359.77,78.09,Yes,England,NA,IPF,IPF,2019-07-22,Estonia,NA,Tartu,University Powerlifting Cup,Yes,2019
Callum Weir,M,SBD,Raw,19,18-19,19-23,Open,97.81,105,-245,-245,245,NA,245,105,112.5,-117.5,NA,112.5,247.5,257.5,262.5,NA,262.5,620,12,385.36,380.77,363.85,79.16,Yes,England,NA,IPF,IPF,2019-07-22,Estonia,NA,Tartu,University Powerlifting Cup,Yes,2019
Gary He,M,SBD,Raw,24.5,24-34,24-39,Open,87.76,93,200,-210,-210,NA,200,150,-155,-155,NA,150,230,250,265,NA,265,615,18,402.83,397.81,381.69,82.79,Yes,NA,NA,IPF,IPF,2019-07-22,Estonia,NA,Tartu,University Powerlifting Cup,Yes,2019
Charlie Clements,M,SBD,Raw,20.5,20-23,19-23,Open,91.28,93,235,242.5,250,NA,250,120,125,-127.5,NA,125,265,272.5,-280,NA,272.5,647.5,10,415.74,410.45,393.13,85.48,Yes,England,NA,IPF,IPF,2019-07-22,Estonia,NA,Tartu,University Powerlifting Cup,Yes,2019
Adam Madelin,M,SBD,Raw,20.5,20-23,19-23,Open,81.6,83,190,200,-207.5,NA,200,135,-140,140,NA,140,230,-240,-240,NA,230,570,11,388.54,384.39,370.04,79.59,Yes,England,NA,IPF,IPF,2019-07-22,Estonia,NA,Tartu,University Powerlifting Cup,Yes,2019
Dean Patient,M,SBD,Raw,23.5,24-34,24-39,Open,86.38,93,-202.5,202.5,212.5,NA,212.5,137.5,145,-147.5,NA,145,225,237.5,242.5,NA,242.5,600,21,396.3,391.46,375.87,81.41,Yes,England,NA,IPF,IPF,2019-07-22,Estonia,NA,Tartu,University Powerlifting Cup,Yes,2019
Mahin Zafar,M,SBD,Raw,20,20-23,19-23,Open,86.61,93,210,220,225,NA,225,125,132.5,-137.5,NA,132.5,235,247.5,257.5,NA,257.5,615,17,405.63,400.66,384.66,83.33,Yes,England,NA,IPF,IPF,2019-07-22,Estonia,NA,Tartu,University Powerlifting Cup,Yes,2019
Jack Tosh,M,SBD,Raw,19,18-19,19-23,Open,109.82,120,215,227.5,235,NA,235,135,142.5,150,NA,150,220,235,245,NA,245,630,6,373.36,370.94,354.51,76.19,Yes,NA,NA,IPF,IPF,2019-07-22,Estonia,NA,Tartu,University Powerlifting Cup,Yes,2019
Elise White,F,SBD,Raw,22,20-23,19-23,Open,79.45,84,120,130,135,NA,135,55,57.5,60,NA,60,147.5,160,167.5,NA,167.5,362.5,9,342.74,332.98,292.13,70.05,Yes,England,NA,IPF,IPF,2019-07-22,Estonia,NA,Tartu,University Powerlifting Cup,Yes,2019
Caitlin Berry #2,F,SBD,Raw,20.5,20-23,19-23,Open,64.61,72,112.5,120,125,NA,125,60,65,67.5,NA,67.5,125,132.5,140,NA,140,332.5,18,352.21,350.39,309.3,71.6,Yes,England,NA,IPF,IPF,2019-07-22,Estonia,NA,Tartu,University Powerlifting Cup,Yes,2019
Rianna Graham,F,SBD,Raw,24,24-34,24-39,Open,62.72,63,130,137.5,140,NA,140,77.5,82.5,-85,NA,82.5,140,-150,150,NA,150,372.5,4,401.72,401.4,354.46,81.73,Yes,NA,NA,IPF,IPF,2019-07-22,Estonia,NA,Tartu,University Powerlifting Cup,Yes,2019
Amy Viner,F,SBD,Raw,20,20-23,19-23,Open,56.56,57,130,135,137.5,NA,137.5,65,-70,-70,NA,65,170,180,182.5,NA,182.5,385,2,443.34,449.47,397.5,90.84,Yes,England,NA,IPF,IPF,2019-07-22,Estonia,NA,Tartu,University Powerlifting Cup,Yes,2019
Anisha Chopra,F,SBD,Raw,21.5,20-23,19-23,Open,56.15,57,-87.5,87.5,95,NA,95,45,50,-52.5,NA,50,105,115,-120,NA,115,260,24,300.84,305.28,270.01,61.69,Yes,England,NA,IPF,IPF,2019-07-22,Estonia,NA,Tartu,University Powerlifting Cup,Yes,2019
Isabelle Jaya-Wickrema,F,SBD,Raw,20.5,20-23,19-23,Open,54.53,57,97.5,102.5,107.5,NA,107.5,62.5,-67.5,-67.5,NA,62.5,107.5,115,120,NA,120,290,15,342.17,348.4,308.36,70.4,Yes,England,NA,IPF,IPF,2019-07-22,Estonia,NA,Tartu,University Powerlifting Cup,Yes,2019
Francesca Best,F,SBD,Raw,21.5,20-23,19-23,Open,56.19,57,97.5,105,-110,NA,105,57.5,-62.5,-62.5,NA,57.5,115,127.5,-135,NA,127.5,290,16,335.39,340.31,301,68.77,Yes,NA,NA,IPF,IPF,2019-07-22,Estonia,NA,Tartu,University Powerlifting Cup,Yes,2019
Isabelle Lam,F,SBD,Raw,21.5,20-23,19-23,Open,56.17,57,127.5,135,-137.5,NA,135,62.5,-67.5,-67.5,NA,62.5,140,-150,-150,NA,140,337.5,9,390.42,396.16,350.4,80.05,Yes,England,NA,IPF,IPF,2019-07-22,Estonia,NA,Tartu,University Powerlifting Cup,Yes,2019
Eleanor Bouttell,F,SBD,Raw,22.5,20-23,19-23,Open,62.95,63,130,137.5,-142.5,NA,137.5,-62.5,62.5,-70,NA,62.5,135,142.5,150,NA,150,350,6,376.61,376.11,332.12,76.61,Yes,Scotland,NA,IPF,IPF,2019-07-22,Estonia,NA,Tartu,University Powerlifting Cup,Yes,2019
Tal Rosenbaum,F,SBD,Raw,21.5,20-23,19-23,Open,48.58,52,85,90,-95,NA,90,57.5,60,-62.5,NA,60,110,122.5,-127.5,NA,122.5,272.5,6,348.59,357.71,318.15,73.16,Yes,England,NA,IPF,IPF,2019-07-22,Estonia,NA,Tartu,University Powerlifting Cup,Yes,2019
Noor Mubarak,F,SBD,Raw,21.5,20-23,19-23,Open,51.4,52,70,72.5,75,NA,75,30,32.5,35,NA,35,80,87.5,92.5,NA,92.5,202.5,11,248.83,254.71,225.88,51.65,Yes,NA,NA,IPF,IPF,2019-07-22,Estonia,NA,Tartu,University Powerlifting Cup,Yes,2019
Jack Tulloch,M,SBD,Raw,22,20-23,19-23,Open,93.14,105,200,210,212.5,NA,212.5,135,140,142.5,NA,142.5,225,237.5,-242.5,NA,237.5,592.5,16,376.71,371.94,355.96,77.45,Yes,UK,NA,IPF,IPF,2019-07-22,Estonia,NA,Tartu,University Powerlifting Cup,Yes,2019
Jack Lungu,M,SBD,Raw,19.5,20-23,19-23,Open,93.36,105,227.5,240,245,NA,245,135,-140,-140,NA,135,252.5,265,-280,NA,265,645,9,409.62,404.44,387.04,84.22,Yes,UK,NA,IPF,IPF,2019-07-22,Estonia,NA,Tartu,University Powerlifting Cup,Yes,2019
Ibrahim Dridi,M,SBD,Raw,19.5,20-23,19-23,Open,81.5,83,187.5,200,-205,NA,200,110,117.5,122.5,NA,122.5,232.5,245,NA,NA,245,567.5,12,387.11,382.99,368.71,79.29,Yes,England,NA,IPF,IPF,2019-07-22,Estonia,NA,Tartu,University Powerlifting Cup,Yes,2019
Daniel Clarke #1,M,SBD,Raw,22.5,20-23,19-23,Open,92.07,93,225,237.5,245,NA,245,145,152.5,155,NA,155,255,270,-275,NA,270,670,7,428.37,422.92,404.94,88.08,Yes,NA,NA,IPF,IPF,2019-07-22,Estonia,NA,Tartu,University Powerlifting Cup,Yes,2019
Henry Trunley,M,SBD,Raw,22.5,20-23,19-23,Open,90.36,93,192.5,205,215,NA,215,145,152.5,160,NA,160,230,245,260,NA,260,635,12,409.77,404.56,387.67,84.25,Yes,UK,NA,IPF,IPF,2019-07-22,Estonia,NA,Tartu,University Powerlifting Cup,Yes,2019
Angus Coyne-Grell,M,SBD,Raw,21.5,20-23,19-23,Open,73.81,74,175,190,200,NA,200,117.5,125,130,NA,130,220,237.5,-250,NA,237.5,567.5,8,411.36,408.96,395.42,83.43,Yes,England,NA,IPF,IPF,2019-07-22,Estonia,NA,Tartu,University Powerlifting Cup,Yes,2019
Raghul Parthipan,M,SBD,Raw,21.5,20-23,19-23,Open,73.86,74,195,205,215,NA,215,135,142.5,-147.5,NA,142.5,205,222.5,-235,NA,222.5,580,6,420.24,417.76,403.92,85.23,Yes,England,NA,IPF,IPF,2019-07-22,Estonia,NA,Tartu,University Powerlifting Cup,Yes,2019
Remi Rufus-Toye,M,SBD,Raw,20.5,20-23,19-23,Open,64.92,66,180,-192.5,192.5,NA,192.5,122.5,130,-132.5,NA,130,222.5,235,242.5,NA,242.5,565,3,448.19,449.75,437.38,88.85,Yes,England,NA,IPF,IPF,2019-07-22,Estonia,NA,Tartu,University Powerlifting Cup,Yes,2019
Jack Dunkley,M,SBD,Raw,23.5,24-34,24-39,Open,114.96,120,235,250,-260,NA,250,165,175,177.5,NA,177.5,265,285,-295,NA,285,712.5,4,415.26,414.04,396.32,84.41,Yes,England,NA,IPF,IPF,2019-07-22,Estonia,NA,Tartu,University Powerlifting Cup,Yes,2019
Vikram Thakur,M,SBD,Raw,21.5,20-23,19-23,Open,99.08,105,217.5,227.5,235,NA,235,135,142.5,145,NA,145,242.5,260,275,NA,275,655,8,404.79,400.12,382.22,83.11,Yes,England,NA,IPF,IPF,2019-07-22,Estonia,NA,Tartu,University Powerlifting Cup,Yes,2019
Edward Stace,M,SBD,Raw,22,20-23,19-23,Open,81.55,83,220,-235,NA,NA,220,150,160,-167.5,NA,160,100,NA,NA,NA,100,480,16,327.3,323.82,311.74,67.04,Yes,Scotland,NA,IPF,IPF,2019-07-22,Estonia,NA,Tartu,University Powerlifting Cup,Yes,2019
Robin Bermudez,M,SBD,Raw,23.5,24-34,24-39,Open,57.55,59,160,170,175,NA,175,100,-105,105,NA,105,187.5,202.5,-210,NA,202.5,482.5,1,421.74,427.82,418.78,80.91,Yes,England,NA,IPF,IPF,2019-07-22,Estonia,NA,Tartu,University Powerlifting Cup,Yes,2019
Dan O'Leary,M,SBD,Raw,22.5,20-23,19-23,Open,108.25,120,245,257.5,265,NA,265,162.5,170,175,NA,175,265,280,-282.5,NA,280,720,3,429.04,425.85,406.84,87.65,Yes,England,NA,IPF,IPF,2019-07-22,Estonia,NA,Tartu,University Powerlifting Cup,Yes,2019
Kyle Renwick,M,SBD,Raw,23,20-23,24-39,Open,103.92,105,230,245,255,NA,255,147.5,155,160,NA,160,260,285,-297.5,NA,285,700,3,423.94,419.83,400.88,86.84,Yes,England,NA,IPF,IPF,2019-07-22,Estonia,NA,Tartu,University Powerlifting Cup,Yes,2019
Niamh Walshe,F,SBD,Raw,23.5,24-34,24-39,Open,63.15,72,-102.5,-102.5,102.5,NA,102.5,57.5,60,-62.5,NA,60,105,-110,-110,NA,105,267.5,24,287.28,286.77,253.21,58.44,Yes,England,NA,IPF,IPF,2019-07-22,Estonia,NA,Tartu,University Powerlifting Cup,Yes,2019
Isobel Davis,F,SBD,Raw,21.5,20-23,19-23,Open,61.19,63,-107.5,107.5,-115,NA,107.5,62.5,65,-67.5,NA,65,137.5,142.5,-147.5,NA,142.5,315,10,344.92,345.91,305.55,70.25,Yes,England,NA,IPF,IPF,2019-07-22,Estonia,NA,Tartu,University Powerlifting Cup,Yes,2019
Lucy Hart,F,SBD,Raw,24,24-34,24-39,Open,60.61,63,117.5,125,-130,NA,125,57.5,-62.5,-62.5,NA,57.5,135,145,152.5,NA,152.5,335,8,369.01,370.58,327.38,75.2,Yes,England,NA,IPF,IPF,2019-07-22,Estonia,NA,Tartu,University Powerlifting Cup,Yes,2019
Victoria Hammond #1,F,SBD,Raw,23.5,24-34,24-39,Open,62.87,63,132.5,140,145,NA,145,70,-72.5,-72.5,NA,70,162.5,172.5,-175,NA,172.5,387.5,3,417.29,416.81,368.06,84.89,Yes,England,NA,IPF,IPF,2019-07-22,Estonia,NA,Tartu,University Powerlifting Cup,Yes,2019
Sarah Barron,F,SBD,Raw,24.5,24-34,24-39,Open,56.27,57,92.5,100,-105,NA,100,55,-60,-60,NA,55,105,112.5,117.5,NA,117.5,272.5,22,314.86,319.42,282.51,64.55,Yes,England,NA,IPF,IPF,2019-07-22,Estonia,NA,Tartu,University Powerlifting Cup,Yes,2019
Alice Francis-Freeman,F,SBD,Raw,19.5,20-23,19-23,Open,70.75,72,160,167.5,172.5,NA,172.5,102.5,107.5,-110,NA,107.5,165,175,-180,NA,175,455,1,457.39,449.36,396.01,92.99,Yes,Scotland,NA,IPF,IPF,2019-07-22,Estonia,NA,Tartu,University Powerlifting Cup,Yes,2019
Suzanne Goulder,F,SBD,Raw,23,20-23,19-23,Open,72.37,84,-130,130,140,NA,140,77.5,-82.5,-82.5,NA,77.5,155,165,-170,NA,165,382.5,7,379.75,372.07,327.69,77.25,Yes,England,NA,IPF,IPF,2019-07-22,Estonia,NA,Tartu,University Powerlifting Cup,Yes,2019
Klaudijus Malevskis,M,SBD,Raw,22.5,20-23,19-23,Open,91.19,93,190,200,205,NA,205,170,177.5,-180,NA,177.5,210,222.5,-227.5,NA,222.5,605,20,388.64,383.69,367.52,79.91,Yes,Lithuania,NA,IPF,IPF,2019-07-22,Estonia,NA,Tartu,University Powerlifting Cup,Yes,2019
Hamza Bham,M,SBD,Raw,21.5,20-23,19-23,Open,81.42,83,205,212.5,217.5,NA,217.5,142.5,147.5,-150,NA,147.5,235,242.5,250,NA,250,615,7,419.74,415.29,399.83,85.96,Yes,England,NA,IPF,IPF,2019-07-22,Estonia,NA,Tartu,University Powerlifting Cup,Yes,2019
Wong Kang Wei Isaac,M,SBD,Raw,22.5,20-23,19-23,Open,64.91,66,152.5,160,167.5,NA,167.5,115,122.5,127.5,NA,127.5,170,177.5,-182.5,NA,177.5,472.5,9,374.86,376.17,365.82,74.31,Yes,Singapore,NA,IPF,IPF,2019-07-22,Estonia,NA,Tartu,University Powerlifting Cup,Yes,2019
Hud Syafiq Herman,M,SBD,Raw,23,20-23,19-23,Open,82.71,83,195,205,215,NA,215,145,155,160,NA,160,-240,-240,242.5,NA,242.5,617.5,6,417.69,413.04,397.38,85.63,Yes,NA,NA,IPF,IPF,2019-07-22,Estonia,NA,Tartu,University Powerlifting Cup,Yes,2019
Ming Lau,M,SBD,Raw,21,20-23,19-23,Open,104.19,105,230,245,-257.5,NA,245,140,150,157.5,NA,157.5,240,260,275,NA,275,677.5,5,409.88,405.96,387.63,83.95,Yes,NA,NA,IPF,IPF,2019-07-22,Estonia,NA,Tartu,University Powerlifting Cup,Yes,2019
Ali Salah AlAmeri,M,SBD,Raw,18.5,18-19,19-23,Open,98.3,105,-170,180,-200,NA,180,150,155,-157.5,NA,155,-190,190,-200,NA,190,525,18,325.58,321.75,307.41,66.87,Yes,UAE,NA,IPF,IPF,2019-07-22,Estonia,NA,Tartu,University Powerlifting Cup,Yes,2019
Abhirami M. V,F,SBD,Raw,19,18-19,19-23,Open,81.93,84,160,170,-172.5,NA,170,70,-80,-85,NA,70,155,165,-170,NA,165,405,3,377.16,365.82,320.35,77.25,Yes,India,NA,IPF,IPF,2019-07-22,Estonia,NA,Tartu,University Powerlifting Cup,Yes,2019
Alina Choo,F,SBD,Raw,24.5,24-34,24-39,Open,62.23,63,120,-127.5,127.5,NA,127.5,77.5,82.5,-85,NA,82.5,152.5,160,-167.5,NA,160,370,5,400.95,401.09,354.23,81.6,Yes,NA,NA,IPF,IPF,2019-07-22,Estonia,NA,Tartu,University Powerlifting Cup,Yes,2019
Karen Ho,F,SBD,Raw,23.5,24-34,24-39,Open,56.88,57,95,102.5,107.5,NA,107.5,55,57.5,-60,NA,57.5,137.5,147.5,-150,NA,147.5,312.5,11,358.52,363.22,321.19,73.42,Yes,Australia,NA,IPF,IPF,2019-07-22,Estonia,NA,Tartu,University Powerlifting Cup,Yes,2019
Alex Waddell,M,SBD,Raw,21.5,20-23,19-23,Open,72.48,74,175,182.5,187.5,NA,187.5,110,117.5,120,NA,120,200,210,215,NA,215,522.5,9,383.3,381.5,369.16,77.54,Yes,USA,NA,IPF,IPF,2019-07-22,Estonia,NA,Tartu,University Powerlifting Cup,Yes,2019
Souleiman Turki,M,SBD,Raw,19,18-19,19-23,Open,73.77,74,215,225,232.5,NA,232.5,140,147.5,-152.5,NA,147.5,250,260,-267.5,NA,260,640,2,464.08,461.38,446.12,94.11,Yes,France,NA,IPF,IPF,2019-07-22,Estonia,NA,Tartu,University Powerlifting Cup,Yes,2019
Yesenia Martinez,F,SBD,Raw,19.5,20-23,19-23,Open,87.07,84+,-130,130,135,NA,135,62.5,65,72.5,NA,72.5,145,-152.5,-157.5,NA,145,352.5,7,318.97,309,269.38,65.67,Yes,USA,NA,IPF,IPF,2019-07-22,Estonia,NA,Tartu,University Powerlifting Cup,Yes,2019
Sara Cohen,F,SBD,Raw,24.5,24-34,24-39,Open,71.39,72,100,107.5,110,NA,110,70,72.5,-75,NA,72.5,142.5,150,160,NA,160,342.5,16,342.59,336.2,296.21,69.66,Yes,Uganda,NA,IPF,IPF,2019-07-22,Estonia,NA,Tartu,University Powerlifting Cup,Yes,2019
